# Log file saved by ToolLogPro
# Format: MM-DD HH:MM:SS.mmm PID TID LEVEL TAG: message (threadtime format)
# Total entries: 3220

04-23 16:15:58.573    950   1535 I sscrpcd:  vendor/qcom/proprietary/adsprpc/src/apps_std_imp.c:860: Successfully opened file /sys/class/power_supply/battery/current_now
04-23 16:15:57.966   1300   1300 W [bq27750]:  PMIC reported status NOT_CHARGING but no PSY is connected, converting into DISCHARGING
04-23 16:15:58.962  32208  32208 W [bq27750]:  PMIC reported status NOT_CHARGING but no PSY is connected, converting into DISCHARGING
04-23 16:15:58.973  32208  32208 W [bq27750]:  PMIC reported status NOT_CHARGING but no PSY is connected, converting into DISCHARGING
04-23 16:15:58.983   1300   1300 W [bq27750]:  PMIC reported status NOT_CHARGING but no PSY is connected, converting into DISCHARGING
04-23 16:15:58.987   1300   1300 W healthd:  battery l=80 v=4024 t=27.2 h=2 st=3 c=-76000 fc=3125000 chg=
04-23 16:15:59.063   1619   1619 I CNSS:  /sys/wifi/dump_in_progress file read permission doesn't exist
04-23 16:15:59.064   1619   1619 I CNSS:  /sys/wifi/max_chipset_log_size doesn't exist
04-23 16:15:59.280   1318   8175 E sensors-hal:  handle_sns_client_event:79, sar_event: ts=2647291269504, near_far_state=1.000000
04-23 16:15:59.280   1318   8175 E sensors-hal:  handle_sns_client_event:81, diff[0] = 389.000000, diff[1]=15.000000,diff[2] = 9.000000,diff[4] = 0.000000,diff[5] = 0.000000,
04-23 16:15:59.281   1318   8175 E sensors-hal:  handle_sns_client_event:83, date[6] = 9706.000000, offset[0]=597500.000000,offset[1] = 0.000000,offset[2] = 0.000000,offset[4] = -0.000000,
04-23 16:15:59.281   1318   8175 E sensors-hal:  handle_sns_client_event:85, ph0_cs4 = -0.000000, ph1_cs3=0.000000,ph2_cs0 = 0.000000,ph4_cs6 = 0.000000,
04-23 16:15:59.282   4942   4942 D WifiSarService:  [onSensorChanged] sar sensor value: 1.0
04-23 16:15:59.283   4942   4942 D WifiSarService:  [updateSarScenario] sar sensor available: true, sar sensor near: true, voice call ongoing: false, wifi hotspot enabled: false
04-23 16:15:59.283   4942   4942 D WifiSarService:  [updateSarScenario] set scenario: 1
04-23 16:15:58.991   1300   1300 W [bq27750]:  PMIC reported status NOT_CHARGING but no PSY is connected, converting into DISCHARGING
04-23 16:15:59.451  31550  31550 I sd 0:  0:0:0: [sda] Synchronizing SCSI cache
04-23 16:15:59.571    950   1535 I sscrpcd:  vendor/qcom/proprietary/adsprpc/src/apps_std_imp.c:860: Successfully opened file /sys/class/power_supply/battery/current_now
04-23 16:15:59.646      1      1 I init:  starting service 'fs_sync'...
04-23 16:15:59.667      1      1 I init:  ... started service 'fs_sync' has pid 32289
04-23 16:15:59.678  32289  32289 D fs_sync:  open dir error!
04-23 16:15:59.694      1      1 I init:  Service 'fs_sync' (pid 32289) exited with status 1
04-23 16:15:59.695      1      1 I init:  Sending signal 9 to service 'fs_sync' (pid 32289) process group...
04-23 16:15:59.695      1      1 I libprocessgroup:  Removed cgroup /sys/fs/cgroup/uid_0/pid_32289
04-23 16:15:59.695      1      1 E init:  process with updatable components 'fs_sync' exited 4 times in 4 minutes
04-23 16:15:59.698      1      1 I init:  processing action (sys.init.updatable_crashing=1) from (/system/etc/init/flags_health_check.rc:10)
04-23 16:15:59.698      1      1 I init:  starting service 'exec 482 (/system/bin/flags_health_check UPDATABLE_CRASHING)'...
04-23 16:15:59.705      1      1 I init:  ... started service 'exec 482 (/system/bin/flags_health_check UPDATABLE_CRASHING)' has pid 32290
04-23 16:15:59.705      1      1 I init:  SVC_EXEC service 'exec 482 (/system/bin/flags_health_check UPDATABLE_CRASHING)' pid 32290 (uid 1000 gid 1000+0 context default) started; waiting...
04-23 16:15:59.706  32290  32290 I flags_health_check:  ServerConfigurableFlagsReset reset_mode value: 1
04-23 16:15:59.706  32290  32290 I flags_health_check:  ServerConfigurableFlagsReset updatable crashing detected, resetting flags.
04-23 16:15:59.985  32208  32208 W [bq27750]:  PMIC reported status NOT_CHARGING but no PSY is connected, converting into DISCHARGING
04-23 16:15:59.993  32208  32208 W [bq27750]:  PMIC reported status NOT_CHARGING but no PSY is connected, converting into DISCHARGING
04-23 16:16:00.005   1300   1300 W [bq27750]:  PMIC reported status NOT_CHARGING but no PSY is connected, converting into DISCHARGING
04-23 16:16:00.009   1300   1300 W healthd:  battery l=80 v=4022 t=27.2 h=2 st=3 c=-120000 fc=3125000 chg=
04-23 16:16:00.573    950   1535 I sscrpcd:  vendor/qcom/proprietary/adsprpc/src/apps_std_imp.c:860: Successfully opened file /sys/class/power_supply/battery/current_now
04-23 16:16:00.014   1300   1300 W [bq27750]:  PMIC reported status NOT_CHARGING but no PSY is connected, converting into DISCHARGING
04-23 16:16:01.010  32208  32208 W [bq27750]:  PMIC reported status NOT_CHARGING but no PSY is connected, converting into DISCHARGING
04-23 16:16:01.018  32208  32208 W [bq27750]:  PMIC reported status NOT_CHARGING but no PSY is connected, converting into DISCHARGING
04-23 16:16:01.028   1300   1300 W [bq27750]:  PMIC reported status NOT_CHARGING but no PSY is connected, converting into DISCHARGING
04-23 16:16:01.031   1300   1300 W healthd:  battery l=80 v=4024 t=27.2 h=2 st=3 c=-68000 fc=3125000 chg=
04-23 16:16:01.038   1300   1300 W [bq27750]:  PMIC reported status NOT_CHARGING but no PSY is connected, converting into DISCHARGING
04-23 16:16:01.092  31449  31449 I dl-acc soc:  dl-acc: usbc_det_notify+
04-23 16:16:01.108  30133  30133 E OEM_GLINK_DBG:  oem_vbus_work: fjj VBUS state changed to 1
04-23 16:16:01.108  30133  30133 E dl_oem_glink soc:  qcom,pmic_glink:qcom,oem-glink: incorrect oem properties
04-23 16:16:01.133  30133  30133 I  :  [chg_profiles] Charging status transition 0 > 1
04-23 16:16:01.133  30133  30133 I  :  [chg_smart] Requested a reset of the smart state machine
04-23 16:16:01.133  30133  30133 I  :  [chg_smart] Pausing charge because SoC is higher than recharge threshold (80% > 75%)
04-23 16:16:01.133  30133  30133 I dl_glink:  Sending command glink: id 0, value 2
04-23 16:16:01.135  32115  32115 I  :  [chg_jeita] SW JEITA control disabled. Terminating
04-23 16:16:01.139  32291  32291 I  :  [chg_fuzzy] (1/30) batt_curr_ext=-68 - batt_temp_pmic=272 - batt_temp_ext=272
04-23 16:16:01.139  32291  32291 I  :  [chg_fuzzy] initial guess - temp_delta_avg=158 - new_charging_current=2112
04-23 16:16:01.139  32291  32291 I dl_glink:  Sending command glink: id 3, value 2112
04-23 16:16:01.139  32291  32291 I dl_glink:  Sending command glink: id 4, value 4192
04-23 16:16:01.140  32291  32291 I dl_glink:  Sending command glink: id 6, value 100
04-23 16:16:01.144  31449  31449 I dl-acc soc:  dl-acc: dlacc_detection_work_handler+
04-23 16:16:01.144  31449  31449 I dl-acc soc:  dl-acc: USB connection
04-23 16:16:01.144  31449  31449 I : dlacc_active_path gpio is: 3
04-23 16:16:01.144  31449  31449 I : dlacc_active_path gpio is: 4
04-23 16:16:01.144  31449  31449 I : dlacc_active_path gpio is: 0
04-23 16:16:01.155   1300   1300 W healthd:  battery l=80 v=4024 t=27.2 h=2 st=4 c=-68000 fc=3125000 chg=u
04-23 16:16:01.169   2096   2201 W BatteryExternalStatsWorker:  error reading modem stats:ERROR_PHONE_NOT_AVAILABLE
04-23 16:16:01.171   1285   1285 D vendor.qti.bluetooth@1.0-ibs_handler:  SerialClockVote: vote for UART CLK ON
04-23 16:16:01.175   1285   1285 D vendor.qti.bluetooth@1.0-wake_lock:  Acquire wakelock is acquired
04-23 16:16:01.175   1285   1285 I vendor.qti.bluetooth@1.0-ibs_handler:  DeviceWakeUp: Writing IBS_WAKE_IND
04-23 16:16:01.178   2096   3634 D WifiStaIfaceHidlImpl:  getCachedScanData is not implemented by HIDL
04-23 16:16:01.181   1285   4360 I vendor.qti.bluetooth@1.0-ibs_handler:  ProcessIbsCmd: Received IBS_WAKE_ACK: 0xFC
04-23 16:16:01.181   1285   4360 I vendor.qti.bluetooth@1.0-ibs_handler:  ProcessIbsCmd: Signal wack_cond_
04-23 16:16:01.181   1285   1285 D vendor.qti.bluetooth@1.0-ibs_handler:  DeviceWakeUp: Unblocked from waiting for FC, pthread_cond_timedwait ret = 0
04-23 16:16:01.182   1285   4360 I vendor.qti.bluetooth@1.0-ibs_handler:  ProcessIbsCmd: Received IBS_WAKE_IND: 0xFD
04-23 16:16:01.182   1285   4360 I vendor.qti.bluetooth@1.0-ibs_handler:  ProcessIbsCmd: Writing IBS_WAKE_ACK
04-23 16:16:01.182   4051   4250 W bluetooth:  system/gd/hci/hci_layer.cc:364 send_next_command: Start monitoring events!
04-23 16:16:01.184   4051   4250 W bluetooth:  system/gd/hci/hci_layer.cc:277 handle_command_response: Stop monitoring events!
04-23 16:16:01.197  32095  32095 I dl-acc soc:  dl-acc: dl_accessory_ucsi_notifier acc 0 role 0 partner_usb 1, partner_alternate_mode 0 partner_change 0 connect 1
04-23 16:16:01.197  32095  32095 I dl-acc soc:  dl-acc: dl_accessory_ucsi_notifier usb_cable_role = USB_ROLE_HOST
04-23 16:16:01.200  32095  32095 I dl-acc soc:  dl-acc: dl_accessory_ucsi_notifier acc 0 role 0 partner_usb 1, partner_alternate_mode 0 partner_change 0 connect 1
04-23 16:16:01.200  32095  32095 I dl-acc soc:  dl-acc: dl_accessory_ucsi_notifier usb_cable_role = USB_ROLE_HOST
04-23 16:16:01.186   1347   3759 I android.hardware.usb@1.2-service-qti:  uevent received add@/devices/platform/soc/soc:qcom,pmic_glink/soc:qcom,pmic_glink:qcom,ucsi/typec/port0/port0-partner
04-23 16:16:01.187   1347   3759 I android.hardware.usb@1.2-service-qti:  partner added
04-23 16:16:01.187   1347   3759 I android.hardware.usb@1.2-service-qti:  uevent recieved for same device default
04-23 16:16:01.190   1347   3759 I android.hardware.usb@1.2-service-qti:  port0
04-23 16:16:01.191   1347   3759 I android.hardware.usb@1.2-service-qti:  connected:1 canChangeMode:1 canChagedata:0 canChangePower:0
04-23 16:16:01.205   1300   1300 W healthd:  battery l=80 v=4024 t=27.2 h=2 st=4 c=-68000 fc=3125000 chg=u
04-23 16:16:01.193   2096   2382 I UsbPortManager:  ClientCallback V1_2: port0
04-23 16:16:01.195   2096   2178 I UsbPortManager:  USB port changed: port=UsbPort{id=port0, supportedModes=dual, audio_acc, supportedContaminantProtectionModes=5, supportsEnableContaminantPresenceProtection=false, supportsEnableContaminantPresenceDetection=false, supportsComplianceWarnings=false, status=UsbPortStatus{connected=true, currentMode=ufp, currentPowerRole=sink, currentDataRole=device, supportedRoleCombinations=[source:host, sink:device], contaminantDetectionStatus=2, contaminantProtectionStatus=1, usbDataStatus=unknown, isPowerTransferLimited=false, powerBrickConnectionStatus=unknown, complianceWarnings=[], plugState=0, displayPortAltModeInfo=null}, canChangeMode=true, canChangePowerRole=false, canChangeDataRole=false, connectedAtMillis=2649207, lastConnectDurationMillis=0
04-23 16:16:01.211   5148   5148 D DL-DatalogicPowerManagerService:  onReceive: android.intent.action.ACTION_POWER_CONNECTED
04-23 16:16:01.211   5148   5148 W DL-DatalogicPowerManagerService:  ConnectStatus: CONNECTED
04-23 16:16:01.213   5148   5148 D DL-DatalogicPowerManagerService:  updateDatalogicScreenTimeout - device is powered: true, battery present: true
04-23 16:16:01.213   5148   5148 D DL-DatalogicPowerManagerService:  DL_SCREEN_OFF_TIMEOUT = 60000
04-23 16:16:01.214    935   2008 E android.system.suspend-service:  Error opening kernel wakelock stats for: wakeup26 (../../devices/platform/soc/soc:dl-acc/wakeup/wakeup26): Permission denied
04-23 16:16:01.209    935    935 W binder: 935_4: type=1400 audit(0.0:3053): avc:  denied  { read } for  name="wakeup26" dev="sysfs" ino=88066 scontext=u:r:system_suspend:s0 tcontext=u:object_r:sysfs:s0 tclass=dir permissive=0
04-23 16:16:01.215   3819   4616 D PowerUI:  can't show warning due to - plugged: true status unknown: false
04-23 16:16:01.218    935   2008 E android.system.suspend-service:  Error opening kernel wakelock stats for: wakeup24 (../../devices/platform/soc/98c000.i2c/i2c-2/2-0061/wakeup/wakeup24): Permission denied
04-23 16:16:01.213    935    935 W binder: 935_4: type=1400 audit(0.0:3054): avc:  denied  { read } for  name="wakeup24" dev="sysfs" ino=86547 scontext=u:r:system_suspend:s0 tcontext=u:object_r:sysfs:s0 tclass=dir permissive=0
04-23 16:16:01.219    935   2008 E android.system.suspend-service:  Error opening kernel wakelock stats for: wakeup52 (../../devices/platform/soc/soc:charging_profile/wakeup/wakeup52): Permission denied
04-23 16:16:01.213    935    935 W binder: 935_4: type=1400 audit(0.0:3055): avc:  denied  { read } for  name="wakeup52" dev="sysfs" ino=110404 scontext=u:r:system_suspend:s0 tcontext=u:object_r:vendor_sysfs_battery_supply:s0 tclass=dir permissive=0
04-23 16:16:01.220   2096   2180 I EntropyMixer:  Updated seed file
04-23 16:16:01.223   1285   4360 I vendor.qti.bluetooth@1.0-ibs_handler:  ProcessIbsCmd: Received IBS_SLEEP_IND: 0xFE
04-23 16:16:01.224    935   2008 E android.system.suspend-service:  Error opening kernel wakelock stats for: wakeup22 (../../devices/platform/soc/soc:dlpsy/power_supply/cradle_wired/wakeup22): Permission denied
04-23 16:16:01.217    935    935 W binder: 935_4: type=1400 audit(0.0:3056): avc:  denied  { read } for  name="wakeup22" dev="sysfs" ino=86355 scontext=u:r:system_suspend:s0 tcontext=u:object_r:vendor_sysfs_battery_supply:s0 tclass=dir permissive=0
04-23 16:16:01.236   1300   1300 W healthd:  battery l=80 v=4024 t=27.2 h=2 st=4 c=-68000 fc=3125000 chg=u
04-23 16:16:01.226    935   2008 E android.system.suspend-service:  Error opening kernel wakelock stats for: wakeup30 (../../devices/platform/soc/soc:cradle_hall/wakeup/wakeup30): Permission denied
04-23 16:16:01.221    935    935 W binder: 935_4: type=1400 audit(0.0:3057): avc:  denied  { read } for  name="wakeup30" dev="sysfs" ino=96797 scontext=u:r:system_suspend:s0 tcontext=u:object_r:sysfs:s0 tclass=dir permissive=0
04-23 16:16:01.231    935   2008 E android.system.suspend-service:  Error opening kernel wakelock stats for: wakeup3 (../../devices/platform/soc/a88000.qcom,qup_uart/wakeup/wakeup3): Permission denied
04-23 16:16:01.231    935   2008 E android.system.suspend-service:  Error opening kernel wakelock stats for: wakeup27 (../../devices/platform/soc/98c000.i2c/i2c-2/2-0062/wakeup/wakeup27): Permission denied
04-23 16:16:01.232    935   2008 E android.system.suspend-service:  Error opening kernel wakelock stats for: wakeup53 (../../devices/platform/soc/soc:cradle/wakeup/wakeup53): Permission denied
04-23 16:16:01.245   2008   2008 W audit:  audit_lost=2121 audit_rate_limit=5 audit_backlog_limit=64
04-23 16:16:01.245   2008   2008 E audit:  rate limit exceeded
04-23 16:16:01.246   1300   1300 W healthd:  battery l=80 v=4024 t=27.2 h=2 st=4 c=-68000 fc=3125000 chg=u
04-23 16:16:01.233    935   2008 E android.system.suspend-service:  Error opening kernel wakelock stats for: wakeup23 (../../devices/platform/soc/soc:dlpsy/power_supply/cradle_wireless/wakeup23): Permission denied
04-23 16:16:01.233    935   2008 E android.system.suspend-service:  Error opening kernel wakelock stats for: wakeup51 (../../devices/platform/soc/soc:charging_profile/power_supply/charging_profiles/wakeup51): Permission denied
04-23 16:16:01.240   1205   1238 I netd:  tetherGetStats() -> {[]} <1.56ms>
04-23 16:16:01.254   1300   1300 W healthd:  battery l=80 v=4024 t=27.2 h=2 st=4 c=-68000 fc=3125000 chg=u
04-23 16:16:01.248   2096   2096 W AlarmManager:  Unrecognized alarm listener com.android.server.DeviceIdleController$$ExternalSyntheticLambda1@e3d971e
04-23 16:16:01.250    935    945 E android.system.suspend-service:  Error opening kernel wakelock stats for: wakeup26 (../../devices/platform/soc/soc:dl-acc/wakeup/wakeup26): Permission denied
04-23 16:16:01.254    935    945 E android.system.suspend-service:  Error opening kernel wakelock stats for: wakeup24 (../../devices/platform/soc/98c000.i2c/i2c-2/2-0061/wakeup/wakeup24): Permission denied
04-23 16:16:01.254    935    945 E android.system.suspend-service:  Error opening kernel wakelock stats for: wakeup52 (../../devices/platform/soc/soc:charging_profile/wakeup/wakeup52): Permission denied
04-23 16:16:01.256   1388   1388 D vendor.qti.vibrator:  Vibrator on for timeoutMs: 640
04-23 16:16:01.257    935    945 E android.system.suspend-service:  Error opening kernel wakelock stats for: wakeup22 (../../devices/platform/soc/soc:dlpsy/power_supply/cradle_wired/wakeup22): Permission denied
04-23 16:16:01.260   1388  32296 D vendor.qti.vibrator:  Starting on on another thread
04-23 16:16:01.261   2096   2354 D ActivityManager:  freezing 31749 com.google.android.apps.photos
04-23 16:16:01.261    935    945 E android.system.suspend-service:  Error opening kernel wakelock stats for: wakeup30 (../../devices/platform/soc/soc:cradle_hall/wakeup/wakeup30): Permission denied
04-23 16:16:01.263  22196  22335 I NearbyMediums:  [UsbNcm]: USB broadcast received, isHost=false, isDevice=true, isDeviceConnected=false
04-23 16:16:01.266   2096   3645 D InetDiagMessage:  Destroyed 0 sockets, proto=IPPROTO_TCP, family=AF_INET, states=14
04-23 16:16:01.268   2096   3645 D InetDiagMessage:  Destroyed 0 sockets, proto=IPPROTO_TCP, family=AF_INET6, states=14
04-23 16:16:01.268   2096   3645 D InetDiagMessage:  Destroyed live tcp sockets for uids={10146} in 5ms
04-23 16:16:01.270    935    945 E android.system.suspend-service:  Error opening kernel wakelock stats for: wakeup3 (../../devices/platform/soc/a88000.qcom,qup_uart/wakeup/wakeup3): Permission denied
04-23 16:16:01.270   1426   1426 W Layer:  gatherBufferInfo: Received unknown dataspace from gralloc
04-23 16:16:01.270    935    945 E android.system.suspend-service:  Error opening kernel wakelock stats for: wakeup27 (../../devices/platform/soc/98c000.i2c/i2c-2/2-0062/wakeup/wakeup27): Permission denied
04-23 16:16:01.272    935    945 E android.system.suspend-service:  Error opening kernel wakelock stats for: wakeup53 (../../devices/platform/soc/soc:cradle/wakeup/wakeup53): Permission denied
04-23 16:16:01.273    935    945 E android.system.suspend-service:  Error opening kernel wakelock stats for: wakeup23 (../../devices/platform/soc/soc:dlpsy/power_supply/cradle_wireless/wakeup23): Permission denied
04-23 16:16:01.273    935    945 E android.system.suspend-service:  Error opening kernel wakelock stats for: wakeup51 (../../devices/platform/soc/soc:charging_profile/power_supply/charging_profiles/wakeup51): Permission denied
04-23 16:16:01.275   2096   3858 W StatsPullAtomService:  error reading modem stats:ERROR_PHONE_NOT_AVAILABLE
04-23 16:16:01.275   1203   1213 E statsd:  Stats puller failed for tag: 10012 at 2649257176272
04-23 16:16:01.279   1633   7159 D NuPlayerDriver:  NuPlayerDriver(0xb400007c47878c50) created, clientPid(2096)
04-23 16:16:01.281    395    395 I hwservicemanager:  getTransport: Cannot find entry android.hardware.media.omx@1.0::IOmx/default in either framework or device VINTF manifest.
04-23 16:16:01.294   1300   1300 W healthd:  battery l=80 v=4024 t=27.2 h=2 st=4 c=-68000 fc=3125000 chg=u
04-23 16:16:01.281   1633   7159 D MediaPlayerService:  OMX service is not available
04-23 16:16:01.292   1633   7159 I ExtendedNuUtils:  printFileName fd(11) -> /product/media/audio/ui/ChargingStarted.ogg
04-23 16:16:01.298   1633  32299 D GenericSource:  FileSource remote
04-23 16:16:01.306   2096   2187 D Ringtone:  Successfully created local player
04-23 16:16:01.307   2096   2187 W Ringtone:  Use of stream types is deprecated for operations other than volume control
04-23 16:16:01.307   2096   2187 W Ringtone:  See the documentation of setStreamType() for what to use instead with android.media.AudioAttributes to qualify your playback use case
04-23 16:16:01.307   1633   7159 D NuPlayerDriver:  reset(0xb400007c47878c50) at state 4
04-23 16:16:01.308   1633  32298 D NuPlayerDriver:  notifyResetComplete(0xb400007c47878c50)
04-23 16:16:01.309   1633   7159 D NuPlayerDriver:  reset(0xb400007c47878c50) at state 0
04-23 16:16:01.310   2096   2187 V MediaPlayer:  resetDrmState:  mDrmInfo=null mDrmProvisioningThread=null mPrepareDrmInProgress=false mActiveDrmScheme=false
04-23 16:16:01.310   2096   2187 V MediaPlayer:  cleanDrmObj: mDrmObj=null mDrmSessionId=null
04-23 16:16:01.311   2096   2187 V MediaPlayer:  resetDrmState:  mDrmInfo=null mDrmProvisioningThread=null mPrepareDrmInProgress=false mActiveDrmScheme=false
04-23 16:16:01.311   2096   2187 V MediaPlayer:  cleanDrmObj: mDrmObj=null mDrmSessionId=null
04-23 16:16:01.318   1633   7159 D NuPlayerDriver:  NuPlayerDriver(0xb400007c47875d10) created, clientPid(2096)
04-23 16:16:01.319    395    395 I hwservicemanager:  getTransport: Cannot find entry android.hardware.media.omx@1.0::IOmx/default in either framework or device VINTF manifest.
04-23 16:16:01.320   1633   7159 D MediaPlayerService:  OMX service is not available
04-23 16:16:01.331   1633   7159 I ExtendedNuUtils:  printFileName fd(11) -> /product/media/audio/ui/ChargingStarted.ogg
04-23 16:16:01.339   1633  32303 D GenericSource:  FileSource remote
04-23 16:16:01.350   2096   2187 D Ringtone:  Successfully created local player
04-23 16:16:01.352   2096   2096 D MediaRouter:  onRestoreRoute() : route=RouteInfo{ name=Phone, description=null, status=null, category=RouteCategory{ name=System types=ROUTE_TYPE_LIVE_AUDIO ROUTE_TYPE_LIVE_VIDEO  groupable=false }, supportedTypes=ROUTE_TYPE_LIVE_AUDIO ROUTE_TYPE_LIVE_VIDEO , presentationDisplay=null }
04-23 16:16:01.352   2096   2096 V MediaRouter:  Selecting route: RouteInfo{ name=Phone, description=null, status=null, category=RouteCategory{ name=System types=ROUTE_TYPE_LIVE_AUDIO ROUTE_TYPE_LIVE_VIDEO  groupable=false }, supportedTypes=ROUTE_TYPE_LIVE_AUDIO ROUTE_TYPE_LIVE_VIDEO , presentationDisplay=null }
04-23 16:16:01.352   1633  32302 I GenericSource:  start
04-23 16:16:01.362   1283   3661 D AHAL:  FM: fm_get_parameters: 232: enter
04-23 16:16:01.362   1283   3661 D AHAL:  FM: fm_get_parameters: 239: exit
04-23 16:16:01.366   1633  32307 D CCodec:  allocate(c2.android.vorbis.decoder)
04-23 16:16:01.370   1633  32307 I CCodec:  setting up 'default' as default (vendor) store
04-23 16:16:01.376   1633   9093 D BufferPoolAccessor2.0:  bufferpool2 0xb400007d978712b8 : 0(0 size) total buffers - 0(0 size) used buffers - 126/138 (recycle/alloc) - 23/266 (fetch/transfer)
04-23 16:16:01.376   1633   9093 D BufferPoolAccessor2.0:  Destruction - bufferpool2 0xb400007d978712b8 cached: 0/0M, 0/0% in use; allocs: 138, 91% recycled; transfers: 266, 91% unfetched
04-23 16:16:01.376   1633  30283 D BufferPoolAccessor2.0:  bufferpool2 0xb400007d97878af8 : 0(0 size) total buffers - 0(0 size) used buffers - 168/176 (recycle/alloc) - 8/346 (fetch/transfer)
04-23 16:16:01.376   1633  30283 D BufferPoolAccessor2.0:  Destruction - bufferpool2 0xb400007d97878af8 cached: 0/0M, 0/0% in use; allocs: 176, 95% recycled; transfers: 346, 98% unfetched
04-23 16:16:01.378   1633  32307 I CCodec:  Created component [c2.android.vorbis.decoder]
04-23 16:16:01.378   1633  32307 D CCodecConfig:  read media type: audio/vorbis
04-23 16:16:01.383   1633  32307 D ReflectedParamUpdater:  extent() != 1 for single value type: algo.buffers.max-count.values
04-23 16:16:01.384   1633  32307 D ReflectedParamUpdater:  extent() != 1 for single value type: output.subscribed-indices.values
04-23 16:16:01.384   1633  32307 D ReflectedParamUpdater:  extent() != 1 for single value type: input.buffers.allocator-ids.values
04-23 16:16:01.385   1633  32307 D ReflectedParamUpdater:  extent() != 1 for single value type: output.buffers.allocator-ids.values
04-23 16:16:01.386   1633  32307 D ReflectedParamUpdater:  extent() != 1 for single value type: algo.buffers.allocator-ids.values
04-23 16:16:01.386   1633  32307 D ReflectedParamUpdater:  extent() != 1 for single value type: output.buffers.pool-ids.values
04-23 16:16:01.387   1633  32307 D ReflectedParamUpdater:  extent() != 1 for single value type: algo.buffers.pool-ids.values
04-23 16:16:01.390   1633  32307 I CCodecConfig:  query failed after returning 8 values (BAD_INDEX)
04-23 16:16:01.391   1633  32307 D CCodecConfig:  c2 config diff is Dict {
04-23 16:16:01.391   1633  32307 D CCodecConfig:    c2::u32 coded.bitrate.value = 64000
04-23 16:16:01.391   1633  32307 D CCodecConfig:    c2::u32 input.buffers.max-size.value = 32768
04-23 16:16:01.391   1633  32307 D CCodecConfig:    c2::u32 input.delay.value = 0
04-23 16:16:01.391   1633  32307 D CCodecConfig:    string input.media-type.value = "audio/vorbis"
04-23 16:16:01.391   1633  32307 D CCodecConfig:    c2::u32 output.large-frame.max-size = 0
04-23 16:16:01.391   1633  32307 D CCodecConfig:    c2::u32 output.large-frame.threshold-size = 0
04-23 16:16:01.391   1633  32307 D CCodecConfig:    string output.media-type.value = "audio/raw"
04-23 16:16:01.391   1633  32307 D CCodecConfig:    c2::u32 raw.channel-count.value = 1
04-23 16:16:01.391   1633  32307 D CCodecConfig:    c2::u32 raw.sample-rate.value = 48000
04-23 16:16:01.391   1633  32307 D CCodecConfig:  }
04-23 16:16:01.395   1633  32307 D CCodec:  [c2.android.vorbis.decoder] buffers are bound to CCodec for this session
04-23 16:16:01.395   1633  32307 D CCodecConfig:  no c2 equivalents for durationUs
04-23 16:16:01.396   1633  32307 D CCodecConfig:  no c2 equivalents for csd-1
04-23 16:16:01.396   1633  32307 D CCodecConfig:  no c2 equivalents for flags
04-23 16:16:01.399   1633  32307 D CCodecConfig:  c2 config diff is   c2::u32 coded.bitrate.value = 120000
04-23 16:16:01.402   1633  32307 W Codec2Client:  query -- param skipped: index = 1107298332.
04-23 16:16:01.402   1633  32307 D CCodec:  encoding statistics level = 0
04-23 16:16:01.402   1633  32307 D CCodec:  setup formats input: AMessage(what = 0x00000000) = {
04-23 16:16:01.402   1633  32307 D CCodec:    int32_t bitrate = 120000
04-23 16:16:01.402   1633  32307 D CCodec:    int32_t channel-count = 1
04-23 16:16:01.402   1633  32307 D CCodec:    int32_t max-input-size = 32768
04-23 16:16:01.402   1633  32307 D CCodec:    string mime = "audio/vorbis"
04-23 16:16:01.402   1633  32307 D CCodec:    int32_t sample-rate = 48000
04-23 16:16:01.402   1633  32307 D CCodec:  }
04-23 16:16:01.403   1633  32307 D CCodec:  setup formats output: AMessage(what = 0x00000000) = {
04-23 16:16:01.403   1633  32307 D CCodec:    int32_t buffer-batch-max-output-size = 0
04-23 16:16:01.403   1633  32307 D CCodec:    int32_t buffer-batch-threshold-output-size = 0
04-23 16:16:01.403   1633  32307 D CCodec:    int32_t channel-count = 1
04-23 16:16:01.403   1633  32307 D CCodec:    string mime = "audio/raw"
04-23 16:16:01.403   1633  32307 D CCodec:    int32_t sample-rate = 48000
04-23 16:16:01.403   1633  32307 D CCodec:    int32_t channel-mask = 1
04-23 16:16:01.403   1633  32307 D CCodec:    int32_t android._config-pcm-encoding = 2
04-23 16:16:01.403   1633  32307 D CCodec:  }
04-23 16:16:01.404   1633  32307 I CCodecConfig:  query failed after returning 8 values (BAD_INDEX)
04-23 16:16:01.407   1633  32307 I MediaCodec:  MediaCodec will operate in async mode
04-23 16:16:01.407   1633  32306 D MediaCodec:  keep callback message for reclaim
04-23 16:16:01.409   1633  32307 W Codec2Client:  query -- param skipped: index = 1342179345.
04-23 16:16:01.410   1633  32307 W Codec2Client:  query -- param skipped: index = 2415921170.
04-23 16:16:01.413   1693   5782 D BufferPoolAccessor2.0:  bufferpool2 0xb400007559e50998 : 0(0 size) total buffers - 0(0 size) used buffers - 123/131 (recycle/alloc) - 8/130 (fetch/transfer)
04-23 16:16:01.414   1633  32307 D CCodecBufferChannel:  [c2.android.vorbis.decoder#844] Created input block pool with allocatorID 16 => poolID 45 - OK (0)
04-23 16:16:01.414   1693   5782 D BufferPoolAccessor2.0:  Destruction - bufferpool2 0xb400007559e50998 cached: 0/0M, 0/0% in use; allocs: 131, 94% recycled; transfers: 130, 94% unfetched
04-23 16:16:01.415   1693   5933 D BufferPoolAccessor2.0:  bufferpool2 0xb400007559e44e48 : 0(0 size) total buffers - 0(0 size) used buffers - 168/171 (recycle/alloc) - 3/170 (fetch/transfer)
04-23 16:16:01.415   1693   5933 D BufferPoolAccessor2.0:  Destruction - bufferpool2 0xb400007559e44e48 cached: 0/0M, 0/0% in use; allocs: 171, 98% recycled; transfers: 170, 98% unfetched
04-23 16:16:01.417   1633  32307 I CCodecBufferChannel:  [c2.android.vorbis.decoder#844] Created output block pool with allocatorID 16 => poolID 98 - OK
04-23 16:16:01.418   1633  32307 D CCodecBufferChannel:  [c2.android.vorbis.decoder#844] Configured output block pool ids 98 => OK
04-23 16:16:01.419   1693   2304 E Codec2-ComponentInterface:  We have a failed config
04-23 16:16:01.421   1633  32307 D CCodecBufferChannel:  [c2.android.vorbis.decoder#844] start: updating output delay 0
04-23 16:16:01.422   1389   2296 I QC2CompStore:  Setting heap usage to system
04-23 16:16:01.427   1693  32308 D SimpleC2Component:  Using output block pool with poolID 98 => got 98 - 0
04-23 16:16:01.430   1633  32306 I NuPlayerDecoderBase:  audioStart latency : 66.11 ms
04-23 16:16:01.440   1389   2296 I QC2CompStore:  Setting heap usage to system
04-23 16:16:01.447   1633  32306 I ExtendedNuUtils:  Both src and dst missing for bit-width
04-23 16:16:01.447   1633  32306 I ExtendedNuUtils:  Overriding durationUs: with 64 bit src value 2750000
04-23 16:16:01.457   1283   3661 D AHAL:  FM: fm_get_parameters: 232: enter
04-23 16:16:01.458   1283   3661 D AHAL:  FM: fm_get_parameters: 239: exit
04-23 16:16:01.460   1419   4638 D AudioFlinger:  Client defaulted notificationFrames to 12000 for frameCount 24000
04-23 16:16:01.466   1283   3661 D AHAL:  AudioStream: astream_out_get_parameters: 892: enter
04-23 16:16:01.466   1283   3661 D AHAL:  AudioStream: astream_out_get_parameters: 914: keys: is_direct_pcm_track
04-23 16:16:01.466   1283   3661 D AHAL:  AudioStream: astream_out_get_parameters: 951: exit: returns - is_direct_pcm_track=false
04-23 16:16:01.478   1419   4638 D audioserver:  logFgsApiBegin: FGS Logger Transaction failed, -129
04-23 16:16:01.479   1283   9085 D AHAL:  AudioStream: out_update_source_metadata_v7: 1001: track count is 1 for usecase(1: low-latency-playback)
04-23 16:16:01.479   1283   9085 D AHAL:  AudioStream: out_update_source_metadata_v7: 1033: Source metadata usage:13 content_type:4
04-23 16:16:01.481   1283   9085 D AHAL:  AudioStream: SetAggregateSourceMetadata: 3701: Agreegated Source metadata usage:13 content_type:4
04-23 16:16:01.483   1283   4623 D AHAL:  AudioStream: AutoPerfLock: 134: (Acquired) perf_lock_handle: 0x576, count: 1
04-23 16:16:01.483   1283   4623 I AHAL:  AudioStream: Open: 2915: Enter: OutPrimary usecase(1: low-latency-playback)
04-23 16:16:01.483   1283   4623 D AHAL:  AudioStream: Open: 2921: no_of_devices 1
04-23 16:16:01.483   1283   4623 D AHAL:  AudioStream: Open: 2976: halInputFormat 1 halOutputFormat 1 palformat 1
04-23 16:16:01.483   1283   4623 I PAL:  ResourceManager: getParameter: 8884: get parameter for HIFI PCM Filter
04-23 16:16:01.483   1283   4623 D AHAL:  AudioStream: Open: 3056: channels 2 samplerate 48000 format id 1, stream type 1  stream bitwidth 16
04-23 16:16:01.483   1283   4623 D AHAL:  AudioStream: Open: 3057: msample_rate 0 mchannels 0 mNoOfOutDevices 1
04-23 16:16:01.483   1283   4623 I PAL:  API: pal_stream_open: 194: Enter, stream type:1
04-23 16:16:01.483   1283   4623 I PAL:  ResourceManager: isStreamSupported: 2602: config suppported
04-23 16:16:01.483   1283   4623 I PAL:  Device: setDeviceAttributes: 313: DeviceAttributes for Device Id 3 updated
04-23 16:16:01.483   1283   4623 I PAL:  ResourceManager: allocateFrontEndIds: 6283: allocateFrontEndIds: front end 117
04-23 16:16:01.483   1283   4623 I PAL:  PayloadBuilder: populateStreamKV: 2631: stream type 1
04-23 16:16:01.483   1283   4623 I PAL:  PayloadBuilder: getSelectorValues: 2459: Direction: 1
04-23 16:16:01.483   1283   4623 I PAL:  PayloadBuilder: getSelectorValues: 2475: Instance: 1
04-23 16:16:01.483   1283   4623 I PAL:  PayloadBuilder: findKVs: 2349: key: 0xa1000000 value: 0xa100000e
04-23 16:16:01.483   1283   4623 I PAL:  PayloadBuilder: findKVs: 2349: key: 0xab000000 value: 0x1
04-23 16:16:01.484   1283   4623 I PAL:  PayloadBuilder: populateDeviceKV: 2745: Enter device id:3
04-23 16:16:01.484   1283   4623 I PAL:  PayloadBuilder: findKVs: 2362: key: 0xa2000000 value: 0xa2000001
04-23 16:16:01.484   1283   4623 I PAL:  PayloadBuilder: populateDeviceKV: 2773: Exit device id:3, status 0
04-23 16:16:01.484   1283   4623 I PAL:  PayloadBuilder: populateDevicePPKV: 2887: Rx device id:3
04-23 16:16:01.484   1283   4623 I PAL:  PayloadBuilder: getSelectorValues: 2529: stream type: 1
04-23 16:16:01.484   1283   4623 I PAL:  PayloadBuilder: findKVs: 2349: key: 0xa2000000 value: 0xa2000001
04-23 16:16:01.484   1283   4623 I PAL:  PayloadBuilder: findKVs: 2349: key: 0xac000000 value: 0xac000002
04-23 16:16:01.484   1283   4623 I PAL:  PayloadBuilder: populateDevicePPCkv: 3084: SpeakerProt Status[1], RAS Status[1]
04-23 16:16:01.484   1283   4623 I PAL:  PayloadBuilder: populateDevicePPCkv: 3095: Disabling RAS - device channels[1]
04-23 16:16:01.484   1359   1359 I AGM:  device: device_set_metadata: 744 Setting device metadata for CODEC_DMA-LPAIF_WSA-RX-0
04-23 16:16:01.484   1359   1359 D AGM:  metadata: metadata_print: 79 *************************Metadata*************************
04-23 16:16:01.484   1359   1359 D AGM:  metadata: metadata_print: 80 GKV size:1
04-23 16:16:01.484   1359   1359 D AGM:  metadata: metadata_print: 83 key:0xa2000000, value:0xa2000001
04-23 16:16:01.484   1359   1359 D AGM:  metadata: metadata_print: 87
04-23 16:16:01.484   1359   1359 D AGM:  metadata: CKV count:1
04-23 16:16:01.484   1359   1359 D AGM:  metadata: metadata_print: 90 key:0xbe000000, value:0x1
04-23 16:16:01.484   1359   1359 D AGM:  metadata: metadata_print: 92
04-23 16:16:01.484   1359   1359 D AGM:  metadata: metadata_print: 94 Property ID:134217744
04-23 16:16:01.484   1359   1359 D AGM:  metadata: metadata_print: 95 property count:2
04-23 16:16:01.484   1359   1359 D AGM:  metadata: metadata_print: 98 Property Values:
04-23 16:16:01.484   1359   1359 D AGM:  metadata: metadata_print: 100 0x2
04-23 16:16:01.484   1359   1359 D AGM:  metadata: metadata_print: 100 0x5
04-23 16:16:01.484   1359   1359 D AGM:  metadata: metadata_print: 102
04-23 16:16:01.484   1359   1359 D AGM:  metadata: metadata_print: 103 ****************Metadata Done***************************
04-23 16:16:01.484   1359   1359 D AGM:  metadata:
04-23 16:16:01.485   1359   4635 I AGM:  session: session_obj_set_sess_aif_metadata: 1758 Setting metadata for sess aif id 8
04-23 16:16:01.485   1359   4635 D AGM:  metadata: metadata_print: 79 *************************Metadata*************************
04-23 16:16:01.485   1359   4635 D AGM:  metadata: metadata_print: 80 GKV size:2
04-23 16:16:01.485   1359   4635 D AGM:  metadata: metadata_print: 83 key:0xa2000000, value:0xa2000001
04-23 16:16:01.485   1359   4635 D AGM:  metadata: metadata_print: 83 key:0xac000000, value:0xac000002
04-23 16:16:01.485   1359   4635 D AGM:  metadata: metadata_print: 87
04-23 16:16:01.485   1359   4635 D AGM:  metadata: CKV count:3
04-23 16:16:01.485   1359   4635 D AGM:  metadata: metadata_print: 90 key:0xd0000000, value:0x0
04-23 16:16:01.485   1359   4635 D AGM:  metadata: metadata_print: 90 key:0xd2000000, value:0x0
04-23 16:16:01.485   1359   4635 D AGM:  metadata: metadata_print: 90 key:0xa5000000, value:0xbb80
04-23 16:16:01.485   1359   4635 D AGM:  metadata: metadata_print: 92
04-23 16:16:01.485   1359   4635 D AGM:  metadata: metadata_print: 94 Property ID:134217744
04-23 16:16:01.485   1359   4635 D AGM:  metadata: metadata_print: 95 property count:1
04-23 16:16:01.485   1359   4635 D AGM:  metadata: metadata_print: 98 Property Values:
04-23 16:16:01.485   1359   4635 D AGM:  metadata: metadata_print: 100 0x3
04-23 16:16:01.485   1359   4635 D AGM:  metadata: metadata_print: 102
04-23 16:16:01.485   1359   4635 D AGM:  metadata: metadata_print: 103 ****************Metadata Done***************************
04-23 16:16:01.485   1359   4635 D AGM:  metadata:
04-23 16:16:01.485   1359   4635 I AGM:  session: session_obj_set_sess_aif_metadata: 1778 Exit
04-23 16:16:01.485   1359   4630 D agm_server_wrapper:  Aif id 8 already added to session list of 117
04-23 16:16:01.485   1359   4630 I AGM:  API: agm_session_aif_connect: 603 connecting aifid:8 with session id=117
04-23 16:16:01.485   1283   4623 I PAL:  Device: open: 428: Enter. deviceCount 0 for device id 3 (PAL_DEVICE_OUT_SPEAKER)
04-23 16:16:01.485   1283   4623 I PAL:  SessionAlsaUtils: setDeviceMediaConfig: 963: CODEC_DMA-LPAIF_WSA-RX-0 rate ch fmt data_fmt 48000 1 2 1
04-23 16:16:01.486   1283   4623 D audio_route:  Apply path: speaker
04-23 16:16:01.489   1283   4623 I PAL:  Device: open: 468: Exit. deviceCount 1 for device id 3 (PAL_DEVICE_OUT_SPEAKER), exit status: 0
04-23 16:16:01.489   1283   4623 I PAL:  ResourceManager: GetConcurrencyInfo: 4757: stream type 1 Tx conc 0, Rx conc 0, concurrency allowed
04-23 16:16:01.489   1283   4623 I PAL:  ResourceManager: GetConcurrencyInfo: 4757: stream type 1 Tx conc 0, Rx conc 0, concurrency allowed
04-23 16:16:01.489   1283   4623 I PAL:  ResourceManager: GetConcurrencyInfo: 4757: stream type 1 Tx conc 0, Rx conc 0, concurrency allowed
04-23 16:16:01.489   1283   4623 I PAL:  API: pal_stream_open: 230: Exit. Value of stream_handle 0xb400007ae1411610K, status 0
04-23 16:16:01.489   1283   4623 D AHAL:  AudioStream: GetBufferSize: 2871: type 1
04-23 16:16:01.489   1283   4623 D AHAL:  AudioStream: Open: 3201: fragment_size_ 768 fragments_ 2
04-23 16:16:01.489   1283   4623 D AHAL:  AudioStream: Open: 3231: Exit ret: 0
04-23 16:16:01.489   1283   4623 D AHAL:  AudioStream: ~AutoPerfLock: 144: (release) perf_lock_handle: 0x576, count: 1
04-23 16:16:01.489   1283   4623 D AHAL:  AudioStream: ~AutoPerfLock: 148: Releasing perf_lock_handle: 0x576
04-23 16:16:01.489   1283   4623 D AHAL:  AudioStream: AutoPerfLock: 134: (Acquired) perf_lock_handle: 0x577, count: 1
04-23 16:16:01.490   1283   4623 I PAL:  API: pal_stream_start: 294: Enter. Stream handle 0xb400007ae1411610K
04-23 16:16:01.490   1283  32309 I PAL:  PayloadBuilder: findKVs: 2362: key: 0xa3000000 value: 0xa3000009
04-23 16:16:01.490   1283   4623 I PAL:  SpeakerProtection: spkrProtProcessingMode: 3649: Normal mode being used
04-23 16:16:01.490   1283   4623 I PAL:  Device: updateCustomPayload: 336: customPayloadSize = 24
04-23 16:16:01.490   1283   4623 I PAL:  SessionAlsaUtils: setDeviceMediaConfig: 963: CODEC_DMA-LPAIF_WSA-RX-0 rate ch fmt data_fmt 48000 1 2 1
04-23 16:16:01.491   1359   4630 I AGM:  device: device_set_metadata: 744 Setting device metadata for CODEC_DMA-LPAIF_WSA-TX-0
04-23 16:16:01.491   1359   4630 D AGM:  metadata: metadata_print: 79 *************************Metadata*************************
04-23 16:16:01.491   1359   4630 D AGM:  metadata: metadata_print: 80 GKV size:1
04-23 16:16:01.491   1359   4630 D AGM:  metadata: metadata_print: 83 key:0xa3000000, value:0xa3000009
04-23 16:16:01.491   1359   4630 D AGM:  metadata: metadata_print: 87
04-23 16:16:01.491   1359   4630 D AGM:  metadata: CKV count:1
04-23 16:16:01.491   1359   4630 D AGM:  metadata: metadata_print: 90 key:0xbf000000, value:0x0
04-23 16:16:01.491   1359   4630 D AGM:  metadata: metadata_print: 92
04-23 16:16:01.491   1359   4630 D AGM:  metadata: metadata_print: 94 Property ID:134217744
04-23 16:16:01.491   1359   4630 D AGM:  metadata: metadata_print: 95 property count:1
04-23 16:16:01.491   1359   4630 D AGM:  metadata: metadata_print: 98 Property Values:
04-23 16:16:01.491   1283   4623 E PAL:  ResourceManager: voteSleepMonitor: 1593: ioctl device is not open
04-23 16:16:01.491   1359   4630 D AGM:  metadata: metadata_print: 100 0x2
04-23 16:16:01.491   1359   4630 D AGM:  metadata: metadata_print: 102
04-23 16:16:01.491   1359   4630 D AGM:  metadata: metadata_print: 103 ****************Metadata Done***************************
04-23 16:16:01.491   1359   4630 D AGM:  metadata:
04-23 16:16:01.492   1283  32309 I PAL:  SessionAlsaUtils: setDeviceMediaConfig: 963: CODEC_DMA-LPAIF_WSA-TX-0 rate ch fmt data_fmt 48000 1 10 1
04-23 16:16:01.492   1283  32309 I PAL:  ResourceManager: allocateFrontEndIds: 6315: allocateFrontEndIds: front end 121
04-23 16:16:01.492   1359   6185 I AGM:  API: agm_session_aif_connect: 603 connecting aifid:11 with session id=121
04-23 16:16:01.493   1283  32309 I PAL:  SpeakerProtection: viTxSetupThreadLoop: 3272: Normal mode being used
04-23 16:16:01.493   1283  32309 I PAL:  SpeakerProtection: updateVICustomPayload: 159: viCustomPayloadSize = 32
04-23 16:16:01.493   1283   4623 D agm_client_wrapper:  agm_session_open called with handle = 8a9b6d60 , *handle = 0
04-23 16:16:01.493   1283  32309 I PAL:  SpeakerProtection: updateVICustomPayload: 159: viCustomPayloadSize = 64
04-23 16:16:01.493   1283  32309 I PAL:  SpeakerProtection: updateVICustomPayload: 159: viCustomPayloadSize = 88
04-23 16:16:01.494   1283  32309 I PAL:  SpeakerProtection: updateVICustomPayload: 159: viCustomPayloadSize = 120
04-23 16:16:01.495   1283  32309 D agm_client_wrapper:  agm_session_open called with handle = 876bcad0 , *handle = 0
04-23 16:16:01.495   1359   6185 D AGM:  graph: graph_open: 598 entry
04-23 16:16:01.495   1359   6185 D AGM:  metadata: metadata_print: 79 *************************Metadata*************************
04-23 16:16:01.495   1359   6185 D AGM:  metadata: metadata_print: 80 GKV size:4
04-23 16:16:01.495   1359   6185 D AGM:  metadata: metadata_print: 83 key:0xa1000000, value:0xa100000e
04-23 16:16:01.495   1359   6185 D AGM:  metadata: metadata_print: 83 key:0xab000000, value:0x1
04-23 16:16:01.495   1359   6185 D AGM:  metadata: metadata_print: 83 key:0xa2000000, value:0xa2000001
04-23 16:16:01.495   1359   6185 D AGM:  metadata: metadata_print: 83 key:0xac000000, value:0xac000002
04-23 16:16:01.495   1359   6185 D AGM:  metadata: metadata_print: 87
04-23 16:16:01.495   1359   6185 D AGM:  metadata: CKV count:5
04-23 16:16:01.495   1359   6185 D AGM:  metadata: metadata_print: 90 key:0xa4000000, value:0xf
04-23 16:16:01.495   1359   6185 D AGM:  metadata: metadata_print: 90 key:0xd0000000, value:0x0
04-23 16:16:01.495   1359   6185 D AGM:  metadata: metadata_print: 90 key:0xd2000000, value:0x0
04-23 16:16:01.495   1359   6185 D AGM:  metadata: metadata_print: 90 key:0xa5000000, value:0xbb80
04-23 16:16:01.495   1359   6185 D AGM:  metadata: metadata_print: 90 key:0xbe000000, value:0x1
04-23 16:16:01.495   1359   6185 D AGM:  metadata: metadata_print: 92
04-23 16:16:01.495   1359   6185 D AGM:  metadata: metadata_print: 94 Property ID:134217744
04-23 16:16:01.495   1359   6185 D AGM:  metadata: metadata_print: 95 property count:4
04-23 16:16:01.495   1359   6185 D AGM:  metadata: metadata_print: 98 Property Values:
04-23 16:16:01.495   1359   6185 D AGM:  metadata: metadata_print: 100 0x1
04-23 16:16:01.495   1359   6185 D AGM:  metadata: metadata_print: 100 0x3
04-23 16:16:01.496   1359   6185 D AGM:  metadata: metadata_print: 100 0x2
04-23 16:16:01.496   1359   6185 D AGM:  metadata: metadata_print: 100 0x5
04-23 16:16:01.496   1359   6185 D AGM:  metadata: metadata_print: 102
04-23 16:16:01.496   1359   6185 D AGM:  metadata: metadata_print: 103 ****************Metadata Done***************************
04-23 16:16:01.496   1359   6185 D AGM:  metadata:
04-23 16:16:01.496   1359   6185 E ACDB:  AcdbCmdGetGraphAlias:4153 Error[19]: Graph Alias chunk data does not exist. Is it enabled?.
04-23 16:16:01.496   1359   6185 E gsl:  gsl_get_graph_alias:2212 acdb get graph alias failed 19, len 255
04-23 16:16:01.496   1359   6185 D AGM:  graph: print_graph_alias: 2281 gsl_get_graph_alias failed: ret = 19
04-23 16:16:01.496   1359   6185 D AGM:  graph: graph_open: 678 miid 40bd mid 7001000 tag c0000002
04-23 16:16:01.496   1359   6185 D AGM:  graph: graph_open: 726 miid 43b1 mid 7001023 tag c0000004
04-23 16:16:01.496   1359   6185 D AGM:  graph: graph_open: 678 miid 40c4 mid 7001019 tag c0000006
04-23 16:16:01.496   1359   6185 D AGM:  graph: graph_open: 678 miid 40bf mid 7001005 tag c000000e
04-23 16:16:01.496   1359   6185 D AGM:  graph: graph_open: 678 miid 40c0 mid 7001003 tag c0000010
04-23 16:16:01.496   1359   6185 D AGM:  graph: graph_open: 678 miid 4165 mid 7001032 tag c0000013
04-23 16:16:01.496   1359   6185 I GPR:     : __gpr_cmd_register_v2:902 GPR Register: Source Port is 8208 heap_index: 0
04-23 16:16:01.496   1359   6185 I gsl:  gsl_graph_open_sgids_and_connections:2725 num_sgid= 4
04-23 16:16:01.496   1359   6185 I gsl:  gsl_graph_open_sgids_and_connections:2726 sg list:
04-23 16:16:01.496   1359   6185 I gsl:  gsl_graph_open_sgids_and_connections:2728 b0000002
04-23 16:16:01.496   1359   6185 I gsl:  gsl_graph_open_sgids_and_connections:2728 b0000025
04-23 16:16:01.496   1359   6185 I gsl:  gsl_graph_open_sgids_and_connections:2728 b0000024
04-23 16:16:01.496   1359   6185 I gsl:  gsl_graph_open_sgids_and_connections:2728 b0000023
04-23 16:16:01.496   1359   6185 I gsl:  gsl_print_sg_conn_info:180 num_sg_conn = 3
04-23 16:16:01.496   1359   6185 I gsl:  gsl_print_sg_conn_info:182 sg b0000025 has 1 children:
04-23 16:16:01.496   1359   6185 I gsl:  gsl_print_sg_conn_info:185 b0000002,
04-23 16:16:01.496   1359   6185 I gsl:  gsl_print_sg_conn_info:182 sg b0000024 has 1 children:
04-23 16:16:01.496   1359   6185 I gsl:  gsl_print_sg_conn_info:185 b0000025,
04-23 16:16:01.496   1359   6185 I gsl:  gsl_print_sg_conn_info:182 sg b0000023 has 1 children:
04-23 16:16:01.496   1359   6185 I gsl:  gsl_print_sg_conn_info:185 b0000024,
04-23 16:16:01.497   1359   4635 D AGM:  graph: graph_open: 598 entry
04-23 16:16:01.497   1359   4635 D AGM:  metadata: metadata_print: 79 *************************Metadata*************************
04-23 16:16:01.497   1359   4635 D AGM:  metadata: metadata_print: 80 GKV size:1
04-23 16:16:01.497   1359   4635 D AGM:  metadata: metadata_print: 83 key:0xa3000000, value:0xa3000009
04-23 16:16:01.497   1359   4635 D AGM:  metadata: metadata_print: 87
04-23 16:16:01.497   1359   4635 D AGM:  metadata: CKV count:1
04-23 16:16:01.497   1359   4635 D AGM:  metadata: metadata_print: 90 key:0xbf000000, value:0x0
04-23 16:16:01.497   1359   4635 D AGM:  metadata: metadata_print: 92
04-23 16:16:01.497   1359   4635 D AGM:  metadata: metadata_print: 94 Property ID:134217744
04-23 16:16:01.497   1359   4635 D AGM:  metadata: metadata_print: 95 property count:1
04-23 16:16:01.497   1359   4635 D AGM:  metadata: metadata_print: 98 Property Values:
04-23 16:16:01.497   1359   4635 D AGM:  metadata: metadata_print: 100 0x2
04-23 16:16:01.497   1359   4635 D AGM:  metadata: metadata_print: 102
04-23 16:16:01.497   1359   4635 D AGM:  metadata: metadata_print: 103 ****************Metadata Done***************************
04-23 16:16:01.497   1359   4635 D AGM:  metadata:
04-23 16:16:01.497   1359   4635 E ACDB:  AcdbCmdGetGraphAlias:4153 Error[19]: Graph Alias chunk data does not exist. Is it enabled?.
04-23 16:16:01.497   1359   4635 E gsl:  gsl_get_graph_alias:2212 acdb get graph alias failed 19, len 255
04-23 16:16:01.497   1359   4635 D AGM:  graph: print_graph_alias: 2281 gsl_get_graph_alias failed: ret = 19
04-23 16:16:01.497   1359   4635 D AGM:  graph: graph_open: 726 miid 4589 mid 7001024 tag c0000005
04-23 16:16:01.499    373   1544 I audioadsprpcd:  vendor/qcom/proprietary/adsprpc/src/apps_std_imp.c:860: Successfully opened file /vendor/dsp/adsp/CFCM.so.1
04-23 16:16:01.502    373   1544 I audioadsprpcd:  vendor/qcom/proprietary/adsprpc/src/apps_std_imp.c:860: Successfully opened file /vendor/dsp/adsp/SAPlusCmnModule.so.1
04-23 16:16:01.508   1359   6185 E ACDB:  AcdbCmdGetProcSubgraphCalDataPersist:8416 Error[19]: No calibration found
04-23 16:16:01.509   1359   6185 E ACDB:  AcdbCmdGetProcSubgraphCalDataPersist:8416 Error[19]: No calibration found
04-23 16:16:01.509   1359   6185 E ACDB:  AcdbCmdGetProcSubgraphCalDataPersist:8416 Error[19]: No calibration found
04-23 16:16:01.509   1359   6185 E ACDB:  AcdbCmdGetProcSubgraphCalDataPersist:8416 Error[19]: No calibration found
04-23 16:16:01.509   1359   6185 D AGM:  graph: graph_open: 757 graph_handle 0x47534c
04-23 16:16:01.509   1359   6185 D AGM:  graph: graph_open: 792 exit, ret 0
04-23 16:16:01.509   1359   6185 D AGM:  graph: graph_set_config: 1157 entry graph_handle 0x47534c
04-23 16:16:01.509   1359   4635 I GPR:     : __gpr_cmd_register_v2:902 GPR Register: Source Port is 8209 heap_index: 0
04-23 16:16:01.509   1359   4635 I gsl:  gsl_graph_open_sgids_and_connections:2725 num_sgid= 1
04-23 16:16:01.509   1359   4635 I gsl:  gsl_graph_open_sgids_and_connections:2726 sg list:
04-23 16:16:01.509   1359   4635 I gsl:  gsl_graph_open_sgids_and_connections:2728 b00000d5
04-23 16:16:01.509   1359   6185 D AGM:  graph: graph_set_config: 1165 exit, graph handle 0x47534c, ret 0
04-23 16:16:01.509   1283   4623 D agm_client_wrapper:  agm_session_open Received handle = 0x7a8a9b6d60 , *handle = b4000075e60ceb90
04-23 16:16:01.510   1283   4623 D PLUGIN:  pcm: agm_pcm_hw_params: 469 agm_pcm_hw_params: mode: 0
04-23 16:16:01.510   1283   4623 I PAL:  Session: updateCustomPayload: 404: customPayloadSize = 32
04-23 16:16:01.511   1359   6185 D AGM:  graph: graph_set_config: 1157 entry graph_handle 0x47534c
04-23 16:16:01.511   1359   6185 D AGM:  graph: graph_set_config: 1165 exit, graph handle 0x47534c, ret 0
04-23 16:16:01.511   1359   4635 E gsl:  gsl_graph_send_nonpersist_cal:789 send non-perist cal failed 3
04-23 16:16:01.511   1359   4635 E ACDB:  AcdbCmdGetProcSubgraphCalDataPersist:8416 Error[19]: No calibration found
04-23 16:16:01.511   1359   4635 D AGM:  graph: graph_open: 757 graph_handle 0x147534c
04-23 16:16:01.511   1359   4635 D AGM:  graph: graph_open: 792 exit, ret 0
04-23 16:16:01.511   1359   4635 D AGM:  graph: graph_set_config: 1157 entry graph_handle 0x147534c
04-23 16:16:01.512   1359   4635 D AGM:  graph: graph_set_config: 1165 exit, graph handle 0x147534c, ret 0
04-23 16:16:01.512   1359   6185 E ACDB:  AcdbCmdGetProcSubgraphCalDataPersist:8416 Error[19]: No calibration found
04-23 16:16:01.512   1359   6185 E ACDB:  AcdbCmdGetProcSubgraphCalDataPersist:8416 Error[19]: No calibration found
04-23 16:16:01.512   1359   6185 E ACDB:  AcdbCmdGetProcSubgraphCalDataPersist:8416 Error[19]: No calibration found
04-23 16:16:01.512   1283  32309 D agm_client_wrapper:  agm_session_open Received handle = 0x7a876bcad0 , *handle = b4000075e60cca50
04-23 16:16:01.512   1359   6185 E ACDB:  AcdbCmdGetProcSubgraphCalDataPersist:8416 Error[19]: No calibration found
04-23 16:16:01.512   1283  32309 D PLUGIN:  pcm: agm_pcm_hw_params: 469 agm_pcm_hw_params: mode: 268435456
04-23 16:16:01.512   1359   4635 D AGM:  graph: graph_prepare: 858 entry graph_handle 0x47534c
04-23 16:16:01.513   1359   4635 D AGM:  graph_module: configure_pcm_shared_mem_ep: 1604 entry mod tag c0000002 miid 40bd mid 7001000
04-23 16:16:01.513   1359   4635 D AGM:  graph_module: configure_pcm_shared_mem_ep: 1680 exit, ret 0
04-23 16:16:01.513   1359   4635 D AGM:  graph_module: configure_hw_ep_media_config: 664 entry mod tag c0000004 miid 43b1 mid 7001023
04-23 16:16:01.513   1359   4635 D AGM:  graph_module: configure_hw_ep_media_config: 694 rate 48000 bw 16 ch 1, data_fmt 1
04-23 16:16:01.513   1283  32309 D audio_route:  Apply path: vi-feedback
04-23 16:16:01.513   1359   4635 D AGM:  graph_module: configure_hw_ep_media_config: 704 exit, ret 0
04-23 16:16:01.514   1359   4635 D AGM:  graph_module: configure_codec_dma_ep: 281 cdc_dma intf cfg lpaif 2 indx 1 ch_msk 1
04-23 16:16:01.514   1359   4635 D AGM:  graph_module: configure_codec_dma_ep: 296 exit, ret 0
04-23 16:16:01.514   1359   4635 D AGM:  graph_module: configure_output_media_format: 790 entry mod tag c000000e miid 40bf mid 7001005
04-23 16:16:01.515   1359   4635 D AGM:  graph_module: configure_output_media_format: 921 exit, ret 0
04-23 16:16:01.515   1359   4635 D AGM:  graph_module: configure_output_media_format: 790 entry mod tag c0000010 miid 40c0 mid 7001003
04-23 16:16:01.515   1359   4635 D AGM:  graph_module: configure_output_media_format: 921 exit, ret 0
04-23 16:16:01.515   1359   4635 D AGM:  graph_module: configure_spr: 1804 SPR module IID 4165
04-23 16:16:01.515   1359   4635 D AGM:  graph_module: configure_spr: 1827 HW EP module IID 43b1
04-23 16:16:01.515   1359   4635 D AGM:  graph: configure_buffer_params: 200 Enter
04-23 16:16:01.515   1359   4635 D AGM:  graph: configure_buffer_params: 263 Playback sess buf_sz 768 num_bufs 2
04-23 16:16:01.515   1359   4635 E AGM:  graph: configure_buffer_params: 296 Unsupported buffer mode : 0, Default to Blocking
04-23 16:16:01.515   1359   4635 D AGM:  graph: configure_buffer_params: 316 exit, ret 0
04-23 16:16:01.518   1359   4635 D AGM:  graph: graph_prepare: 936 exit, ret 0
04-23 16:16:01.519   1359   6185 D AGM:  graph: graph_prepare: 858 entry graph_handle 0x147534c
04-23 16:16:01.519   1359   6185 D AGM:  graph_module: configure_hw_ep_media_config: 664 entry mod tag c0000005 miid 4589 mid 7001024
04-23 16:16:01.519   1359   6185 D AGM:  graph_module: configure_hw_ep_media_config: 694 rate 48000 bw 32 ch 1, data_fmt 1
04-23 16:16:01.519   1359   6185 D AGM:  graph_module: configure_hw_ep_media_config: 704 exit, ret 0
04-23 16:16:01.520   1359   6185 D AGM:  graph_module: configure_codec_dma_ep: 281 cdc_dma intf cfg lpaif 2 indx 1 ch_msk 1
04-23 16:16:01.520   1359   6185 D AGM:  graph_module: configure_codec_dma_ep: 296 exit, ret 0
04-23 16:16:01.521   1359   6185 D AGM:  graph: graph_prepare: 936 exit, ret 0
04-23 16:16:01.521   1359   4635 D AGM:  graph: graph_start: 950 entry graph_handle 0x47534c
04-23 16:16:01.525   1359   4635 D AGM:  graph: graph_start: 962 exit, ret 0
04-23 16:16:01.552   1359   6185 D AGM:  graph: graph_start: 950 entry graph_handle 0x147534c
04-23 16:16:01.554   1283   4623 I PAL:  API: pal_stream_start: 331: Exit. status 0
04-23 16:16:01.554   1283   4623 I AHAL:  AudioStream: configurePalOutputStream: 3441: notify GEF client of device config
04-23 16:16:01.554   1283   4623 D generic_effect_ar:  gef_device_config_cb: stream type=6 sample_rate=48000 device=2
04-23 16:16:01.555   1283   4623 D AHAL:  AudioStream: ~AutoPerfLock: 144: (release) perf_lock_handle: 0x577, count: 1
04-23 16:16:01.555   1283   4623 D AHAL:  AudioStream: ~AutoPerfLock: 148: Releasing perf_lock_handle: 0x577
04-23 16:16:01.555   1359   6185 D AGM:  graph: graph_start: 962 exit, ret 0
04-23 16:16:01.570   6185   6185 W  :  ------------[ cut here ]------------
04-23 16:16:01.570   6185   6185 W  :  Unbalanced enable for IRQ 338
04-23 16:16:01.570   6185   6185 W : WARNING:  CPU: 2 PID: 6185 at kernel/irq/manage.c:761 enable_irq+0xa0/0x1dc
04-23 16:16:01.570   6185   6185 I : Modules linked in:  ipa_clientsm(O) rndisipam(O) ipanetm(O) qca6490(O) msm_drm(O) cradle_driver(O) camera(O) charging_profiles(O) msm_video(O) dl_config(O) battery_gauge(O) soho_irda(O) dl_barcode_buffer(O) hall_sensor(O) ipam(O) battery_eeprom(O) dl_keypad(O) machine_dlkm(O) dl_glink(O) rmnet_perf(O) dl_persist(O) rmnet_offload(O) factory_data(O) rmnet_perf_tether(O) xenon(O) rmnet_aps(O) rmnet_shs(O) wcd937x_dlkm(O) lpass_cdc_wsa2_macro_dlkm(O) stm_st54se_gpio(O) rmnet_wlan(O) msm_mmrm(O) aw8155x_dlkm(O) lpass_cdc_tx_macro_dlkm(O) rmnet_sch(O) lpass_cdc_wsa_macro_dlkm(O) micbias_runtime_dlkm(O) lpass_cdc_va_macro_dlkm(O) rmnet_core(O) hdmi_dlkm(O) wsa883x_dlkm(O) wcd937x_slave_dlkm(O) lpass_cdc_rx_macro_dlkm(O) rmnet_ctl(O) swr_dmic_dlkm(O) lpass_cdc_dlkm(O) gsim(O) wcd938x_dlkm(O) wcd938x_slave_dlkm(O) wcd9xxx_dlkm(O) wsa881x_dlkm(O) stub_dlkm(O) swr_haptics_dlkm(O) mbhc_dlkm(O) audio_prm_dlkm(O) pinctrl_lpi_dlkm(O) wcd_core_dlkm(O) swr_ctrl_dlkm(O)
04-23 16:16:01.570   6185   6185 I  :  audio_pkt_dlkm(O) adsp_loader_dlkm(O) spf_core_dlkm(O) gpr_dlkm(O) q6_dlkm(O) swr_dlkm(O) snd_event_dlkm(O) stm_console coresight_replicator q6_notifier_dlkm(O) cfg80211 coresight_hwevent coresight_dummy q6_pdr_dlkm(O) coresight_tpda coresight_stm stm_p_ost qrtr_mhi coresight_remote_etm audpkt_ion_dlkm(O) coresight_tgu stm_p_basic coresight_tpdm snd_usb_audio_qmi qrtr_smd qrtr_gunyah slim_qcom_ngd_ctrl stm_ftrace qcom_q6v5_adsp nu1619 coresight_tmc leds_gpio stm_core gw_accessory coresight_funnel leds_qpnp_vibrator_ldo dl_accessory qcom_q6v5_pas usb_f_gsi coresight_csr qdss_bridge qcom_esoc hwmon qcom_q6v5 coresight_cti qcom_spmi_adc5 qcedev_mod leds_qpnp_flash_v2 usb_f_qdss hotswap_sgm62110 hotswap_aw32001a_charger nu1619_firmware dl_psy coresight qce50 gh_virtio_backend qcom_pil_info qcom_sysmon icc_test qcom_vadc_common tz_log usb_bam ipa_fmwk leds_aw99703_kpd sps_drv leds_qti_tri_led leds_aw99703 leds_aw91xxx qcom_cpufreq_hw_debug leds_aw2015 qcom_lpm
04-23 16:16:01.571   6185   6185 I  :  qti_userspace_cdev bt_fm_slim leds_aw2016 leds_aw210xx qti_devfreq_cdev qti_cpufreq_cdev slimbus regulator_aop_cdev sdpm_clk btpower ddr_cdev qti_qmi_cdev radio_i2c_rtc6226_qca schgm_flash bcl_soc policy_engine sgm6211x_boost qti_qmi_sensor_v2 semi_touch_driver qcom_pon dl_gpio_keys reboot_mode i2c_msm_geni f_fs_ipc_log synx_driver sgm7220 dl_ldc2112 qcom_spmi_temp_alarm goodix_core pm8941_pwrkey qcom_ipc_lite qti_battery_charger_main hotswap_bakbatt ilitek_i2c usb_f_cdev rtc_max31341 nt36xxx_spi hxchipset qpnp_power_on nt36xxx_i2c usb_f_ccid focaltech_fts tca8418_keypad usb_f_diag gh_mem_notifier matrix_keymap ehset cnss2 gh_irq_lend lvstest dwc3_msm spmi_glink_debug spi_msm_geni cnss_utils phy_msm_ssusb_qmp cnss_nl qcom_i2c_pmic cnss_prealloc phy_qcom_emu msm_sharedmem cnss_plat_ipc_qmi_svc nxpnfc_i2c_pn722x sg nfc_i2c icnss2 nxpnfc_i2c qfprom_sys spmi_pmic_arb_debug spidev_m15 hdcp rfid_sim3600_driver cpufreq_stats_scmi zram hvc_gunyah qcom_pm8008_regulator
04-23 16:16:01.571   6185   6185 I  :  qcom_iommu_debug frpc_adsprpc qpnp_lcdb_regulator phy_msm_snps_hs scap_gpio qti_adc_tm memlat cradle_hall qcom_logbuf_vendor_hooks qcom_sync_file cpufreq_stats_vendor fsa4480_i2c eud ucsi_glink rdbg msm_rng wlan_firmware_service hung_task_enh panel_event_notifier rimps_log shared_rail_scmi pmu_scmi pmu_vendor shared_rail_vendor bwmon plh_scmi cdsprm plh_vendor msm_ext_display hyp_core_ctl sys_pm_vx guestvm_loader oem_glink charger_ulog_glink qti_battery_debug altmode_glink pmic_pon_log msm_show_epoch qcom_soc_wdt pmic_glink glink_pkt glink_probe smcinvoke_mod dl_accessory_shared qcom_rimps smp2p_sleepstate dcc_v2 rq_stats microdump_collector subsystem_sleep_stats qseecom_mod sysmon_subsystem_stats core_hang_detect soc_sleep_stats smp2p msm_memshare heap_mem_ext_v01 boot_stats pdr_interface qmi_helpers cdsp_loader camcc_parrot gpio_pca953x gpi qcom_cpuss_sleep_stats dl_utils gpucc_ravelin camcc_ravelin qcom_ramdump phy_qcom_ufs_qmp_v4_anarok clk_spmi_pmic_div
04-23 16:16:01.571   6185   6185 I  :  gpucc_parrot debugcc_parrot mhi_dev_netdev pinctrl_spmi_mpp phy_qcom_ufs_qmp_14nm phy_qcom_ufs_qmp_v3 debugcc_ravelin bam_dma videocc_parrot pinctrl_spmi_gpio msm_show_resume_irq lzo pwm_qti_lpg qpnp_pbs lzo_rle phy_qcom_ufs_qmp_v4_cape phy_qcom_ufs_qmp_v4_lahaina mhi_dev_uci mhi_dev_dtr mhi phy_qcom_ufs_qmp_v4_waipio phy_qcom_ufs_qmp_v4_diwali zsmalloc msm_sysstats msm_kgsl msm_performance mdt_loader msm_11ad_proxy pci_msm_drv rproc_qcom_common qcom_smd qcom_glink_smem qcom_glink dispcc_ravelin bcl_pmic5 rtc_pm8xxx qcom_reboot_reason spmi_pmic_arb qcom_spmi_pmic regmap_spmi qti_regmap_debugfs nvmem_qcom_spmi_sdam qti_fixed_regulator rpmh_regulator gh_ctrl phy_qcom_ufs_qmp_v4_parrot ufs_qcom ufshcd_crypto_qti phy_qcom_ufs_qrbtc_sdm845 phy_qcom_ufs sdhci_msm cqhci crypto_qti_common crypto_qti_hwkm hwkm tmecom_intf sdhci_msm_scaling nvmem_qfprom stub_regulator msm_qmp qcom_aoss qrtr qcom_ipcc qcom_dload_mode qcom_cpu_vendor_hooks phy_generic msm_geni_serial
04-23 16:16:01.572   6185   6185 I  :  msm_geni_se memory_dump_v2 mem_offline mem_hooks mem_buf qcom_dma_heaps msm_dma_iommu_mapping mem_buf_dev gh_rm_drv gh_dbl gh_arm_drv gh_msgq arm_smmu iommu_logger qcom_iommu_util secure_buffer cpu_hotplug thermal_pause qcom_tsens qnoc_ravelin qnoc_parrot qnoc_qos icc_rpmh socinfo icc_debug icc_bcm_voter sched_walt qcom_cpufreq_hw pinctrl_ravelin pinctrl_parrot pinctrl_msm qcom_pdc gcc_ravelin gcc_parrot dispcc_parrot clk_rpmh clk_dummy clk_qcom gdsc_regulator proxy_consumer debug_regulator qcom_dcvs dcvs_fp qcom_rpmh cmd_db qcom_ipc_logging qcom_pmu_lib gh_virt_wdt qcom_wdt_core qcom_scm minidump smem qcom_hwspinlock
04-23 16:16:01.572   6185   6185 I : CPU:  2 PID: 6185 Comm: HwBinder:1359_B Tainted: G        W  O      5.10.246-android12-9-00012-g730d06ec05ff-ab15159037 #1
04-23 16:16:01.572   6185   6185 I Hardware name:  Datalogic SOHO DVT (DT)
04-23 16:16:01.572   6185   6185 I pstate:  60400085 (nZCv daIf +PAN -UAO -TCO BTYPE=--)
04-23 16:16:01.572   6185   6185 I pc:  enable_irq+0xa0/0x1dc
04-23 16:16:01.572   6185   6185 I lr:  enable_irq+0xa0/0x1dc
04-23 16:16:01.572   6185   6185 I sp:  ffffffc017933a20
04-23 16:16:01.572   6185   6185 I : x29:  ffffffc017933a30 x28: ffffff8022dcb780
04-23 16:16:01.572   6185   6185 I : x27:  0000000000000001 x26: 0000000000000001
04-23 16:16:01.572   6185   6185 I : x25:  0000000000000002 x24: 0000000000000000
04-23 16:16:01.572   6185   6185 I : x23:  ffffffdce383caa8 x22: ffffffdcdd1fb618
04-23 16:16:01.572   6185   6185 I : x21:  0000000000000005 x20: 0000000000000152
04-23 16:16:01.572   6185   6185 I : x19:  ffffff805df9b200 x18: ffffffc00ffc7080
04-23 16:16:01.572   6185   6185 I : x17:  0000000000000000 x16: 000000000004c768
04-23 16:16:01.572   6185   6185 I : x15:  0000000000000004 x14: 0000000000000de7
04-23 16:16:01.572   6185   6185 I : x13:  ffffff8839e23fe8 x12: 0000000000000003
04-23 16:16:01.572   6185   6185 I : x11:  00000000ffffffff x10: c000000100008de7
04-23 16:16:01.572   6185   6185 I : x9:  7bea12511b2fe900 x8 : 7bea12511b2fe900
04-23 16:16:01.572   6185   6185 I : x7:  302e32343432205b x6 : ffffffdce49c5e7c
04-23 16:16:01.572   6185   6185 I : x5:  ffffffffffffffff x4 : 0000000000000000
04-23 16:16:01.572   6185   6185 I : x3:  ffffffdce40fcdac x2 : ffffff8839ec4a88
04-23 16:16:01.572   6185   6185 I : x1:  0000000000000001 x0 : 000000000000001d
04-23 16:16:01.572   6185   6185 I  :  enable_irq+0xa0/0x1dc
04-23 16:16:01.572   6185   6185 I  :  wcd_enable_irq+0x20/0x48 [wcd_core_dlkm]
04-23 16:16:01.572   6185   6185 I  :  wsa883x_event_notify+0x10c/0x290 [wsa883x_dlkm]
04-23 16:16:01.572   6185   6185 I  :  blocking_notifier_call_chain+0x7c/0x104
04-23 16:16:01.572   6185   6185 I  :  lpass_cdc_wsa_pa_on+0x60/0xb4 [lpass_cdc_dlkm]
04-23 16:16:01.572   6185   6185 I  :  lpass_cdc_wsa_macro_mute_stream+0x68/0x2dc [lpass_cdc_wsa_macro_dlkm]
04-23 16:16:01.572   6185   6185 I  :  soc_pcm_prepare+0x2bc/0x384
04-23 16:16:01.573   6185   6185 I  :  snd_pcm_do_prepare+0xa0/0x118
04-23 16:16:01.573   6185   6185 I  :  snd_pcm_action_single+0x74/0x180
04-23 16:16:01.573   6185   6185 I  :  snd_pcm_action_nonatomic+0xd0/0x144
04-23 16:16:01.573   6185   6185 I  :  snd_pcm_common_ioctl+0x1378/0x1cb4
04-23 16:16:01.573   6185   6185 I  :  snd_pcm_ioctl+0x38/0x54
04-23 16:16:01.573   6185   6185 I  :  __arm64_sys_ioctl+0x174/0x1f8
04-23 16:16:01.573   6185   6185 I  :  el0_svc_common+0xd4/0x270
04-23 16:16:01.573   6185   6185 I  :  el0_svc+0x28/0x98
04-23 16:16:01.573   6185   6185 I  :  el0_sync_handler+0x8c/0xf0
04-23 16:16:01.573   6185   6185 I  :  el0_sync+0x1b8/0x1c0
04-23 16:16:01.573   6185   6185 W  :  ---[ end trace 280c40a3f641cd42 ]---
04-23 16:16:01.568   1283   9085 D AHAL:  AudioStream: out_update_source_metadata_v7: 1001: track count is 1 for usecase(1: low-latency-playback)
04-23 16:16:01.568   1283   9085 D AHAL:  AudioStream: out_update_source_metadata_v7: 1033: Source metadata usage:13 content_type:4
04-23 16:16:01.568   1283   9085 D AHAL:  AudioStream: SetAggregateSourceMetadata: 3701: Agreegated Source metadata usage:13 content_type:4
04-23 16:16:01.570    950   1535 I sscrpcd:  vendor/qcom/proprietary/adsprpc/src/apps_std_imp.c:860: Successfully opened file /sys/class/power_supply/battery/current_now
04-23 16:16:01.620   1318   8175 E sensors-hal:  handle_sns_client_event:79, sar_event: ts=2649632240233, near_far_state=3.000000
04-23 16:16:01.620   1318   8175 E sensors-hal:  handle_sns_client_event:81, diff[0] = 767.000000, diff[1]=274.000000,diff[2] = 0.000000,diff[4] = 0.000000,diff[5] = 0.000000,
04-23 16:16:01.620   1318   8175 E sensors-hal:  handle_sns_client_event:83, date[6] = 8908.000000, offset[0]=-215000.000000,offset[1] = 0.000000,offset[2] = 0.000000,offset[4] = -0.000000,
04-23 16:16:01.620   1318   8175 E sensors-hal:  handle_sns_client_event:85, ph0_cs4 = -0.000000, ph1_cs3=0.000000,ph2_cs0 = 0.000000,ph4_cs6 = 0.000000,
04-23 16:16:01.623   4942   4942 D WifiSarService:  [onSensorChanged] sar sensor value: 3.0
04-23 16:16:01.710   4875   4875 I fftj:  (REDACTED) O received %s
04-23 16:16:01.720   4875   5509 I BrdcstRcvrMsgr:  (REDACTED) sendMessage(): received broadcast id:%d with action:%s
04-23 16:16:01.721   4875   4875 I AmbBrdcstRcvrServClient:  (REDACTED) handleRefreshAction(): not handling %s
04-23 16:16:01.747   2096   5254 D ActivityManager:  sync unfroze 28780 com.google.android.gms for 7
04-23 16:16:01.751   2096   5254 D ActivityManager:  sync unfroze 18673 com.google.android.apps.restore for 7
04-23 16:16:01.753   2096   5254 D ActivityManager:  sync unfroze 31803 com.google.android.adservices.api for 7
04-23 16:16:01.755   2096   5254 D ActivityManager:  sync unfroze 31749 com.google.android.apps.photos for 7
04-23 16:16:01.768   2096   2188 W ProcessStats:  Tracking association SourceState{28f4e3 com.google.android.apps.restore/10116 BFgs #17265} whose proc state 4 is better than process ProcessState{3ac14d5 com.google.android.apps.photos/10146 pkg=com.google.android.apps.photos} proc state 14 (9 skipped)
04-23 16:16:01.770   1205   1238 I netd:  tetherGetStats() -> {[]} <3.21ms>
04-23 16:16:01.772  22807  28274 I A:  Calling beginBinderSession().
04-23 16:16:01.774   4875   5509 I BrdcstRcvrMsgr:  disconnect()
04-23 16:16:01.775  22807  22807 I ahnx:  getLocaleToModelSpecsMap
04-23 16:16:01.775  22807  22807 I ahnx:  Fetching latest config from MDD...
04-23 16:16:01.776  22807  22807 I ahnx:  (REDACTED) Found map of size: %d
04-23 16:16:01.776   4875   5509 E BrdcstRcvrMsgr:  SvcConn: binder null, could not send broadcast of action
04-23 16:16:01.779  22807  22807 I ahpe:  (REDACTED) hasHotwordEverywhere-%b
04-23 16:16:01.811  22532  22742 W PowerStateManagerImplKt:  <DWB> Stop listening to nest dock changes as it is disabled and ramped down.
04-23 16:16:01.820   1318   8175 E sensors-hal:  handle_sns_client_event:79, sar_event: ts=2649827423827, near_far_state=1.000000
04-23 16:16:01.820   1318   8175 E sensors-hal:  handle_sns_client_event:81, diff[0] = 571.000000, diff[1]=175.000000,diff[2] = 0.000000,diff[4] = 0.000000,diff[5] = 0.000000,
04-23 16:16:01.820   1318   8175 E sensors-hal:  handle_sns_client_event:83, date[6] = 8421.000000, offset[0]=-312500.000000,offset[1] = 0.000000,offset[2] = 0.000000,offset[4] = -0.000000,
04-23 16:16:01.820   1318   8175 E sensors-hal:  handle_sns_client_event:85, ph0_cs4 = -0.000000, ph1_cs3=0.000000,ph2_cs0 = 0.000000,ph4_cs6 = 0.000000,
04-23 16:16:01.820   4942   4942 D WifiSarService:  [onSensorChanged] sar sensor value: 1.0
04-23 16:16:01.824   3819   3819 D TileServices:  Couldn't find tile for ComponentInfo{com.google.android.apps.wellbeing/com.google.android.apps.wellbeing.screen.ui.GrayscaleTileService}(0)
04-23 16:16:01.826  22196  28482 I FusedLocation:  stationary throttling engaged @30s [CONTEXT service_id=6 ]
04-23 16:16:01.828   1205  32320 I resolv:  GetAddrInfoHandler::run: {100 786532 100 983140 10124 0}
04-23 16:16:01.829   1205  32322 I resolv:  res_nmkquery: (QUERY, IN, A)
04-23 16:16:01.830  22196  32182 I NetworkScheduler.Stats:  Task com.google.android.gms/com.google.android.gms.autofill.events.AutofillGcmTaskService started execution. cause:6 exec_start_elapsed_seconds: 2649 [CONTEXT service_id=218 ]
04-23 16:16:01.831  22532  22743 W PowerStateManagerImplKt:  <DWB> Stop listening to nest dock changes as it is disabled and ramped down.
04-23 16:16:01.832  22196  22335 I FusedLocation:  stationary throttling engaged @10m [CONTEXT service_id=6 ]
04-23 16:16:01.836  22532  22735 W PowerStateManagerImplKt:  <DWB> Removing nest dock from connections...connections: [1].
04-23 16:16:01.840  28780  28780 D BoundBrokerSvc:  onUnbind: Intent { act=com.google.android.gms.common.BIND_SHARED_PREFS pkg=com.google.android.gms }
04-23 16:16:01.859  28780  28780 D BoundBrokerSvc:  onBind: Intent { act=com.google.android.gms.common.BIND_SHARED_PREFS pkg=com.google.android.gms }
04-23 16:16:01.859  28780  28780 D BoundBrokerSvc:  Loading bound service for intent: Intent { act=com.google.android.gms.common.BIND_SHARED_PREFS pkg=com.google.android.gms }
04-23 16:16:01.863  22196  32326 I NetworkScheduler.Stats:  Task com.google.android.gms/com.google.android.gms.autofill.events.AutofillGcmTaskService finished executing. cause:6 result: 1 elapsed_millis: 48 uptime_millis: 48 exec_start_elapsed_seconds: 2649 [CONTEXT service_id=218 ]
04-23 16:16:01.887   1205  32322 I resolv:  res_nsend: used send_dg 258 terrno: 0
04-23 16:16:01.887   1205  32322 I resolv:  doQuery: rcode=0, ancount=13, return value=258
04-23 16:16:01.901   1388  32296 D vendor.qti.vibrator:  Notifying on complete
04-23 16:16:01.902   1388   1388 D vendor.qti.vibrator:  QTI Vibrator off
04-23 16:16:01.935  28780  31925 I gle.android.gms:  Explicit concurrent mark compact GC freed 1476KB AllocSpace bytes, 0(0B) LOS objects, 49% free, 9951KB/19MB, paused 400us,3.815ms total 122.521ms
04-23 16:16:01.938  28780  28786 W System:  A resource failed to call close.
04-23 16:16:01.938  28780  28786 W System:  A resource failed to call SQLiteConnectionPool.close.
04-23 16:16:01.939  28780  28786 W SQLiteConnectionPool:  A SQLiteConnection object for database '/data/user/0/com.google.android.gms/databases/mobstore_gc_db_v0' was leaked!  Please fix your application to end transactions in progress properly and to close the database when it is no longer needed.
04-23 16:16:01.939  28780  28786 W System:  A resource failed to call SQLiteConnection.close.
04-23 16:16:01.998  32272  32272 I dl-acc soc:  dl-acc: dl_accessory_ucsi_notifier acc 0 role 1 partner_usb 1, partner_alternate_mode 0 partner_change 1 connect 1
04-23 16:16:01.999  32272  32272 I dl-acc soc:  dl-acc: dl_accessory_ucsi_notifier usb_cable_role = USB_ROLE_DEVICE
04-23 16:16:02.003  32272  32272 I dl-acc soc:  dl-acc: dl_accessory_ucsi_notifier acc 0 role 1 partner_usb 1, partner_alternate_mode 0 partner_change 0 connect 1
04-23 16:16:02.003  32272  32272 I dl-acc soc:  dl-acc: dl_accessory_ucsi_notifier usb_cable_role = USB_ROLE_DEVICE
04-23 16:16:02.011  30059  30059 I msm-dwc3 a600000.ssusb:  DWC3 exited from low power mode
04-23 16:16:02.016  30059  30059 I dwc3 a600000.dwc3:  Set IRQ thread:irq/274-dwc3 pid:31329 to SCHED_NORMAL prio
04-23 16:16:02.048  32118  32118 I dl-acc soc:  dl-acc: dlacc_detection_work_handler+
04-23 16:16:02.048  32118  32118 I dl-acc soc:  dl-acc: USB connection
04-23 16:16:02.048  32118  32118 I : dlacc_active_path gpio is: 3
04-23 16:16:02.048  32118  32118 I : dlacc_active_path gpio is: 4
04-23 16:16:02.048  32118  32118 I : dlacc_active_path gpio is: 0
04-23 16:16:02.059   3819   4781 D PowerUI:  can't show warning due to - plugged: true status unknown: false
04-23 16:16:02.071   3819   4984 D PowerUI:  can't show warning due to - plugged: true status unknown: false
04-23 16:16:02.123  32292  32292 I msm-usb-hsphy 88e3000.hsphy:  Avail curr from USB = 2
04-23 16:16:02.182   1285   4367 I vendor.qti.bluetooth@1.0-ibs_handler:  DeviceSleep: TX Awake, Sending SLEEP_IND
04-23 16:16:02.182   1285   4367 D vendor.qti.bluetooth@1.0-ibs_handler:  SerialClockVote: vote for UART CLK OFF
04-23 16:16:02.207   2096   2178 W PermissionService:  getPermissionFlags: Unknown user -1
04-23 16:16:02.207   2096   2178 W PermissionService:  getPermissionFlags: Unknown user -1
04-23 16:16:02.209   2096   2178 D UsbDeviceManager:  push notification:Charging this device via USB
04-23 16:16:02.309  32292  32292 I android_work:  sent uevent USB_STATE=CONNECTED
04-23 16:16:02.301   2096   2178 W PermissionService:  getPermissionFlags: Unknown user -1
04-23 16:16:02.301   2096   2178 W PermissionService:  getPermissionFlags: Unknown user -1
04-23 16:16:02.315  32292  32292 I msm-usb-hsphy 88e3000.hsphy:  Avail curr from USB = 100
04-23 16:16:02.312   3950   4025 I Tethering:  USB bcast connected:true configured:false rndis:false ncm:false
04-23 16:16:02.313   5148   5332 D DL-UsbPropertyManager:  broadcast receiver - action `android.hardware.usb.action.USB_STATE` received - usb state changed
04-23 16:16:02.317   2096   2188 D ActivityManager:  sync unfroze 9098 com.android.DeviceAsWebcam for 3
04-23 16:16:02.318   5148   5332 D DL-UsbPropertyManager:  get - USB current functions are 0000, this function is `0`
04-23 16:16:02.318   5148   5332 D DL-UsbPropertyManager:  get - property USB_CURRENT_FUNCTION has value `0`
04-23 16:16:02.318   5148   5332 D DL-UsbPropertyManager.BaseConfigurationObserver:  updateConfigurationValue - property USB_CURRENT_FUNCTION is updated to value `0`
04-23 16:16:02.318   5148   5332 D DL-ConfigurationManagerService:  onNotifyChanged - properties={USB_CURRENT_FUNCTION=0}
04-23 16:16:02.320   5148   5332 D DL-UsbPropertyManager:  broadcast receiver - USB connection is now set to `true`
04-23 16:16:02.320   5148  32334 D DL-ConfigurationManagerService:  onNotify - boot=false BEGIN
04-23 16:16:02.321   5148  32334 D DL-ConfigurationManagerService:  onNotify - boot=false, property USB_CURRENT_FUNCTION=0, value changed
04-23 16:16:02.321   5148  32334 D DL-ConfigurationManagerService:  notifyObservers - no properties to be notified to observer `AdvancedKeyboardService`(id #3)
04-23 16:16:02.321   5148  32334 D DL-ConfigurationManagerService:  notifyObservers - no properties to be notified to observer `BluetoothPropertyManager`(id #15)
04-23 16:16:02.321   5148  32334 D DL-ConfigurationManagerService:  notifyObservers - no properties to be notified to observer `ExtendedBatterySaverPropertyManager`(id #5)
04-23 16:16:02.321   5148  32334 D DL-ConfigurationManagerService:  notifyObservers - no properties to be notified to observer `DL-UxSettingsConfigurationObserver`(id #26)
04-23 16:16:02.321   5148  32334 D DL-ConfigurationManagerService:  notifyObservers - no properties to be notified to observer `SosTriggerPropertyManager`(id #22)
04-23 16:16:02.321   5148  32334 D DL-ConfigurationManagerService:  notifyObservers - no properties to be notified to observer `DisplayPropertyManager`(id #18)
04-23 16:16:02.322   5148  32334 D DL-ConfigurationManagerService:  notifyObservers - no properties to be notified to observer `DualSimPropertyManager`(id #24)
04-23 16:16:02.322   5148  32334 D DL-ConfigurationManagerService:  notifyObservers - no properties to be notified to observer `PowerManagerService`(id #0)
04-23 16:16:02.322   5148  32334 D DL-ConfigurationManagerService:  notifyObservers - no properties to be notified to observer `PowerPropertyManager`(id #13)
04-23 16:16:02.322   5148  32334 D DL-ConfigurationManagerService:  notifyObservers - no properties to be notified to observer `PttPropertyManager`(id #20)
04-23 16:16:02.322   5148  32334 D DL-ConfigurationManagerService:  notifyObservers - no properties to be notified to observer `RFIDService`(id #27)
04-23 16:16:02.322   5148  32334 D DL-ConfigurationManagerService:  notifyObservers - no properties to be notified to observer `UISettingsPropertyManager`(id #16)
04-23 16:16:02.323   5148   5332 D DL-UsbPropertyManager:  get - USB current functions are 0000, this function is `0`
04-23 16:16:02.323   5148   5332 D DL-UsbPropertyManager:  get - property USB_DEFAULT_FUNCTION has value `0`
04-23 16:16:02.323   5148  32334 D DL-ConfigurationManagerService:  notifyObservers - no properties to be notified to observer `PowerStatusService.PropertyManager`(id #4)
04-23 16:16:02.324   5148  32334 D DL-ConfigurationManagerService:  notifyObservers - no properties to be notified to observer `DeveloperOptionsPropertyManager`(id #17)
04-23 16:16:02.324   9098   9098 E DeviceAsWebcamReceiver:  UVC support isn't enabled, why do we have DeviceAsWebcam installed ?
04-23 16:16:02.324   5148  32334 D DL-ConfigurationManagerService:  notifyObservers - properties to be notified to observer `ConfigurationManager by com.datalogic.extension.netconfighelper.HelperService.onStartCommand`(id #28): {USB_CURRENT_FUNCTION=0}
04-23 16:16:02.324   5148  32334 D DL-ConfigurationManagerService:  notifyObserverInBackgroundSync - wait to synchronize with notifyObserverInBackgroundSync task
04-23 16:16:02.325   5148  32335 D DL-ConfigurationManagerService:  notifyObserverInBackgroundSync - start task
04-23 16:16:02.325   5148   5332 D DL-UsbPropertyManager.BaseConfigurationObserver:  updateConfigurationValue - property USB_DEFAULT_FUNCTION is updated to value `0`
04-23 16:16:02.325   5148   5332 D DL-ConfigurationManagerService:  onNotifyChanged - properties={USB_DEFAULT_FUNCTION=0}
04-23 16:16:02.326   5148  32335 D DL-ConfigurationManagerService:  notifyObserverInBackgroundSync - calling onConfigurationChanged of remote observer `ConfigurationManager by com.datalogic.extension.netconfighelper.HelperService.onStartCommand`(#28) (properties={USB_CURRENT_FUNCTION=0})
04-23 16:16:02.326   5148   5332 D DL-UsbPropertyManager:  broadcast receiver - USB functions updated
04-23 16:16:02.327   6276   6377 D DL-ConfigurationManager:  onConfigurationChanged(properties={USB_CURRENT_FUNCTION=0}, persist=true)
04-23 16:16:02.327   2096   2188 D ActivityManager:  sync unfroze 5538 android.process.media for 3
04-23 16:16:02.327   6276   6377 D DL-ConfigurationManager:  onConfigurationChanged(id=USB_CURRENT_FUNCTION, value=0)
04-23 16:16:02.327   6276   6377 D DL-Property:   onInternalChangeSet(id=USB_CURRENT_FUNCTION, value=NONE, SUPPORTED)
04-23 16:16:02.328   6276   7246 E DL-ConfigurationManager:  ConfigurationManager listener's callback called
04-23 16:16:02.328   5148  32335 D DL-ConfigurationManagerService:  notifyObserverInBackgroundSync - out from remote observer `ConfigurationManager by com.datalogic.extension.netconfighelper.HelperService.onStartCommand`(#28) onConfigurationChanged (errors=[])result=0
04-23 16:16:02.329   5148  32334 D DL-ConfigurationManagerService:  notifyObserverInBackgroundSync - task run end
04-23 16:16:02.329   5148  32334 D DL-ConfigurationManagerService:  notifyObservers - no properties to be notified to observer `TouchPropertyManager`(id #14)
04-23 16:16:02.329   5148  32334 D DL-ConfigurationManagerService:  notifyObservers - no properties to be notified to observer `ScannerService`(id #29)
04-23 16:16:02.329   5148  32334 D DL-ConfigurationManagerService:  notifyObservers - no properties to be notified to observer `SmartChargePropertyManager`(id #6)
04-23 16:16:02.329   5148  32334 D DL-ConfigurationManagerService:  notifyObservers - no properties to be notified to observer `DevicePropertyManager`(id #21)
04-23 16:16:02.329   5148  32334 D DL-ConfigurationManagerService:  notifyObservers - no properties to be notified to observer `NfcManagerService.PropertyManager`(id #25)
04-23 16:16:02.330   5148  32334 D DL-ConfigurationManagerService:  notifyObservers - no properties to be notified to observer `WifiPropertyManager`(id #9)
04-23 16:16:02.332   5148  32334 D DL-ConfigurationManagerService:  notifyObservers - no properties to be notified to observer `LocationPropertyManager`(id #23)
04-23 16:16:02.332   5148  32334 D DL-ConfigurationManagerService:  notifyObservers - no properties to be notified to observer `KeyboardPropertyManager`(id #19)
04-23 16:16:02.332   5148  32334 D DL-ConfigurationManagerService:  notifyObservers - no properties to be notified to observer `PowerLoggerService`(id #7)
04-23 16:16:02.332   5148  32334 D DL-ConfigurationManagerService:  notifyObservers - observer `UsbPropertyManager`(id #11) excluded
04-23 16:16:02.332   5148  32334 D DL-ConfigurationManagerService:  notifyObservers - no properties to be notified to observer `PosePropertyPropertyManager`(id #8)
04-23 16:16:02.332   5148  32334 D DL-ConfigurationManagerService:  notifyObservers - no properties to be notified to observer `DateAndTimePropertyManager`(id #10)
04-23 16:16:02.332   5148  32334 D DL-ConfigurationManagerService:  notifyObservers - no properties to be notified to observer `EthernetPropertyManager`(id #12)
04-23 16:16:02.332   5148  32334 D DL-ConfigurationManagerService:  notifyObservers - no properties to be notified to observer `BatteryManagerService`(id #1)
04-23 16:16:02.332   5148  32334 D DL-ConfigurationManagerService:  notifyObservers - no properties to be notified to observer `CradleManagerService`(id #2)
04-23 16:16:02.333   1285   4265 D vendor.qti.bluetooth@1.0-wake_lock:  Release wakelock is released
04-23 16:16:02.333   5148  32334 W ContextImpl:  Calling a method in the system process without a qualified user: android.app.ContextImpl.sendBroadcast:1249 com.datalogic.server.ConfigurationManagerService.sendBroadcastIntentConfigurationChanged:1583 com.datalogic.server.ConfigurationManagerService.sendBroadcastIntentConfigurationChanged:1569 com.datalogic.server.ConfigurationManagerService.onNotify:1269 com.datalogic.server.ConfigurationManagerService.access$800:54
04-23 16:16:02.336   5148  32334 D DL-ConfigurationManagerService:  sendBroadcastIntent(action=com.datalogic.device.intent.action.configuration.CHANGED, properties={USB_CURRENT_FUNCTION=0}
04-23 16:16:02.336   5148  32334 D DL-ConfigurationManagerService:  onNotify - boot=false END
04-23 16:16:02.336   5148  32336 D DL-ConfigurationManagerService:  onNotify - boot=false BEGIN
04-23 16:16:02.336   5148  32336 D DL-ConfigurationManagerService:  onNotify - boot=false, property USB_DEFAULT_FUNCTION=0, value not changed
04-23 16:16:02.336   5148  32336 D DL-ConfigurationManagerService:  onNotify - boot=false END
04-23 16:16:02.382   2264   2267 I libusbconfigfs:  event=1 on fd=5
04-23 16:16:02.382  17405  31324 I adbd:  USB event: FUNCTIONFS_ENABLE
04-23 16:16:02.383   1267   1267 D Diag-Router:  diag: ep0_recv: received usb enable event for mux id: 0
04-23 16:16:02.383   1267   1267 E Diag-Router:  diag: diag_ffs_enable: Add USB fd: 12 with mux_id: 0 to readq
04-23 16:16:02.383   1267   1267 D Diag-Router:  diag: setting max_packetsize 512 for 13
04-23 16:16:02.383   1267   1267 I Diag-Router:  diag:  use iovec for fd: 13
04-23 16:16:02.383  17405  32338 I adbd:  UsbFfs-worker thread spawned
04-23 16:16:02.397  32292  32292 I msm-usb-hsphy 88e3000.hsphy:  Avail curr from USB = 500
04-23 16:16:02.398  32291  32291 I android_work:  sent uevent USB_STATE=CONFIGURED
04-23 16:16:02.390   5148   5332 D DL-UsbPropertyManager:  broadcast receiver - action `android.hardware.usb.action.USB_STATE` received - usb state changed
04-23 16:16:02.392   5148   5332 D DL-UsbPropertyManager:  get - USB current functions are 0000, this function is `0`
04-23 16:16:02.392   5148   5332 D DL-UsbPropertyManager:  get - property USB_CURRENT_FUNCTION has value `0`
04-23 16:16:02.392   5148   5332 D DL-UsbPropertyManager.BaseConfigurationObserver:  updateConfigurationValue - property USB_CURRENT_FUNCTION is updated to value `0`
04-23 16:16:02.393   5148   5332 D DL-ConfigurationManagerService:  onNotifyChanged - properties={USB_CURRENT_FUNCTION=0}
04-23 16:16:02.395   5148   5332 D DL-UsbPropertyManager:  broadcast receiver - USB connection is now set to `true`
04-23 16:16:02.395   3950   4025 I Tethering:  USB bcast connected:true configured:true rndis:false ncm:false
04-23 16:16:02.396   5148  32339 D DL-ConfigurationManagerService:  onNotify - boot=false BEGIN
04-23 16:16:02.396   5148  32339 D DL-ConfigurationManagerService:  onNotify - boot=false, property USB_CURRENT_FUNCTION=0, value not changed
04-23 16:16:02.396   5148  32339 D DL-ConfigurationManagerService:  onNotify - boot=false END
04-23 16:16:02.396   9098   9098 E DeviceAsWebcamReceiver:  UVC support isn't enabled, why do we have DeviceAsWebcam installed ?
04-23 16:16:02.396   5148   5332 D DL-UsbPropertyManager:  get - USB current functions are 0000, this function is `0`
04-23 16:16:02.396   5148   5332 D DL-UsbPropertyManager:  get - property USB_DEFAULT_FUNCTION has value `0`
04-23 16:16:02.397   5148   5332 D DL-UsbPropertyManager.BaseConfigurationObserver:  updateConfigurationValue - property USB_DEFAULT_FUNCTION is updated to value `0`
04-23 16:16:02.397   5148   5332 D DL-ConfigurationManagerService:  onNotifyChanged - properties={USB_DEFAULT_FUNCTION=0}
04-23 16:16:02.400   5148   5332 D DL-UsbPropertyManager:  broadcast receiver - USB functions updated
04-23 16:16:02.400   5148  32340 D DL-ConfigurationManagerService:  onNotify - boot=false BEGIN
04-23 16:16:02.400   5148  32340 D DL-ConfigurationManagerService:  onNotify - boot=false, property USB_DEFAULT_FUNCTION=0, value not changed
04-23 16:16:02.400   5148  32340 D DL-ConfigurationManagerService:  onNotify - boot=false END
04-23 16:16:02.417   2096   2096 W NotificationHistory:  Attempted to add notif for locked/gone/disabled user 0
04-23 16:16:02.466   3819   4290 D LocalImageResolver:  Couldn't use ImageDecoder for drawable, falling back to non-resized load.
04-23 16:16:02.478   3819   4290 D LocalImageResolver:  Couldn't use ImageDecoder for drawable, falling back to non-resized load.
04-23 16:16:02.514   2096   2096 D FlashNotifController:  requestStartFlashNotification
04-23 16:16:02.515   2096   2096 I FlashNotifController:  startFlashNotification: type=1, tag=android
04-23 16:16:02.515   2096   2096 D FlashNotifController:  Flash notification is disabled
04-23 16:16:02.522   2096   2096 W NotificationHistory:  Attempted to add notif for locked/gone/disabled user 0
04-23 16:16:02.535   2096   2096 W PermissionService:  getPermissionFlags: Unknown user -1
04-23 16:16:02.550   1633   7450 D NuPlayerDriver:  NuPlayerDriver(0xb400007c47872350) created, clientPid(3819)
04-23 16:16:02.551    395    395 I hwservicemanager:  getTransport: Cannot find entry android.hardware.media.omx@1.0::IOmx/default in either framework or device VINTF manifest.
04-23 16:16:02.552   1633   7450 D MediaPlayerService:  OMX service is not available
04-23 16:16:02.567   1633   7450 I ExtendedNuUtils:  printFileName fd(22) -> /data/system_de/0/ringtones/notification_sound_cache
04-23 16:16:02.570    950   1535 I sscrpcd:  vendor/qcom/proprietary/adsprpc/src/apps_std_imp.c:860: Successfully opened file /sys/class/power_supply/battery/current_now
04-23 16:16:02.572   3819   4290 D LocalImageResolver:  Couldn't use ImageDecoder for drawable, falling back to non-resized load.
04-23 16:16:02.573   1633  32345 D GenericSource:  FileSource remote
04-23 16:16:02.587   3819   4290 D LocalImageResolver:  Couldn't use ImageDecoder for drawable, falling back to non-resized load.
04-23 16:16:02.587   2096   5235 I MediaFocusControl:  requestAudioFocus() from uid/pid 10172/3819 AA=USAGE_NOTIFICATION/CONTENT_TYPE_SONIFICATION clientId=android.media.AudioManager@4193edb callingPack=com.android.systemui req=3 flags=0x0 sdk=35
04-23 16:16:02.588   2096   5235 I AS.FadeOutManager:  unfadeOutUid() uid:10172
04-23 16:16:02.595   1318   8175 E sensors-hal:  handle_sns_client_event:79, sar_event: ts=2650608235389, near_far_state=0.000000
04-23 16:16:02.595   1318   8175 E sensors-hal:  handle_sns_client_event:81, diff[0] = 154.000000, diff[1]=0.000000,diff[2] = 9.000000,diff[4] = 0.000000,diff[5] = 0.000000,
04-23 16:16:02.595   1318   8175 E sensors-hal:  handle_sns_client_event:83, date[6] = 8446.000000, offset[0]=-515000.000000,offset[1] = 0.000000,offset[2] = 0.000000,offset[4] = -0.000000,
04-23 16:16:02.595   1318   8175 E sensors-hal:  handle_sns_client_event:85, ph0_cs4 = -0.000000, ph1_cs3=0.000000,ph2_cs0 = 0.000000,ph4_cs6 = 0.000000,
04-23 16:16:02.595   4942   4942 D WifiSarService:  [onSensorChanged] sar sensor value: 0.0
04-23 16:16:02.596   4942   4942 D WifiSarService:  [updateSarScenario] sar sensor available: true, sar sensor near: false, voice call ongoing: false, wifi hotspot enabled: false
04-23 16:16:02.596   4942   4942 D WifiSarService:  [updateSarScenario] reset scenario
04-23 16:16:02.617   2096   2211 I DisplayPowerController2[0]:  Blocking screen on until initial contents have been drawn.
04-23 16:16:02.621   5003   5058 D ForegroundUtils:  Foreground UID status:
04-23 16:16:02.622   5003   5058 D ForegroundUtils:  UID: 10168 is in foreground: false
04-23 16:16:02.622   5003   5058 D ForegroundUtils:  UID: 10172 is in foreground: true
04-23 16:16:02.622   5003   5058 D ForegroundUtils:  UID: 10177 is in foreground: false
04-23 16:16:02.622   5003   5058 D ForegroundUtils:  UID: 10192 is in foreground: true
04-23 16:16:02.622   5003   5058 D ForegroundUtils:  UID: 10196 is in foreground: true
04-23 16:16:02.624   2096   2211 I DisplayBrightnessStrategySelector:  Changing the DisplayBrightnessStrategy from ScreenOffBrightnessStrategy to DozeBrightnessStrategy for display 0
04-23 16:16:02.625   2096   3773 I MR2ServiceImpl:  Updating composite discovery preference | preference: RouteDiscoveryRequest{ preferredFeatures={}, activeScan=false }, active routers: []
04-23 16:16:02.630   2096   2211 V DisplayPowerController2[0]:  Brightness [0.062992126] reason changing to: 'doze', previous reason: 'screen_off'.
04-23 16:16:02.630   2096   2211 I DisplayPowerController2[0]:  BrightnessEvent: disp=0, physDisp=local:4630947160343586177, displayState=ON, displayPolicy=DOZE, brt=0.062992126, initBrt=0.0, rcmdBrt=NaN, preBrt=NaN, lux=0.0, preLux=0.0, hbmMax=1.0, hbmMode=off, rbcStrength=50, thrmMax=1.0, powerFactor=1.0, wasShortTermModelActive=false, flags=, reason=doze, autoBrightness=false, strategy=DozeBrightnessStrategy, autoBrightnessMode=default
04-23 16:16:02.633   2096   3787 V DL-NativeProxy:  Resume requested start
04-23 16:16:02.633   5082  23554 V DL-ScannerServer:  removeSuspend start
04-23 16:16:02.651   5082   6868 V DL-scanToEVL_Stub:   scanEnable 939
04-23 16:16:02.652   5082   6868 I DL-SE_HAL:   ## se_hw_set_enable ##
04-23 16:16:02.652   5082   6868 E ACameraManager:  getCurrentDeviceId: Failed to call getDeviceIdsForUid to determine device id for uid 1000: No error
04-23 16:16:02.664   2096   2211 I DisplayPowerController2[0]:  Unblocked screen on after 46 ms
04-23 16:16:02.665   1318   1318 I sensors-hal:  batch:215, android.sensor.device_orientation/272, period=66667000, max_latency=0
04-23 16:16:02.665   1318   1318 I sensors-hal:  set_config:61, no need to adjust sample_period_ns due to reporting_mode = 2
04-23 16:16:02.665   1318   1318 I sensors-hal:  batch:224, android.sensor.device_orientation/272, period=66667000, max_latency=0 request completed
04-23 16:16:02.665   1318   1318 I sensors-hal:  activate:182, android.sensor.device_orientation/272 en=1
04-23 16:16:02.666   1318   1318 I sensors-hal:  get_qmi_debug_flag:239, support_qmi_debug : false
04-23 16:16:02.666   1622   1622 D Camera3-Utils:  Set real time priority for thread (tid 1622)
04-23 16:16:02.666   1622   1622 I CameraService:  CameraService::connect call (PID 5082 "client.pid<5082>", camera ID 1) and Camera API version 2
04-23 16:16:02.667   1266   1322 E minksocket:  MinkIPC_QRTR_Service: client with node 1 port 467a went down
04-23 16:16:02.667   2096   5056 E AppOps:  package client.pid<5082> not found, can't check for attributionTag null
04-23 16:16:02.667   2096   5056 E AppOps:  Bad call made by uid 1047. Package "client.pid<5082>" does not belong to uid 1000.
04-23 16:16:02.667   2096   5056 E AppOps:  Cannot checkOperation: non-application UID 1000
04-23 16:16:02.668   1622   1622 I Camera2ClientBase:  Camera 1: Opened. Client: client.pid<5082> (PID 5082, UID 1000)
04-23 16:16:02.668   1266   1322 E minksocket:  MinkIPC_QRTR_Service: client with node 1 port 467b went down
04-23 16:16:02.668   1622   1622 I CameraDeviceClient:  CameraDeviceClient 1: Opened
04-23 16:16:02.668   1622   1622 I CameraService:  makeClient: Camera2 API, rotationOverride 0
04-23 16:16:02.669   1266   1322 E minksocket:  MinkIPC_QRTR_Service: client with node 1 port 467c went down
04-23 16:16:02.669   1358   6708 I CamX:  [CORE_CFG][HAL    ] camxhal3.cpp:429 open() HalOp: Begin OPEN, logicalCameraId: 1, cameraId: 1
04-23 16:16:02.669   1358   6708 I CHIUSECASE:  [CORE_CFG ] chxextensionmodule.cpp:1604 ExtendOpen() Using XML for Logical Cameras -- file: netrani_soho.xml
04-23 16:16:02.670   5082   7021 W libc:  Access denied finding property "vendor.camera.aux.packagelist"
04-23 16:16:02.670   1358   6708 I CamX:  [CORE_CFG][HAL    ] camxhal3module.cpp:720 ProcessCameraOpen() Number of cameras opened 1
04-23 16:16:02.670   1318   1318 E sensors-hal:  send_sensor_config_request:462, dt=device_orient: convert sample_period=66667000 to batch_period=66667
04-23 16:16:02.670   1318   1318 E sensors-hal:  send_sensor_config_request:477, dt=device_orient, bp=66667, fp=0, resampling=0
04-23 16:16:02.670   1318   1318 I sensors-hal:  send_sync_sensor_request:340, send sync request
04-23 16:16:02.670   1364   1364 I SDM:  ResourceImpl::SetMaxBandwidthMode: new bandwidth mode=1
04-23 16:16:02.670   1318   1318 I sensors-hal:  send_sync_sensor_request:366, wait for notification of response
04-23 16:16:02.671   1266   1322 E minksocket:  MinkIPC_QRTR_Service: client with node 1 port 467d went down
04-23 16:16:02.672   1318  32351 I sensors-hal:  ssc_conn_resp_cb:629, resp_value = 0
04-23 16:16:02.672   1426   1426 W Layer:  gatherBufferInfo: Received unknown dataspace from gralloc
04-23 16:16:02.673   1318   1318 I sensors-hal:  send_sync_sensor_request:372, takes 2 ms to receive the response with 0
04-23 16:16:02.673   1318   1318 I sensors-hal:  activate:193, android.sensor.device_orientation/272 en=1 completed
04-23 16:16:02.673   1358   6708 I CamX:  [CORE_CFG][HAL    ] camxhal3.cpp:472 open() HalOp: End OPEN, logicalCameraId: 1, cameraId: 1
04-23 16:16:02.673   1358   6708 I CamX:  [CORE_CFG][HAL    ] camxthermalmanager.cpp:146 RegisterHALDevice() Registered pHALDevice=0xb400007def8046b0 CameraId=1
04-23 16:16:02.674   1358   6708 W libc:  Access denied finding property "ro.camera.req.fmq.size"
04-23 16:16:02.674   1358   6708 W libc:  Access denied finding property "ro.camera.res.fmq.size"
04-23 16:16:02.678   1622   1622 D cameraserver:  logFgsApiBegin: FGS Logger Transaction failed, -129
04-23 16:16:02.678   1622   1622 D Camera3-Utils:  Set regular priority for thread (tid 1622)
04-23 16:16:02.679   1283   9085 D AHAL:  AudioDevice: SetParameters: 1407: enter: cameraFacing=front
04-23 16:16:02.679   1283   9085 D AHAL:  AudioVoice: VoiceSetParameters: 90: Enter params: cameraFacing=front
04-23 16:16:02.679   1283   9085 D AHAL:  AudioVoice: VoiceSetParameters: 311: Exit ret: 0
04-23 16:16:02.680   1283   9085 D AHAL:  FM: fm_set_parameters: 262: Enter
04-23 16:16:02.680   1283   9085 D AHAL:  FM: fm_set_parameters: 320: exit
04-23 16:16:02.680   1283   9085 D AHAL:  AudioDevice: SetParameters: 2028: exit: cameraFacing=front
04-23 16:16:02.682   1622   1622 W libc:  Access denied finding property "vendor.display.enable_optimal_refresh_rate"
04-23 16:16:02.677   1622   1622 W binder: 1622_2: type=1400 audit(0.0:3073): avc:  denied  { read } for  name="u:object_r:vendor_display_prop:s0" dev="tmpfs" ino=427 scontext=u:r:cameraserver:s0 tcontext=u:object_r:vendor_display_prop:s0 tclass=file permissive=0
04-23 16:16:02.677   1622   1622 W binder: 1622_2: type=1400 audit(0.0:3074): avc:  denied  { read } for  name="u:object_r:vendor_sys_gpp_prop:s0" dev="tmpfs" ino=503 scontext=u:r:cameraserver:s0 tcontext=u:object_r:vendor_sys_gpp_prop:s0 tclass=file permissive=0
04-23 16:16:02.682   1622   1622 W libc:  Access denied finding property "vendor.gpp.create_frc_extension"
04-23 16:16:02.685   1622   1622 D Camera3-Utils:  Set real time priority for thread (tid 1622)
04-23 16:16:02.685   1358   1358 I CamX:  [CORE_CFG][HAL    ] camxhal3.cpp:1059 configure_streams() HalOp: Begin CONFIG: 0xb400007def8046c0, logicalCameraId: 1, cameraId: 1
04-23 16:16:02.685   1358   1358 I CamX:  [CORE_CFG][HAL    ] camxhal3.cpp:1082 configure_streams()   stream[0] = 0xb400007b848655d8 - info:
04-23 16:16:02.685   1358   1358 I CamX:  [CORE_CFG][HAL    ] camxhal3.cpp:1085 configure_streams()             format       : 36, HAL_PIXEL_FORMAT_RAW_OPAQUE
04-23 16:16:02.685   1358   1358 I CamX:  [CORE_CFG][HAL    ] camxhal3.cpp:1087 configure_streams()             width        : 800
04-23 16:16:02.685   1358   1358 I CamX:  [CORE_CFG][HAL    ] camxhal3.cpp:1089 configure_streams()             height       : 1364
04-23 16:16:02.685   1358   1358 I CamX:  [CORE_CFG][HAL    ] camxhal3.cpp:1092 configure_streams()             stream_type  : 00000000, CAMERA3_STREAM_OUTPUT
04-23 16:16:02.685   1358   1358 I CamX:  [CORE_CFG][HAL    ] camxhal3.cpp:1094 configure_streams()             usage        : 00000003
04-23 16:16:02.685   1358   1358 I CamX:  [CORE_CFG][HAL    ] camxhal3.cpp:1096 configure_streams()             max_buffers  : 0
04-23 16:16:02.686   1358   1358 I CamX:  [CORE_CFG][HAL    ] camxhal3.cpp:1099 configure_streams()             rotation     : 00000000, CAMERA3_STREAM_ROTATION_0
04-23 16:16:02.686   1358   1358 I CamX:  [CORE_CFG][HAL    ] camxhal3.cpp:1102 configure_streams()             data_space   : 00000001, HAL_DATASPACE_ARBITRARY
04-23 16:16:02.686   1358   1358 I CamX:  [CORE_CFG][HAL    ] camxhal3.cpp:1104 configure_streams()             priv         : 0x0
04-23 16:16:02.686   1358   1358 I CamX:  [CORE_CFG][HAL    ] camxhal3.cpp:1107 configure_streams()        physical_camera_id         :
04-23 16:16:02.686   1358   1358 I CamX:  [CORE_CFG][HAL    ] camxhal3.cpp:1111 configure_streams()        groupID         : -1
04-23 16:16:02.686   1358   1358 I CamX:  [CORE_CFG][HAL    ] camxhal3.cpp:1114 configure_streams()             reserved[0]         : 0x0
04-23 16:16:02.686   1358   1358 I CamX:  [CORE_CFG][HAL    ] camxhal3.cpp:1116 configure_streams()             reserved[1]         : 0x0
04-23 16:16:02.686   1358   1358 I CamX:  [CORE_CFG][HAL    ] camxhaldevice.cpp:1518 CheckValidStreamConfig() format:36 max Res(800 x 1364) requested Res(800 x 1364)
04-23 16:16:02.686   1358   1358 I CHIUSECASE:  [CORE_CFG ] chxextensionmodule.cpp:8931 SetDeviceHDRMode() Set HDR mode to:0 for physical cam:1
04-23 16:16:02.686   1358   1358 I CHIUSECASE:  [CORE_CFG ] chxextensionmodule.cpp:8576 ConfigureHDRInformation() Logical camera:1 HDRMode set to:0
04-23 16:16:02.686   1358   1358 I CHIUSECASE:  [CORE_CFG ] chxusecaseutils.cpp:1495 GetMatchingUsecase() Default usecase selected
04-23 16:16:02.686   1358   1358 I CHIUSECASE:  [CORE_CFG ] chxextensionmodule.cpp:5055 InitializeOverrideSession() Session_parameters FPS range 10:50, previewFPS 0, videoFPS 0 BatchSize: 1 HALOutputBufferCombined 0 FPS: 50 SkipPattern: 1, LogicalCameraId = 1 selected use case = 1  count 13 MFHDR_enabled 0
04-23 16:16:02.687   5949   6116 I ThermalEngine:  Thermal-Server: Thermal received msg from  camera_bw_1
04-23 16:16:02.687   1358  32358 I Thermal-Lib:  Thermal-Lib: Client request sent for camera_bw_1 with val:0x0
04-23 16:16:02.699   1358   1358 I CHIUSECASE:  [CORE_CFG ] chxsensorselectmode.cpp:623 FindBestSensorMode() Camera[1] Desired mode: optimal: [800x1364] max: [800x1364] min: [800x1364] frameRate: 50.000000 sensorModeCaps: 00000001 forceMode:-1 SensorHDRExposureType:0, SensorRemosaicType:0
04-23 16:16:02.699   1358   1358 I CHIUSECASE:  [CORE_CFG ] chxsensorselectmode.cpp:766 FindBestSensorMode() Camera[1] Selected: modeIndex: 0 Usecase: 8, W=800, H=1364, FPS:50, NumBatchedFrames:1, caps:1
04-23 16:16:02.699   1358   1358 W CHIUSECASE:  [WARN   ] chxusecaseutils.cpp:3052 CloneUsecase() No pipeline descriptor need to be cloned! (numdesc: 0 pDescIndicies 0x7fd4684c50)
04-23 16:16:02.709   1358   1358 I CHIUSECASE:  [CORE_CFG ] chifeature2graphselector.cpp:11147 BuildCameraIdSet() BuildCameraIdSet for logical camera id 0 type 0 numPhyCameras 1
04-23 16:16:02.710   1358   1358 I CHIUSECASE:  [CORE_CFG ] chifeature2graphselector.cpp:11147 BuildCameraIdSet() BuildCameraIdSet for logical camera id 1 type 0 numPhyCameras 1
04-23 16:16:02.710   1358   1358 I CHIUSECASE:  [CORE_CFG ] chifeature2graphselector.cpp:11429 AssignStreamIntentPerFwkStream() Feature2Mapping: Stream Intent 0x200 for 0xb400007b848655d8 format: 0x24 width: 800 height: 1364 usage: 0x3
04-23 16:16:02.710   1358   1358 I CHIUSECASE:  [CORE_CFG ] chifeature2graphselector.cpp:503 Initialize() Using non-generated graph and feature descriptors
04-23 16:16:02.710   1358   1358 I CHIUSECASE:  [CORE_CFG ] chifeature2featurepool.cpp:106 ProbeChiFeature2Features() [0/1] capability string:AnchorSync Version: 0:0
04-23 16:16:02.710   1358   1358 I CHIUSECASE:  [CORE_CFG ] chifeature2featurepool.cpp:106 ProbeChiFeature2Features() [0/1] capability string:Demux Version: 0:0
04-23 16:16:02.710   1358   1358 I CHIUSECASE:  [CORE_CFG ] chifeature2featurepool.cpp:106 ProbeChiFeature2Features() [0/1] capability string:Yuv2Yuv Version: 0:1
04-23 16:16:02.710   1358   1358 I CHIUSECASE:  [CORE_CFG ] chifeature2featurepool.cpp:106 ProbeChiFeature2Features() [0/1] capability string:FrameSelect Version: 0:0
04-23 16:16:02.711   1358   1358 I CHIUSECASE:  [CORE_CFG ] chifeature2featurepool.cpp:106 ProbeChiFeature2Features() [0/2] capability string:FUSION Version: 0:0
04-23 16:16:02.711   1358   1358 I CHIUSECASE:  [CORE_CFG ] chifeature2featurepool.cpp:106 ProbeChiFeature2Features() [1/2] capability string:BOKEH Version: 0:0
04-23 16:16:02.711   1358   1358 I CHIUSECASE:  [CORE_CFG ] chifeature2featurepool.cpp:106 ProbeChiFeature2Features() [0/9] capability string:Bayer2Yuv Version: 0:0
04-23 16:16:02.711   1358   1358 I CHIUSECASE:  [CORE_CFG ] chifeature2featurepool.cpp:106 ProbeChiFeature2Features() [1/9] capability string:FormatConvertor Version: 0:0
04-23 16:16:02.711   1358   1358 I CHIUSECASE:  [CORE_CFG ] chifeature2featurepool.cpp:106 ProbeChiFeature2Features() [2/9] capability string:YUVReprocess Version: 0:0
04-23 16:16:02.711   1358   1358 I CHIUSECASE:  [CORE_CFG ] chifeature2featurepool.cpp:106 ProbeChiFeature2Features() [3/9] capability string:Yuv2Yuv Version: 0:0
04-23 16:16:02.711   1358   1358 I CHIUSECASE:  [CORE_CFG ] chifeature2featurepool.cpp:106 ProbeChiFeature2Features() [4/9] capability string:SWRemosaic Version: 0:0
04-23 16:16:02.711   1358   1358 I CHIUSECASE:  [CORE_CFG ] chifeature2featurepool.cpp:106 ProbeChiFeature2Features() [5/9] capability string:Y2YRTDiffDimen Version: 0:0
04-23 16:16:02.711   1358   1358 I CHIUSECASE:  [CORE_CFG ] chifeature2featurepool.cpp:106 ProbeChiFeature2Features() [6/9] capability string:Y2YMultiPreview Version: 0:0
04-23 16:16:02.711   1358   1358 I CHIUSECASE:  [CORE_CFG ] chifeature2featurepool.cpp:106 ProbeChiFeature2Features() [7/9] capability string:PostFusionIPE Version: 0:0
04-23 16:16:02.711   1358   1358 I CHIUSECASE:  [CORE_CFG ] chifeature2featurepool.cpp:106 ProbeChiFeature2Features() [8/9] capability string:OfflinePreview Version: 0:0
04-23 16:16:02.711   1358   1358 I CHIUSECASE:  [CORE_CFG ] chifeature2featurepool.cpp:106 ProbeChiFeature2Features() [0/2] capability string:MultiCameraReprocessRealtime Version: 0:0
04-23 16:16:02.711   1358   1358 I CHIUSECASE:  [CORE_CFG ] chifeature2featurepool.cpp:106 ProbeChiFeature2Features() [1/2] capability string:OfflineReprocess Version: 0:0
04-23 16:16:02.711   1358   1358 I CHIUSECASE:  [CORE_CFG ] chifeature2featurepool.cpp:106 ProbeChiFeature2Features() [0/1] capability string:Memcpy Version: 0:0
04-23 16:16:02.711   1358   1358 I CHIUSECASE:  [CORE_CFG ] chifeature2featurepool.cpp:106 ProbeChiFeature2Features() [0/4] capability string:MFSR Version: 0:0
04-23 16:16:02.711   1358   1358 I CHIUSECASE:  [CORE_CFG ] chifeature2featurepool.cpp:106 ProbeChiFeature2Features() [1/4] capability string:MFNR Version: 0:0
04-23 16:16:02.711   1358   1358 I CHIUSECASE:  [CORE_CFG ] chifeature2featurepool.cpp:106 ProbeChiFeature2Features() [2/4] capability string:MFNRV2 Version: 0:0
04-23 16:16:02.711   1358   1358 I CHIUSECASE:  [CORE_CFG ] chifeature2featurepool.cpp:106 ProbeChiFeature2Features() [3/4] capability string:MMF Version: 0:0
04-23 16:16:02.711   1358   1358 I CHIUSECASE:  [CORE_CFG ] chifeature2featurepool.cpp:106 ProbeChiFeature2Features() [0/1] capability string:FeatureMux Version: 0:0
04-23 16:16:02.711   1358   1358 I CHIUSECASE:  [CORE_CFG ] chifeature2featurepool.cpp:106 ProbeChiFeature2Features() [0/1] capability string:RawHDR Version: 0:0
04-23 16:16:02.711   1358   1358 I CHIUSECASE:  [CORE_CFG ] chifeature2featurepool.cpp:106 ProbeChiFeature2Features() [0/1] capability string:RealTimeSerializer Version: 0:0
04-23 16:16:02.711   1358   1358 I CHIUSECASE:  [CORE_CFG ] chifeature2featurepool.cpp:106 ProbeChiFeature2Features() [0/3] capability string:RealTime Version: 0:0
04-23 16:16:02.711   1358   1358 I CHIUSECASE:  [CORE_CFG ] chifeature2featurepool.cpp:106 ProbeChiFeature2Features() [1/3] capability string:RealTimeNZSL Version: 0:0
04-23 16:16:02.711   1358   1358 I CHIUSECASE:  [CORE_CFG ] chifeature2featurepool.cpp:106 ProbeChiFeature2Features() [2/3] capability string:RealTimeWithSWRemosaic Version: 0:0
04-23 16:16:02.712   1358   1358 I CHIUSECASE:  [CORE_CFG ] chifeature2featurepool.cpp:106 ProbeChiFeature2Features() [0/2] capability string:RealTimeMCX Version: 0:0
04-23 16:16:02.712   1358   1358 I CHIUSECASE:  [CORE_CFG ] chifeature2featurepool.cpp:106 ProbeChiFeature2Features() [1/2] capability string:RealTimeXR Version: 0:0
04-23 16:16:02.712   1358   1358 I CHIUSECASE:  [CORE_CFG ] chifeature2featurepool.cpp:106 ProbeChiFeature2Features() [0/1] capability string:Serializer Version: 0:0
04-23 16:16:02.712   1358   1358 I CHIUSECASE:  [CORE_CFG ] chifeature2featurepool.cpp:106 ProbeChiFeature2Features() [0/1] capability string:StatsRegeneration Version: 0:0
04-23 16:16:02.714   1358   1358 I CHIUSECASE:  [CORE_CFG ] chifeature2graphselector.cpp:8218 GetAllFeatureGraphDescriptors() Feature2Mapping: Insert single graph:cameraID 1->RealtimeFG->0
04-23 16:16:02.714   1358   1358 I CHIUSECASE:  [CORE_CFG ] chifeature2graphselector.cpp:8218 GetAllFeatureGraphDescriptors() Feature2Mapping: Insert single graph:cameraID 1->RTMemcpyYUV->0
04-23 16:16:02.714   1358   1358 I CHIUSECASE:  [CORE_CFG ] chifeature2graphselector.cpp:8218 GetAllFeatureGraphDescriptors() Feature2Mapping: Insert single graph:cameraID 1->RTBayer2YUVIdealRaw->0
04-23 16:16:02.714   1358   1358 I CHIUSECASE:  [CORE_CFG ] chifeature2graphselector.cpp:8218 GetAllFeatureGraphDescriptors() Feature2Mapping: Insert single graph:cameraID 1->RTBayer2YUV->0
04-23 16:16:02.714   1358   1358 I CHIUSECASE:  [CORE_CFG ] chifeature2graphselector.cpp:8218 GetAllFeatureGraphDescriptors() Feature2Mapping: Insert single graph:cameraID 1->RTMFNRYUV->0
04-23 16:16:02.714   1358   1358 I CHIUSECASE:  [CORE_CFG ] chifeature2graphselector.cpp:8218 GetAllFeatureGraphDescriptors() Feature2Mapping: Insert single graph:cameraID 1->RTMFNRAIDE2YUV->0
04-23 16:16:02.714   1358   1358 I CHIUSECASE:  [CORE_CFG ] chifeature2graphselector.cpp:8218 GetAllFeatureGraphDescriptors() Feature2Mapping: Insert single graph:cameraID 1->RTRawHDRBayer2YUVOEM->0
04-23 16:16:02.714   1358   1358 I CHIUSECASE:  [CORE_CFG ] chifeature2graphselector.cpp:8707 MapStreamsForGraph() Mapping graph 'RealtimeFG_1_0'
04-23 16:16:02.714   1358   1358 I CHIUSECASE:  [CORE_CFG ] chifeature2graphselector.cpp:8655 SelectStreamForLink() Graph RealtimeFG_1_0: Port {REALTIME:0,0,0, 0, 4}: RawStreamDescriptor: {Num matched streams 1/1, selecting 0xb400007b848655d8}
04-23 16:16:02.714   1358   1358 I CHIUSECASE:  [CORE_CFG ] chifeature2graphselector.cpp:8678 SelectStreamForLink() Graph RealtimeFG_1_0 -> Stream 0xb400007b848655d8 (dims 800x1364 intent 512 format 0x24) -> Feature:Camera:Instance:Flags:Port REALTIME:0:0:0:{0:0:4}
04-23 16:16:02.714   1358   1358 I CHIUSECASE:  [CORE_CFG ] chifeature2graphselector.cpp:8655 SelectStreamForLink() Graph RealtimeFG_1_0: Port {REALTIME:0,0,0, 0, 14}: RawStreamDescriptor: {Num matched streams 1/1, selecting 0xb400007b848655d8}
04-23 16:16:02.714   1358   1358 I CHIUSECASE:  [CORE_CFG ] chifeature2graphselector.cpp:8678 SelectStreamForLink() Graph RealtimeFG_1_0 -> Stream 0xb400007b848655d8 (dims 800x1364 intent 512 format 0x24) -> Feature:Camera:Instance:Flags:Port REALTIME:0:0:0:{0:0:14}
04-23 16:16:02.714   1358   1358 I CHIUSECASE:  [CORE_CFG ] chifeature2graphselector.cpp:8707 MapStreamsForGraph() Mapping graph 'RTRawHDRBayer2YUVOEM_1_0'
04-23 16:16:02.714   1358   1358 I CHIUSECASE:  [CORE_CFG ] chifeature2graphselector.cpp:8707 MapStreamsForGraph() Mapping graph 'RTMemcpyYUV_1_0'
04-23 16:16:02.714   1358   1358 I CHIUSECASE:  [CORE_CFG ] chifeature2graphselector.cpp:8707 MapStreamsForGraph() Mapping graph 'RTMFNRYUV_1_0'
04-23 16:16:02.714   1358   1358 I CHIUSECASE:  [CORE_CFG ] chifeature2graphselector.cpp:8707 MapStreamsForGraph() Mapping graph 'RTMFNRAIDE2YUV_1_0'
04-23 16:16:02.714   1358   1358 I CHIUSECASE:  [CORE_CFG ] chifeature2graphselector.cpp:8707 MapStreamsForGraph() Mapping graph 'RTBayer2YUVIdealRaw_1_0'
04-23 16:16:02.714   1358   1358 I CHIUSECASE:  [CORE_CFG ] chifeature2graphselector.cpp:8707 MapStreamsForGraph() Mapping graph 'RTBayer2YUV_1_0'
04-23 16:16:02.714   1358   1358 I CHIUSECASE:  [CORE_CFG ] chifeature2graphselector.cpp:8655 SelectStreamForLink() Graph RTBayer2YUV_1_0: Port {REALTIME:0,0,0, 0, 1}: RawStreamDescriptor: {Num matched streams 1/1, selecting 0xb400007b848655d8}
04-23 16:16:02.714   1358   1358 I CHIUSECASE:  [CORE_CFG ] chifeature2graphselector.cpp:8678 SelectStreamForLink() Graph RTBayer2YUV_1_0 -> Stream 0xb400007b848655d8 (dims 800x1364 intent 512 format 0x24) -> Feature:Camera:Instance:Flags:Port REALTIME:0:0:0:{0:0:1}
04-23 16:16:02.714   1358   1358 I CHIUSECASE:  [CORE_CFG ] chifeature2graphselector.cpp:8474 GetFeatureGraphMapforConfig() Config-time stream mapping: Result = 'CDKResultSuccess', Num streams mapped = 1/1, Num graphs mapped = 2/7
04-23 16:16:02.714   1358   1358 I CHIUSECASE:  [CORE_CFG ] chifeature2graphmanager.cpp:294 Initialize() graph:VirtualSuperGraph,physicalCamID:1,isMultiCamera:0,flags:0
04-23 16:16:02.714   1358   1358 I CHIUSECASE:  [CORE_CFG ] chifeature2featurepool.cpp:439 CreateFeatureInstances() :VirtualSuperGraph, numFeatureInstances:8, logicalCameraId:1
04-23 16:16:02.715   1358   1358 I CHIUSECASE:  [CORE_CFG ] chifeature2featurepool.cpp:649 CreateFeatureInstances() RealTime(0xb400007d04877a40) {featureId, instanceId, cameraId, flags}: {0, 0, 0, 0}
04-23 16:16:02.715   1358   1358 I CHIUSECASE:  [CORE_CFG ] chifeature2featurepool.cpp:649 CreateFeatureInstances() RawHDR(0xb400007d048aff80) {featureId, instanceId, cameraId, flags}: {10, 1, 0, 4194304}
04-23 16:16:02.715   1358   1358 I CHIUSECASE:  [CORE_CFG ] chifeature2featurepool.cpp:649 CreateFeatureInstances() AnchorSync(0xb400007d04886200) {featureId, instanceId, cameraId, flags}: {15, 0, 0, 0}
04-23 16:16:02.715   1358   1358 I CHIUSECASE:  [CORE_CFG ] chxsensorselectmode.cpp:623 FindBestSensorMode() Camera[1] Desired mode: optimal: [800x1364] max: [800x1364] min: [800x1364] frameRate: 50.000000 sensorModeCaps: 00000001 forceMode:-1 SensorHDRExposureType:0, SensorRemosaicType:0
04-23 16:16:02.715   1358   1358 I CHIUSECASE:  [CORE_CFG ] chxsensorselectmode.cpp:766 FindBestSensorMode() Camera[1] Selected: modeIndex: 0 Usecase: 8, W=800, H=1364, FPS:50, NumBatchedFrames:1, caps:1
04-23 16:16:02.715   1358   1358 I CHIUSECASE:  [CORE_CFG ] chifeature2featurepool.cpp:649 CreateFeatureInstances() Bayer2Yuv(0xb400007d048ad270) {featureId, instanceId, cameraId, flags}: {1, 0, 0, 0}
04-23 16:16:02.715   1358   1358 I CHIUSECASE:  [CORE_CFG ] chxsensorselectmode.cpp:623 FindBestSensorMode() Camera[1] Desired mode: optimal: [800x1364] max: [800x1364] min: [800x1364] frameRate: 50.000000 sensorModeCaps: 00000001 forceMode:-1 SensorHDRExposureType:0, SensorRemosaicType:0
04-23 16:16:02.715   1358   1358 I CHIUSECASE:  [CORE_CFG ] chxsensorselectmode.cpp:766 FindBestSensorMode() Camera[1] Selected: modeIndex: 0 Usecase: 8, W=800, H=1364, FPS:50, NumBatchedFrames:1, caps:1
04-23 16:16:02.715   1358   1358 I CHIUSECASE:  [CORE_CFG ] chifeature2featurepool.cpp:649 CreateFeatureInstances() Bayer2Yuv(0xb400007d048b3fe0) {featureId, instanceId, cameraId, flags}: {1, 15, 0, 4194304}
04-23 16:16:02.715   1358   1358 I CHIUSECASE:  [CORE_CFG ] chifeature2featurepool.cpp:649 CreateFeatureInstances() MFNRV2(0xb400007d048ae5c0) {featureId, instanceId, cameraId, flags}: {11, 0, 0, 0}
04-23 16:16:02.715   1358   1358 I CHIUSECASE:  [CORE_CFG ] chifeature2featurepool.cpp:649 CreateFeatureInstances() MFNRV2(0xb400007d048a1e30) {featureId, instanceId, cameraId, flags}: {11, 4, 0, 16384}
04-23 16:16:02.715   1358   1358 I CHIUSECASE:  [CORE_CFG ] chifeature2derivedoffline.cpp:81 Create() Feature 33 (version 0.1) created
04-23 16:16:02.716   1358   1358 W CHIUSECASE:  [WARN   ] chifeature2derivedoffline.cpp:115 Create() Feature Yuv2Yuv:0 deactivated!!
04-23 16:16:02.716   1358   1358 I CHIUSECASE:  [CORE_CFG ] chifeature2featurepool.cpp:649 CreateFeatureInstances() Yuv2Yuv(0xb400007d0488e930) {featureId, instanceId, cameraId, flags}: {33, 0, 0, 0}
04-23 16:16:02.716   1358   1358 I CHIUSECASE:  [CORE_CFG ] chifeature2featurepool.cpp:954 FinalizeFeatureInstances() Yuv2Yuv_0: Backward walk...
04-23 16:16:02.716   1358   1358 I CHIUSECASE:  [CORE_CFG ] chifeature2base.cpp:4244 ConfigureFeature() Configure feature for Yuv2Yuv_0 (status 0)
04-23 16:16:02.716   1358   1358 I CHIUSECASE:  [CORE_CFG ] chifeature2featurepool.cpp:954 FinalizeFeatureInstances() MFNRV2_4: Backward walk...
04-23 16:16:02.716   1358   1358 I CHIUSECASE:  [CORE_CFG ] chifeature2base.cpp:4244 ConfigureFeature() Configure feature for MFNRV2_4 (status 1)
04-23 16:16:02.716   1358   1358 W CHIUSECASE:  [WARN   ] chifeature2base.cpp:4257 ConfigureFeature() Feature MFNRV2_4 deactivated!!
04-23 16:16:02.716   1358   1358 I CHIUSECASE:  [CORE_CFG ] chifeature2featurepool.cpp:954 FinalizeFeatureInstances() MFNRV2_0: Backward walk...
04-23 16:16:02.716   1358   1358 I CHIUSECASE:  [CORE_CFG ] chifeature2base.cpp:4244 ConfigureFeature() Configure feature for MFNRV2_0 (status 1)
04-23 16:16:02.716   1358   1358 W CHIUSECASE:  [WARN   ] chifeature2base.cpp:4257 ConfigureFeature() Feature MFNRV2_0 deactivated!!
04-23 16:16:02.716   1358   1358 I CHIUSECASE:  [CORE_CFG ] chifeature2featurepool.cpp:954 FinalizeFeatureInstances() Bayer2Yuv_15: Backward walk...
04-23 16:16:02.716   1358   1358 I CHIUSECASE:  [CORE_CFG ] chifeature2base.cpp:4244 ConfigureFeature() Configure feature for Bayer2Yuv_15 (status 1)
04-23 16:16:02.716   1358   1358 W CHIUSECASE:  [WARN   ] chifeature2base.cpp:4257 ConfigureFeature() Feature Bayer2Yuv_15 deactivated!!
04-23 16:16:02.716   1358   1358 I CHIUSECASE:  [CORE_CFG ] chifeature2featurepool.cpp:954 FinalizeFeatureInstances() Bayer2Yuv_0: Backward walk...
04-23 16:16:02.716   1358   1358 I CHIUSECASE:  [CORE_CFG ] chifeature2base.cpp:4244 ConfigureFeature() Configure feature for Bayer2Yuv_0 (status 1)
04-23 16:16:02.716   1358   1358 W CHIUSECASE:  [WARN   ] chifeature2base.cpp:4257 ConfigureFeature() Feature Bayer2Yuv_0 deactivated!!
04-23 16:16:02.716   1358   1358 I CHIUSECASE:  [CORE_CFG ] chifeature2featurepool.cpp:954 FinalizeFeatureInstances() AnchorSync_0: Backward walk...
04-23 16:16:02.716   1358   1358 I CHIUSECASE:  [CORE_CFG ] chifeature2base.cpp:4244 ConfigureFeature() Configure feature for AnchorSync_0 (status 1)
04-23 16:16:02.716   1358   1358 W CHIUSECASE:  [WARN   ] chifeature2base.cpp:4257 ConfigureFeature() Feature AnchorSync_0 deactivated!!
04-23 16:16:02.716   1358   1358 I CHIUSECASE:  [CORE_CFG ] chifeature2featurepool.cpp:954 FinalizeFeatureInstances() RawHDR_1: Backward walk...
04-23 16:16:02.716   1358   1358 I CHIUSECASE:  [CORE_CFG ] chifeature2base.cpp:4244 ConfigureFeature() Configure feature for RawHDR_1 (status 1)
04-23 16:16:02.716   1358   1358 W CHIUSECASE:  [WARN   ] chifeature2base.cpp:4257 ConfigureFeature() Feature RawHDR_1 deactivated!!
04-23 16:16:02.716   1358   1358 I CHIUSECASE:  [CORE_CFG ] chifeature2featurepool.cpp:954 FinalizeFeatureInstances() RealTime_0: Backward walk...
04-23 16:16:02.716   1358   1358 I CHIUSECASE:  [CORE_CFG ] chifeature2featurepool.cpp:1004 FinalizeFeatureInstances() Config Stream {0xb400007b848655d8} influences [RealTime:0] Output Port {0, 0, 1} - (Fmt: 0x24 Intent: 512 Dimensions: [800 x 1364] Usage: 0x3 Dataspace: 1 Rotation: 0)
04-23 16:16:02.716   1358   1358 I CHIUSECASE:  [CORE_CFG ] chifeature2featurepool.cpp:1004 FinalizeFeatureInstances() Config Stream {0xb400007b848655d8} influences [RealTime:0] Output Port {0, 0, 4} - (Fmt: 0x24 Intent: 512 Dimensions: [800 x 1364] Usage: 0x3 Dataspace: 1 Rotation: 0)
04-23 16:16:02.716   1358   1358 I CHIUSECASE:  [CORE_CFG ] chifeature2featurepool.cpp:1004 FinalizeFeatureInstances() Config Stream {0xb400007b848655d8} influences [RealTime:0] Output Port {0, 0, 14} - (Fmt: 0x24 Intent: 512 Dimensions: [800 x 1364] Usage: 0x3 Dataspace: 1 Rotation: 0)
04-23 16:16:02.716   1358   1358 I CHIUSECASE:  [CORE_CFG ] chifeature2base.cpp:4244 ConfigureFeature() Configure feature for RealTime_0 (status 1)
04-23 16:16:02.716   1358   1358 I CHIUSECASE:  [CORE_CFG ] chifeature2base.cpp:5910 PrepareFeatureData() Feature2Mapping: FeatureName = RealTime, numSessions = 1, numPipelines = 21 numPorts = 672
04-23 16:16:02.716   1358   1358 I CHIUSECASE:  [CORE_CFG ] chxsensorselectmode.cpp:623 FindBestSensorMode() Camera[1] Desired mode: optimal: [800x1364] max: [800x1364] min: [800x1364] frameRate: 50.000000 sensorModeCaps: 00000001 forceMode:-1 SensorHDRExposureType:0, SensorRemosaicType:0
04-23 16:16:02.716   1358   1358 I CHIUSECASE:  [CORE_CFG ] chxsensorselectmode.cpp:766 FindBestSensorMode() Camera[1] Selected: modeIndex: 0 Usecase: 8, W=800, H=1364, FPS:50, NumBatchedFrames:1, caps:1
04-23 16:16:02.716   1358   1358 I CHIUSECASE:  [CORE_CFG ] chxsensorselectmode.cpp:623 FindBestSensorMode() Camera[1] Desired mode: optimal: [800x1364] max: [800x1364] min: [800x1364] frameRate: 50.000000 sensorModeCaps: 00000001 forceMode:-1 SensorHDRExposureType:0, SensorRemosaicType:0
04-23 16:16:02.716   1358   1358 I CHIUSECASE:  [CORE_CFG ] chxsensorselectmode.cpp:766 FindBestSensorMode() Camera[1] Selected: modeIndex: 0 Usecase: 8, W=800, H=1364, FPS:50, NumBatchedFrames:1, caps:1
04-23 16:16:02.716   1358   1358 I CHIUSECASE:  [CORE_CFG ] chxsensorselectmode.cpp:623 FindBestSensorMode() Camera[1] Desired mode: optimal: [800x1364] max: [800x1364] min: [800x1364] frameRate: 50.000000 sensorModeCaps: 00000001 forceMode:-1 SensorHDRExposureType:0, SensorRemosaicType:0
04-23 16:16:02.716   1358   1358 I CHIUSECASE:  [CORE_CFG ] chxsensorselectmode.cpp:766 FindBestSensorMode() Camera[1] Selected: modeIndex: 0 Usecase: 8, W=800, H=1364, FPS:50, NumBatchedFrames:1, caps:1
04-23 16:16:02.716   1358   1358 I CHIUSECASE:  [CORE_CFG ] chifeature2base.cpp:6021 PrepareFeatureData() feature: RealTime, session: 0, name: RealTime, pipeline: 0, name: RealTimeFeatureNZSLSnapshotRDI
04-23 16:16:02.716   1358   1358 W CHIUSECASE:  [WARN   ] chxusecaseutils.cpp:1576 GetVariantGroup() No VariantGroup HDR10P exists [Error Code: 6]
04-23 16:16:02.716   1358   1358 W CHIUSECASE:  [WARN   ] chxusecaseutils.cpp:1576 GetVariantGroup() No VariantGroup MLInference exists [Error Code: 6]
04-23 16:16:02.716   1358   1358 W CHIUSECASE:  [WARN   ] chxusecaseutils.cpp:1576 GetVariantGroup() No VariantGroup HDRType exists [Error Code: 6]
04-23 16:16:02.716   1358   1358 W CHIUSECASE:  [WARN   ] chxusecaseutils.cpp:1597 GetVariantType() No VariantType Disable exists [Error Code: 6]
04-23 16:16:02.716   1358   1358 I CHIUSECASE:  [CORE_CFG ] chifeature2base.cpp:10909 InitializeTargetStream() RealTime_0): Target:TARGET_BUFFER_RAW_OUT, PortKey:Raw_Out:0:0:1:3 stream:target:0xb400007b74859740:0xb400007b74859740 Stream: 0 X 0:0x0:0:0x0:0
04-23 16:16:02.716   1358   1358 I CHIUSECASE:  [CORE_CFG ] chifeature2base.cpp:10966 AssignStreams() RealTime_0: Assign Stream (0xb400007b74859740): Target = TARGET_BUFFER_RAW_OUT resolution 0x0 format 0x0 usage 0 type 0
04-23 16:16:02.716   1358   1358 I CHIUSECASE:  [CORE_CFG ] chxsensorselectmode.cpp:623 FindBestSensorMode() Camera[1] Desired mode: optimal: [800x1364] max: [800x1364] min: [800x1364] frameRate: 50.000000 sensorModeCaps: 00000001 forceMode:-1 SensorHDRExposureType:0, SensorRemosaicType:0
04-23 16:16:02.716   1358   1358 I CHIUSECASE:  [CORE_CFG ] chxsensorselectmode.cpp:766 FindBestSensorMode() Camera[1] Selected: modeIndex: 0 Usecase: 8, W=800, H=1364, FPS:50, NumBatchedFrames:1, caps:1
04-23 16:16:02.716   1358   1358 I CHIUSECASE:  [CORE_CFG ] chxsensorselectmode.cpp:623 FindBestSensorMode() Camera[1] Desired mode: optimal: [800x1364] max: [800x1364] min: [800x1364] frameRate: 50.000000 sensorModeCaps: 00000001 forceMode:-1 SensorHDRExposureType:0, SensorRemosaicType:0
04-23 16:16:02.716   1358   1358 I CHIUSECASE:  [CORE_CFG ] chxsensorselectmode.cpp:766 FindBestSensorMode() Camera[1] Selected: modeIndex: 0 Usecase: 8, W=800, H=1364, FPS:50, NumBatchedFrames:1, caps:1
04-23 16:16:02.716   1358   1358 I CHIUSECASE:  [CORE_CFG ] chxsensorselectmode.cpp:623 FindBestSensorMode() Camera[1] Desired mode: optimal: [800x1364] max: [800x1364] min: [800x1364] frameRate: 50.000000 sensorModeCaps: 00000001 forceMode:-1 SensorHDRExposureType:0, SensorRemosaicType:0
04-23 16:16:02.716   1358   1358 I CHIUSECASE:  [CORE_CFG ] chxsensorselectmode.cpp:766 FindBestSensorMode() Camera[1] Selected: modeIndex: 0 Usecase: 8, W=800, H=1364, FPS:50, NumBatchedFrames:1, caps:1
04-23 16:16:02.716   1358   1358 I CHIUSECASE:  [CORE_CFG ] chifeature2base.cpp:17432 SetChiStreamInfo() RealTime_0:1:0xb400007b74859740_0 Updating stream parameters - Dimensions 800x1364 Format 0x24 Usage 0x3 Maxbuffers 0 Dataspace 1 Rotation 0 Intent:0x200 bpp:8
04-23 16:16:02.716   1358   1358 I CHIUSECASE:  [CORE_CFG ] chifeature2base.cpp:17432 SetChiStreamInfo() RealTime_0:4:0xb400007b74859740_0 Updating stream parameters - Dimensions 800x1364 Format 0x24 Usage 0x3 Maxbuffers 0 Dataspace 1 Rotation 0 Intent:0x200 bpp:8
04-23 16:16:02.716   1358   1358 I CHIUSECASE:  [CORE_CFG ] chxpipeline.cpp:352 CreateDescriptor() Pipeline[RealTimeFeatureNZSLSnapshotRDI] pipeline pointer 0xb400007c64857040 numInputs=0, numOutputs=1 stream w x h: 800 x 1364 format: 36, numBatchedFrames: 1, HALOutputBufferCombined: 0 maxFPSValue: 50 cameraId: 1 logicalCameraId:1
04-23 16:16:02.716   1358   1358 W CHIUSECASE:  [WARN   ] chxextensionmodule.cpp:7930 GetFacialContourVersion() Could not get contour_version vendor tag in metadata. result: 1
04-23 16:16:02.718   1358   1358 I CamX:  [CORE_CFG][CORE   ] camxpipeline.cpp:2196 CreateNodes() Topology: Creating Pipeline RealTimeFeatureNZSLSnapshotRDI_0_cam_1, numNodes 6 isSensorInput 1 isRealTime 1
04-23 16:16:02.718   1358   1358 E CamX:  [ERROR][SENSOR ] camxsensornode.cpp:9666 GetSensorModuleIndexes() Sensor[1] Cached flash device index: 0 is not valid for given sensor
04-23 16:16:02.718   1358   1358 I CamX:  [CORE_CFG][CORE   ] camxpipeline.cpp:2283 CreateNodes() Topology::RealTimeFeatureNZSLSnapshotRDI_0_cam_1 Node::RealTimeFeatureNZSLSnapshotRDI_Sensor0_cam1 Type 0 numInputPorts 0 numOutputPorts 2 Sensor: Real
04-23 16:16:02.718   1358   1358 W CamX:  [ WARN][STATS  ] camxstatscommon.cpp:949 Get3ASyncType() Failed to retrieve 3A Sync tag for Node:RealTimeFeatureNZSLSnapshotRDI_Stats0_cam1
04-23 16:16:02.718   1358   1358 I CamX:  [CORE_CFG][CORE   ] camxpipeline.cpp:2283 CreateNodes() Topology::RealTimeFeatureNZSLSnapshotRDI_0_cam_1 Node::RealTimeFeatureNZSLSnapshotRDI_Stats0_cam1 Type 1 numInputPorts 0 numOutputPorts 1 Sensor: Real
04-23 16:16:02.718   1358   1358 W CamX:  [ WARN][STATS  ] camxstatscommon.cpp:949 Get3ASyncType() Failed to retrieve 3A Sync tag for Node:RealTimeFeatureNZSLSnapshotRDI_AWB0_cam1
04-23 16:16:02.718   1358   1358 I CamX:  [CORE_CFG][CORE   ] camxpipeline.cpp:2283 CreateNodes() Topology::RealTimeFeatureNZSLSnapshotRDI_0_cam_1 Node::RealTimeFeatureNZSLSnapshotRDI_AWB0_cam1 Type 12 numInputPorts 0 numOutputPorts 1 Sensor: Real
04-23 16:16:02.718   1358   1358 W CamX:  [ WARN][STATS  ] camxstatscommon.cpp:949 Get3ASyncType() Failed to retrieve 3A Sync tag for Node:RealTimeFeatureNZSLSnapshotRDI_AutoFocus0_cam1
04-23 16:16:02.718   1358   1358 I CamX:  [CORE_CFG][CORE   ] camxpipeline.cpp:2283 CreateNodes() Topology::RealTimeFeatureNZSLSnapshotRDI_0_cam_1 Node::RealTimeFeatureNZSLSnapshotRDI_AutoFocus0_cam1 Type 5 numInputPorts 1 numOutputPorts 1 Sensor: Real
04-23 16:16:02.720   1358   1358 I CamX:  [CORE_CFG][CORE   ] camxnode.cpp:796 InitializeSinkPortBufferProperties() Topology: Node::RealTimeFeatureNZSLSnapshotRDI_TFE0_cam1 has a sink port id 4 using format 9 dim 800x1364, stream 0xb400007b74859740
04-23 16:16:02.720   1358   1358 I CamX:  [CORE_CFG][CORE   ] camxpipeline.cpp:2283 CreateNodes() Topology::RealTimeFeatureNZSLSnapshotRDI_0_cam_1 Node::RealTimeFeatureNZSLSnapshotRDI_TFE0_cam1 Type 65544 numInputPorts 2 numOutputPorts 2 Sensor: Real
04-23 16:16:02.720   1358   1358 I CamX:  [CORE_CFG][CORE   ] camxpipeline.cpp:2283 CreateNodes() Topology::RealTimeFeatureNZSLSnapshotRDI_0_cam_1 Node::RealTimeFeatureNZSLSnapshotRDI_StatsParse0_cam1 Type 9 numInputPorts 0 numOutputPorts 1 Sensor: Real
04-23 16:16:02.720   1358   1358 I CamX:  [CORE_CFG][CORE   ] camxpipeline.cpp:2394 CreateNodes() Topology: Pipeline[RealTimeFeatureNZSLSnapshotRDI_0_cam_1] Link: Node::RealTimeFeatureNZSLSnapshotRDI_TFE0_cam1(outPort 5) --> (inPort 8) (1 / 1) Node::RealTimeFeatureNZSLSnapshotRDI_AutoFocus0_cam1 using format 10
04-23 16:16:02.720   1358   1358 I CamX:  [CORE_CFG][CORE   ] camxpipeline.cpp:2394 CreateNodes() Topology: Pipeline[RealTimeFeatureNZSLSnapshotRDI_0_cam_1] Link: Node::RealTimeFeatureNZSLSnapshotRDI_Sensor0_cam1(outPort 1) --> (inPort 3) (1 / 2) Node::RealTimeFeatureNZSLSnapshotRDI_TFE0_cam1 using format 0
04-23 16:16:02.720   1358   1358 I CamX:  [CORE_CFG][CORE   ] camxpipeline.cpp:2394 CreateNodes() Topology: Pipeline[RealTimeFeatureNZSLSnapshotRDI_0_cam_1] Link: Node::RealTimeFeatureNZSLSnapshotRDI_Sensor0_cam1(outPort 0) --> (inPort 2) (2 / 2) Node::RealTimeFeatureNZSLSnapshotRDI_TFE0_cam1 using format 0
04-23 16:16:02.720   1358   1358 W CamX:  [ WARN][CORE   ] camxnode.cpp:8256 ProcessInputBufferRequirement() Node::RealTimeFeatureNZSLSnapshotRDI_Stats0_cam1 didn't update "m_bufferNegotiationData.numInputPorts", setting it to 0
04-23 16:16:02.720   1358   1358 W CamX:  [ WARN][CORE   ] camxnode.cpp:8256 ProcessInputBufferRequirement() Node::RealTimeFeatureNZSLSnapshotRDI_AWB0_cam1 didn't update "m_bufferNegotiationData.numInputPorts", setting it to 0
04-23 16:16:02.720   1358   1358 W CamX:  [ WARN][CORE   ] camxnode.cpp:8310 ProcessInputBufferRequirement() Node::RealTimeFeatureNZSLSnapshotRDI_TFE0_cam1 Input portId (3) does not match Buffer Negotiation portId (0)
04-23 16:16:02.720   1358   1358 W CamX:  [ WARN][CORE   ] camxnode.cpp:8256 ProcessInputBufferRequirement() Node::RealTimeFeatureNZSLSnapshotRDI_Sensor0_cam1 didn't update "m_bufferNegotiationData.numInputPorts", setting it to 0
04-23 16:16:02.720   1358   1358 W CamX:  [ WARN][CORE   ] camxnode.cpp:8256 ProcessInputBufferRequirement() Node::RealTimeFeatureNZSLSnapshotRDI_StatsParse0_cam1 didn't update "m_bufferNegotiationData.numInputPorts", setting it to 0
04-23 16:16:02.721   1358   1358 I CHIUSECASE:  [CORE_CFG ] chxsensorselectmode.cpp:623 FindBestSensorMode() Camera[1] Desired mode: optimal: [800x1364] max: [800x1364] min: [800x1364] frameRate: 50.000000 sensorModeCaps: 00000000 forceMode:-1 SensorHDRExposureType:0, SensorRemosaicType:0
04-23 16:16:02.721   1358   1358 I CHIUSECASE:  [CORE_CFG ] chxsensorselectmode.cpp:766 FindBestSensorMode() Camera[1] Selected: modeIndex: 0 Usecase: 8, W=800, H=1364, FPS:50, NumBatchedFrames:1, caps:1
04-23 16:16:02.721   1358   1358 I CHIUSECASE:  [CORE_CFG ] chxpipeline.cpp:572 CreateDescriptor() Pipeline[RealTimeFeatureNZSLSnapshotRDI] Pipeline pointer 0xb400007c64857040 Selected sensor Mode W=800, H=1364 Mode=0
04-23 16:16:02.721   1358   1358 I CHIUSECASE:  [CORE_CFG ] chifeature2featurepool.cpp:1105 FinalizeFeatureInstances() RealTime_0: Forward walk...
04-23 16:16:02.722   1358   1358 I CamX:  [CORE_CFG][CORE   ] camxresourcemanager.cpp:1241 RegisterClient() Add client {RealTimeFeatureNZSLSnapshotRDI_1, 0xb400007d449f02c0, 1, 1},  clients size: 1
04-23 16:16:02.722   1358   1358 I CamX:  [ DUMP][CORE   ] camxresourcemanager.h:1465 Dump() --------------------
04-23 16:16:02.722   1358   1358 I CamX:  [ DUMP][CORE   ] camxresourcemanager.h:1466 Dump()     Key      Cost
04-23 16:16:02.722   1358   1358 I CamX:  [ DUMP][CORE   ] camxresourcemanager.h:1467 Dump() --------------------
04-23 16:16:02.722   1358   1358 I CamX:  [ DUMP][CORE   ] camxresourcemanager.h:1476 Dump()   {1, 1} :   100
04-23 16:16:02.722   1358   1358 I CamX:  [ DUMP][CORE   ] camxresourcemanager.h:1476 Dump()   {2, 0} :   50
04-23 16:16:02.722   1358   1358 I CamX:  [ DUMP][CORE   ] camxresourcemanager.h:1476 Dump()   {5, 1} :   50
04-23 16:16:02.732   1358  32386 I CamX:  [CORE_CFG][SENSOR ] camxsensornode.cpp:4821 ProcessingNodeFinalizeInitialization() CameraID:1 SensorName:xenon SensorMode:0 SyncMode:0 PipelineID:0
04-23 16:16:02.736   1358   2076 I CamX:  [CORE_CFG][CSL    ] camxcslhw.cpp:1102 CSLAcquireDeviceHW() DeviceAcquired: Name=CSLHwImageSensor phDevice=1245441 name:/dev/v4l-subdev7 dIndex 12 hIndex 1 sessionName RealTimeFeatureNZSLSnapshotRDI
04-23 16:16:02.737   1358   2076 I CamX:  [CORE_CFG][SENSOR ] camxsensornode.cpp:8946 AcquireDevice() Sensor[1] [xenon] Acquired Sensor, hCSL: 0x3e0200 hSensorDevice: 0x130101
04-23 16:16:02.737   1358  32386 I CamX:  [CORE_CFG][STATS_AF] camxcafioutil.cpp:6373 Initialize() cameraId 1 pHwContext 0xb400007bf491ed50 pDLibInit->pPipeline 0xb400007ba4a54220 pNode 0xb400007ba49140e0 pPDCallback 0x0 pSensorModuleData 0xb400007b94850f90 m_sensorPDExposureSwitchDelay 0 isQuadCFASensor 0
04-23 16:16:02.737   1358  32386 I CamX:  [CORE_CFG][STATS_AF] camxcafioutil.cpp:6373 Initialize() cameraId 1 pHwContext 0xb400007bf491ed50 pDLibInit->pPipeline 0xb400007ba4a54220 pNode 0xb400007ba49140e0 pPDCallback 0x7b4444b978 pSensorModuleData 0xb400007b94850f90 m_sensorPDExposureSwitchDelay 0 isQuadCFASensor 0
04-23 16:16:02.751   2076   2076 I CAM_INFO:  CAM-SENSOR: cam_sensor_driver_cmd: 1141 CAM_ACQUIRE_DEV Success for xenon sensor_id:0x4500,sensor_slave_addr:0xb8
04-23 16:16:02.752   2076   2076 I CAM_ERR:  CAM-SENSOR: cam_sensor_i2c_modes_util: 434 Skipping scanengine cam_sensor_i2c_modes_util
04-23 16:16:02.737   1358  32386 W CamX:  [ WARN][ISP    ] camxtfenode.cpp:10113 FinalizeBufferProperties() PDLibSensorType is Invalid
04-23 16:16:02.737   1358   2076 I CamX:  [CORE_CFG][CSL    ] camxcslhw.cpp:1102 CSLAcquireDeviceHW() DeviceAcquired: Name=CSLHwCSIPHY phDevice=852226 name:/dev/v4l-subdev3 dIndex 2 hIndex 2 sessionName RealTimeFeatureNZSLSnapshotRDI
04-23 16:16:02.737   1358   2076 I CamX:  [CORE_CFG][SENSOR ] camxsensorsubmodulebase.cpp:106 Initialize() Sensor[1] Acquired CSIPHY, hCSL: 0x3e0200, hPHYDevice: 0xd0102
04-23 16:16:02.740   1266   1322 E minksocket:  MinkIPC_QRTR_Service: client with node 1 port 467f went down
04-23 16:16:02.742   1266   1322 E minksocket:  MinkIPC_QRTR_Service: client with node 1 port 4680 went down
04-23 16:16:02.744   1266   1322 E minksocket:  MinkIPC_QRTR_Service: client with node 1 port 4681 went down
04-23 16:16:02.748   1266   1322 E minksocket:  MinkIPC_QRTR_Service: client with node 1 port 4682 went down
04-23 16:16:02.750   1358  32387 E CamX:  [ERROR][NCS    ] camxncsintfqsee.cpp:2323 SensorCallback() Sample rate of the received config event is 0. connIdx=0 sensorType=1
04-23 16:16:02.755   1266   1322 E minksocket:  MinkIPC_QRTR_Service: client with node 1 port 4684 went down
04-23 16:16:02.758   1266   1322 E minksocket:  MinkIPC_QRTR_Service: client with node 1 port 4685 went down
04-23 16:16:02.761   1266   1322 E minksocket:  MinkIPC_QRTR_Service: client with node 1 port 4686 went down
04-23 16:16:02.762  17405  17405 I adbd:  UsbFfs: already offline
04-23 16:16:02.762  17405  17405 I adbd:  authentication not required
04-23 16:16:02.764   1266   1322 E minksocket:  MinkIPC_QRTR_Service: client with node 1 port 4687 went down
04-23 16:16:02.765   1358  32386 W CamX:  [ WARN][STATS  ] camxstatscommon.cpp:949 Get3ASyncType() Failed to retrieve 3A Sync tag for Node:RealTimeFeatureNZSLSnapshotRDI_AutoFocus0_cam1
04-23 16:16:02.766   1358  32386 W CamX:  [ WARN][STATS  ] camxstatscommon.cpp:949 Get3ASyncType() Failed to retrieve 3A Sync tag for Node:RealTimeFeatureNZSLSnapshotRDI_AutoFocus0_cam1
04-23 16:16:02.767   1358  32386 W CamX:  [ WARN][STATS_AF ] af_alg_util.cpp:1222: af_alg_util_create CID:[1] memory not allocated to AdaptiveLensMap, check if enabled from settings and tuning
04-23 16:16:02.772   1358  32386 I CamX:  [CORE_CFG][MEMMGR ] camxnode.cpp:9839 CreateOutputBufferManager() BufferMgrCreate ,[RealTimeFeatureNZSLSnapshotRDI_TFE0_cam1_OutputPortId4_RDI0] width=800, height=1364, format=9,raw stride 1000 raw scanline 1364 GetTotalSize 1368064
04-23 16:16:02.772   1358  32386 I CamX:  [CORE_CFG][CORE   ] camxpipeline.h:3445 SetPipelineStatus() RealTimeFeatureNZSLSnapshotRDI_0_cam_1 status is now PipelineStatus::BUFFER_PROPERTIES_FINALIZED
04-23 16:16:02.772   1358   1358 I CamX:  [CORE_CFG][CORE   ] camxpipeline.h:3445 SetPipelineStatus() RealTimeFeatureNZSLSnapshotRDI_0_cam_1 status is now PipelineStatus::PRE_FINALIZATION_INPROGRESS
04-23 16:16:02.772   1358   1358 I CamX:  [CORE_CFG][CORE   ] camxsession.cpp:2660 Initialize() Session (0xb400007b243eb3d0) Initialized RealTimeFeatureNZSLSnapshotRDI
04-23 16:16:02.752   2076   2076 I CAM_INFO:  CAM-CSIPHY: cam_csiphy_core_cfg: 2069 CAM_ACQUIRE_DEV: 1 Type: DPHY acquire_count: 1 combo: 0 cphy+dphy combo: 0
04-23 16:16:02.778   1358  32389 W CamX:  [ WARN][STATS_AEC] camxcaecstatsprocessor.cpp:386 Initialize() UseCasePool FPS Range: pData[0]:0x0 not published
04-23 16:16:02.778   1358  32389 W CamX:  [ WARN][STATS_AEC] camxaecengine.cpp:1917 StartStreaming() Invalid warm start values: sensitivity: 0.000000 0.000000 0.000000
04-23 16:16:02.779   1358  32389 W CamX:  [ WARN][STATS_AEC] caecxctrlcorecommon.h:849: MapMultiCamAuxInfo CID:[1] CID:1, Aux Info is not found
04-23 16:16:02.779   1358  32389 W CamX:  [ WARN][STATS_AEC] camxcaecstatsprocessor.cpp:3970 PopulatePropPoolFrameControl() Invalid exposure parameters: gain: 0.000000, exposureTime: 0
04-23 16:16:02.779   1358  32389 W CamX:  [ WARN][STATS  ] camxstatscommon.cpp:949 Get3ASyncType() Failed to retrieve 3A Sync tag for Node:RealTimeFeatureNZSLSnapshotRDI_Stats0_cam1
04-23 16:16:02.782   1358   1358 I CHIUSECASE:  [CORE_CFG ] chifeature2base.cpp:12309 CreateTargetBufferManagers() Session RealTime : Pipeline[RealTimeFeatureNZSLSnapshotRDI][0], port:Raw_Out port idx:1, Create CHI buffers, chistream:0xb400007b74859740,format:36, w x h: 800 x 1364 usage 20003 prd flags 20000 cons flags 40000Min:9 Max:64
04-23 16:16:02.783   1358   1358 I CamX:  [CORE_CFG][MEMMGR ] camxmempoolgroup.cpp:480 RegisterBufferManager() [MPG_0]-->[PortTargetBuffer_RealTime:Raw_Out_RealTime_0] : NumBufMgrs=1, type=CHI, heap=1, Original Immediate=0, Max=64, SelfTuned Immediate=0, Max=64, needDedicatedBuffers=0, lateBinding=1, numBatched=1, deviceCount=0, devices=0, 0, flags=0x18 width=800, height=1364, format=9, size=1368064
04-23 16:16:02.783   1358   1358 I CHIUSECASE:  [CORE_CFG ] chifeature2base.cpp:12366 CreateTargetBufferManagers() Feature: RealTime Sharing TBM for port Raw_Callback
04-23 16:16:02.783   1358   1358 I CHIUSECASE:  [CORE_CFG ] chifeature2base.cpp:12061 BuildLinkedPortListForPort() RealTime_0 LinkedPort:pPort_Raw_Out:(0,0,1)->rPort_Raw_Callback[4]:(0,0,4)
04-23 16:16:02.783   1358   1358 I CHIUSECASE:  [CORE_CFG ] chifeature2base.cpp:12061 BuildLinkedPortListForPort() RealTime_0 LinkedPort:pPort_Raw_Callback:(0,0,4)->rPort_Raw_Out[1]:(0,0,1)
04-23 16:16:02.783   1358   1358 I CHIUSECASE:  [CORE_CFG ] chifeature2featurepool.cpp:1217 FinalizeFeatureInstances() [RealTime:0] Output Port {0, 0, 1} influences [Bayer2Yuv:0] Input Port {0, 0, 0} - (Fmt: 0x24 Dimensions: [800 x 1364] Usage: 0x20003)
04-23 16:16:02.783   1358   1358 I CHIUSECASE:  [CORE_CFG ] chifeature2featurepool.cpp:1217 FinalizeFeatureInstances() [RealTime:0] Output Port {0, 0, 1} influences [RawHDR:1] Input Port {0, 0, 0} - (Fmt: 0x24 Dimensions: [800 x 1364] Usage: 0x20003)
04-23 16:16:02.783   1358   1358 I CHIUSECASE:  [CORE_CFG ] chifeature2featurepool.cpp:1217 FinalizeFeatureInstances() [RealTime:0] Output Port {0, 0, 1} influences [AnchorSync:0] Input Port {0, 0, 0} - (Fmt: 0x24 Dimensions: [800 x 1364] Usage: 0x20003)
04-23 16:16:02.783   1358   1358 I CHIUSECASE:  [CORE_CFG ] chifeature2featurepool.cpp:891 UpdateConfigStreams() [RealTime:0] Port {0, 0, 1} influences Config Stream {0xb400007b848655d8} - (Usage: 0x20003 MaxBuffers: 8 HALStream: 0xb400007c148c14d8)
04-23 16:16:02.783   1358   1358 I CHIUSECASE:  [CORE_CFG ] chifeature2featurepool.cpp:891 UpdateConfigStreams() [RealTime:0] Port {0, 0, 4} influences Config Stream {0xb400007b848655d8} - (Usage: 0x20003 MaxBuffers: 8 HALStream: 0xb400007c148c14d8)
04-23 16:16:02.783   1358   1358 I CHIUSECASE:  [CORE_CFG ] chifeature2featurepool.cpp:1105 FinalizeFeatureInstances() RawHDR_1: Forward walk...
04-23 16:16:02.783   1358   1358 I CHIUSECASE:  [CORE_CFG ] chifeature2featurepool.cpp:1105 FinalizeFeatureInstances() AnchorSync_0: Forward walk...
04-23 16:16:02.783   1358   1358 I CHIUSECASE:  [CORE_CFG ] chifeature2featurepool.cpp:1105 FinalizeFeatureInstances() Bayer2Yuv_0: Forward walk...
04-23 16:16:02.783   1358   1358 I CHIUSECASE:  [CORE_CFG ] chifeature2featurepool.cpp:1105 FinalizeFeatureInstances() Bayer2Yuv_15: Forward walk...
04-23 16:16:02.783   1358   1358 I CHIUSECASE:  [CORE_CFG ] chifeature2featurepool.cpp:1105 FinalizeFeatureInstances() MFNRV2_0: Forward walk...
04-23 16:16:02.783   1358   1358 I CHIUSECASE:  [CORE_CFG ] chifeature2featurepool.cpp:1105 FinalizeFeatureInstances() MFNRV2_4: Forward walk...
04-23 16:16:02.783   1358   1358 I CHIUSECASE:  [CORE_CFG ] chifeature2featurepool.cpp:1105 FinalizeFeatureInstances() Yuv2Yuv_0: Forward walk...
04-23 16:16:02.784   1358   1358 I CHIUSECASE:  [CORE_CFG ] chxstreambuffermanager.cpp:302 ConfigureStreams() Add policy for stream 0xb400007b848655d8 opmode 0 (min,max,batch):(0,8,1) stream max_buffer 8 isPreview 0 isSnapshot 1 isVideo 0 isEIS2 0 isEIS3 0 isHDR10Plus:0 m_mode 2
04-23 16:16:02.784   1358   1358 I CamX:  [CORE_CFG][HAL    ] camxhal3.cpp:1155 configure_streams()  FINAL stream[0] = 0xb400007b848655d8 - info:
04-23 16:16:02.784   1358   1358 I CamX:  [CORE_CFG][HAL    ] camxhal3.cpp:1158 configure_streams()             format       : 36, HAL_PIXEL_FORMAT_RAW_OPAQUE
04-23 16:16:02.784   1358   1358 I CamX:  [CORE_CFG][HAL    ] camxhal3.cpp:1160 configure_streams()             width        : 800
04-23 16:16:02.784   1358   1358 I CamX:  [CORE_CFG][HAL    ] camxhal3.cpp:1162 configure_streams()             height       : 1364
04-23 16:16:02.784   1358   1358 I CamX:  [CORE_CFG][HAL    ] camxhal3.cpp:1165 configure_streams()             stream_type  : 00000000, CAMERA3_STREAM_OUTPUT
04-23 16:16:02.784   1358   1358 I CamX:  [CORE_CFG][HAL    ] camxhal3.cpp:1167 configure_streams()             usage        : 00020003
04-23 16:16:02.784   1358   1358 I CamX:  [CORE_CFG][HAL    ] camxhal3.cpp:1171 configure_streams()             max_buffers  : 8
04-23 16:16:02.784   1358   1358 I CamX:  [CORE_CFG][HAL    ] camxhal3.cpp:1181 configure_streams()             rotation     : 00000000, CAMERA3_STREAM_ROTATION_0
04-23 16:16:02.784   1358   1358 I CamX:  [CORE_CFG][HAL    ] camxhal3.cpp:1184 configure_streams()             data_space   : 00000001, HAL_DATASPACE_ARBITRARY
04-23 16:16:02.784   1358   1358 I CamX:  [CORE_CFG][HAL    ] camxhal3.cpp:1186 configure_streams()             priv         : 0x0
04-23 16:16:02.784   1358   1358 I CamX:  [CORE_CFG][HAL    ] camxhal3.cpp:1188 configure_streams()             reserved[0]         : 0xb400007c148c14d8
04-23 16:16:02.784   1358   1358 I CamX:  [CORE_CFG][HAL    ] camxhal3.cpp:1190 configure_streams()             reserved[1]         : 0x0
04-23 16:16:02.784   1358   1358 I CamX:  [CORE_CFG][HAL    ] camxhal3.cpp:1205 configure_streams()    pHalStream: 0xb400007c148c14d8 format : 0x24, overrideFormat : 0x24 consumer usage: 0, producer usage: 20003
04-23 16:16:02.785   1358   1358 I CamX:  [CORE_CFG][HAL    ] camxhal3.cpp:1213 configure_streams() HalOp: End CONFIG, logicalCameraId: 1, cameraId: 1
04-23 16:16:02.785   1266   1322 E minksocket:  MinkIPC_QRTR_Service: client with node 1 port 4689 went down
04-23 16:16:02.787   1266   1322 E minksocket:  MinkIPC_QRTR_Service: client with node 1 port 468a went down
04-23 16:16:02.787   1622   1622 D Camera3-Device:  Set real time priority for request queue thread (tid 32354)
04-23 16:16:02.787   1622   1622 D Camera3-Utils:  Set regular priority for thread (tid 1622)
04-23 16:16:02.789   5082  23554 V DL-ScannerServer:  open() completed
04-23 16:16:02.789   5082  23554 V DL-ScannerServer:  removeSuspend completed return 0 counter 0
04-23 16:16:02.789   1266   1322 E minksocket:  MinkIPC_QRTR_Service: client with node 1 port 468b went down
04-23 16:16:02.790   2096   3787 V DL-NativeProxy:  Resume successfully completed
04-23 16:16:02.790   1301   1301 I QTI PowerHAL:  Power setMode: 7 to: 1
04-23 16:16:02.791   1266   1322 E minksocket:  MinkIPC_QRTR_Service: client with node 1 port 468c went down
04-23 16:16:02.791   1301   1301 I QTI PowerHAL:  Got set_interactive hint
04-23 16:16:02.791   2096   2181 I DisplayDeviceRepository:  Display device changed state: "Built-in Screen", ON
04-23 16:16:02.793   1426   1426 D SurfaceFlinger:  Setting power mode 2 on display 4630947160343586177
04-23 16:16:02.794   1364   7213 I SDM:  DisplayBase::SetDisplayState: Set state = 1, display 32-0, teardown = 0
04-23 16:16:02.794   1364   7213 I SDM:  HWDeviceDRM::NullCommit: Null commit succeeded crtc=86
04-23 16:16:02.788   2078   2078 I CAM_ERR:  CAM-SENSOR: cam_sensor_i2c_modes_util: 434 Skipping scanengine cam_sensor_i2c_modes_util
04-23 16:16:02.810    847    847 I [drm: dsi_display_set_mode [msm_drm]] [msm-dsi-info]: mdp_transfer_time=0, hactive=720, vactive=1280, fps=63, clk_rate=0
04-23 16:16:02.796   1358  32389 W CamX:  [ WARN][STATS  ] camxstatscommon.cpp:949 Get3ASyncType() Failed to retrieve 3A Sync tag for Node:RealTimeFeatureNZSLSnapshotRDI_AWB0_cam1
04-23 16:16:02.796   1358  32389 W CamX:  [ WARN][ISP    ] camxtfenode.cpp:2425 ReadDefaultStatsConfig() RealTimeFeatureNZSLSnapshotRDI_TFE0_cam1, AFD stats control NULL
04-23 16:16:02.796   2096   2181 I InputManager-JNI:  Viewport [0] to add: local:4630947160343586177, isActive: true
04-23 16:16:02.811    847    847 I [drm: dsi_ctrl_isr_configure [msm_drm]] [msm-dsi-info]: dsi-ctrl-0: IRQ 327 registered
04-23 16:16:02.798   1358  32389 I CamX:  [CORE_CFG][CSL    ] camxcslhw.cpp:1102 CSLAcquireDeviceHW() DeviceAcquired: Name=CSLHwTFE phDevice=65795 name:/dev/v4l-subdev1 dIndex 0 hIndex 3 sessionName RealTimeFeatureNZSLSnapshotRDI
04-23 16:16:02.798   1358  32389 I CamX:  [CORE_CFG][CORE   ] camxpipeline.h:3445 SetPipelineStatus() RealTimeFeatureNZSLSnapshotRDI_0_cam_1 status is now PipelineStatus::PRE_FINALIZED
04-23 16:16:02.799   2096   2375 I InputReader:  Reconfiguring input devices, changes=DISPLAY_INFO
04-23 16:16:02.799   2096   2375 I InputReader:  Device reconfigured: id=6, name='chsc_cap_touch', size 720x1280, orientation Rotation0, mode DIRECT, display id 0
04-23 16:16:02.803   2096   2182 I DisplayDevice:  [0] Layerstack set to 0 for local:4630947160343586177
04-23 16:16:02.804   1283   9085 D AHAL:  AudioDevice: SetParameters: 1407: enter: screen_state=on
04-23 16:16:02.804   1283   9085 D AHAL:  AudioVoice: VoiceSetParameters: 90: Enter params: screen_state=on
04-23 16:16:02.804   1283   9085 D AHAL:  AudioVoice: VoiceSetParameters: 311: Exit ret: 0
04-23 16:16:02.804   1283   9085 D AHAL:  FM: fm_set_parameters: 262: Enter
04-23 16:16:02.804   1283   9085 D AHAL:  FM: fm_set_parameters: 320: exit
04-23 16:16:02.804   1283   9085 D AHAL:  AudioDevice: SetParameters: 1478:  - screen = on
04-23 16:16:02.804   1283   9085 I PAL:  ResourceManager: setParameter: 8980: Screen State:1
04-23 16:16:02.804   1283   9085 D AHAL:  AudioDevice: SetParameters: 2028: exit: screen_state=on
04-23 16:16:02.807  22196  22196 I NearbyDiscovery:  FastPairDisplayObserver: STATE_OFF -> STATE_ON [CONTEXT service_id=265 ]
04-23 16:16:02.811   3819   3819 D ZenModeController:  Added callback class com.android.systemui.qs.tiles.DndTile$3
04-23 16:16:02.811  22196  22361 I NearbyDiscovery:  PureOffloadFastPairScanner: eventType=SCREEN_ON_FROM_DISPLAY_OBSERVER, isInternalReq=false, isScanning=false, isScanningAllowed=false [CONTEXT service_id=265 ]
04-23 16:16:02.812  22196  22361 I NearbyDiscovery:  ApFastPairScanner: isScreenOn=false, isLocationEnabled=true, disableLocationRequirement=true, isDiscoveryScanningEnabled=true, during24GhzWifiWarmingUpPeriod=false [CONTEXT service_id=265 ]
04-23 16:16:02.812  22196  22361 D BluetoothAdapter:  isLeEnabled(): ON
04-23 16:16:02.812  22196  22361 I NearbyDiscovery:  ApFastPairScanner: eventType=SCREEN_ON_FROM_DISPLAY_OBSERVER, intReq=false, scanning=false, scanAllowed=false, bleEnabled=true, lockScanRate=false, startScanningByLowPowerMode=false [CONTEXT service_id=265 ]
04-23 16:16:02.817   3819   3968 I QuickAccessWalletTile:  QAW service is unavailable, recreating the wallet client.
04-23 16:16:02.819   3819   3819 D DisplayRepository:  combining enabled=[0], connectedExternalDisplayIds=[], ignored=[]
04-23 16:16:02.838   3819   3819 D ZenModeController:  Removed callback class com.android.systemui.qs.tiles.DndTile$3
04-23 16:16:02.839   3819   3968 D ControlsListingControllerImpl:  Subscribing callback, service count: 0
04-23 16:16:02.839   3819   3968 D ControlsListingControllerImpl:  Unsubscribing callback
04-23 16:16:03.054   1300   1300 W healthd:  battery l=80 v=3994 t=27.1 h=2 st=4 c=-107000 fc=3125000 chg=a
04-23 16:16:03.080   1318  32351 I sensors-hal:  handle_indication_realtime:467,  SCHED_FIFO(10) for qmi_cbk
04-23 16:16:03.089   1633  32344 I GenericSource:  start
04-23 16:16:03.094   1283   9085 D AHAL:  FM: fm_get_parameters: 232: enter
04-23 16:16:03.094   1283   9085 D AHAL:  FM: fm_get_parameters: 239: exit
04-23 16:16:03.095   1633  32400 D CCodec:  allocate(c2.android.vorbis.decoder)
04-23 16:16:03.098   1633  32400 I CCodec:  setting up 'default' as default (vendor) store
04-23 16:16:03.100   1633  32400 I CCodec:  Created component [c2.android.vorbis.decoder]
04-23 16:16:03.100   1633  32400 D CCodecConfig:  read media type: audio/vorbis
04-23 16:16:03.102   1633  32400 D ReflectedParamUpdater:  extent() != 1 for single value type: algo.buffers.max-count.values
04-23 16:16:03.102   1633  32400 D ReflectedParamUpdater:  extent() != 1 for single value type: output.subscribed-indices.values
04-23 16:16:03.103   1633  32400 D ReflectedParamUpdater:  extent() != 1 for single value type: input.buffers.allocator-ids.values
04-23 16:16:03.103   1633  32400 D ReflectedParamUpdater:  extent() != 1 for single value type: output.buffers.allocator-ids.values
04-23 16:16:03.103   1633  32400 D ReflectedParamUpdater:  extent() != 1 for single value type: algo.buffers.allocator-ids.values
04-23 16:16:03.103   1633  32400 D ReflectedParamUpdater:  extent() != 1 for single value type: output.buffers.pool-ids.values
04-23 16:16:03.103   1633  32400 D ReflectedParamUpdater:  extent() != 1 for single value type: algo.buffers.pool-ids.values
04-23 16:16:03.104   1633  32400 I CCodecConfig:  query failed after returning 8 values (BAD_INDEX)
04-23 16:16:03.104   1633  32400 D CCodecConfig:  c2 config diff is Dict {
04-23 16:16:03.104   1633  32400 D CCodecConfig:    c2::u32 coded.bitrate.value = 64000
04-23 16:16:03.104   1633  32400 D CCodecConfig:    c2::u32 input.buffers.max-size.value = 32768
04-23 16:16:03.104   1633  32400 D CCodecConfig:    c2::u32 input.delay.value = 0
04-23 16:16:03.104   1633  32400 D CCodecConfig:    string input.media-type.value = "audio/vorbis"
04-23 16:16:03.104   1633  32400 D CCodecConfig:    c2::u32 output.large-frame.max-size = 0
04-23 16:16:03.104   1633  32400 D CCodecConfig:    c2::u32 output.large-frame.threshold-size = 0
04-23 16:16:03.104   1633  32400 D CCodecConfig:    string output.media-type.value = "audio/raw"
04-23 16:16:03.104   1633  32400 D CCodecConfig:    c2::u32 raw.channel-count.value = 1
04-23 16:16:03.104   1633  32400 D CCodecConfig:    c2::u32 raw.sample-rate.value = 48000
04-23 16:16:03.104   1633  32400 D CCodecConfig:  }
04-23 16:16:03.104   1364   7213 I SDM:  PipeAllocSdma2::CalculatePipeNumToDedicate: num_vig: 0, num_dma: 1
04-23 16:16:03.104   1364   7213 I SDM:  DisplayBase::SetDisplayState: active 1-1 state 1-1 pending_power_state_ 0
04-23 16:16:03.105   1633  32400 D CCodec:  [c2.android.vorbis.decoder] buffers are bound to CCodec for this session
04-23 16:16:03.105   1426   1426 D SurfaceFlinger:  Finished setting power mode 2 on display 4630947160343586177
04-23 16:16:03.105   1633  32400 D CCodecConfig:  no c2 equivalents for durationUs
04-23 16:16:03.105   1633  32400 D CCodecConfig:  no c2 equivalents for csd-1
04-23 16:16:03.105   1633  32400 D CCodecConfig:  no c2 equivalents for flags
04-23 16:16:03.105   2096   3787 D SurfaceControl:  Excessive delay in setPowerMode()
04-23 16:16:03.105   1633  32400 D CCodecConfig:  c2 config diff is   c2::u32 coded.bitrate.value = 80000
04-23 16:16:03.105   1633  32400 D CCodecConfig:    c2::u32 raw.sample-rate.value = 44100
04-23 16:16:03.106   1633  32400 W Codec2Client:  query -- param skipped: index = 1107298332.
04-23 16:16:03.106   1633  32400 D CCodec:  encoding statistics level = 0
04-23 16:16:03.106   1633  32400 D CCodec:  setup formats input: AMessage(what = 0x00000000) = {
04-23 16:16:03.106   1633  32400 D CCodec:    int32_t bitrate = 80000
04-23 16:16:03.106   1633  32400 D CCodec:    int32_t channel-count = 1
04-23 16:16:03.106   1633  32400 D CCodec:    int32_t max-input-size = 32768
04-23 16:16:03.106   1633  32400 D CCodec:    string mime = "audio/vorbis"
04-23 16:16:03.106   1633  32400 D CCodec:    int32_t sample-rate = 44100
04-23 16:16:03.106   1633  32400 D CCodec:  }
04-23 16:16:03.106   1633  32400 D CCodec:  setup formats output: AMessage(what = 0x00000000) = {
04-23 16:16:03.106   1633  32400 D CCodec:    int32_t buffer-batch-max-output-size = 0
04-23 16:16:03.106   1633  32400 D CCodec:    int32_t buffer-batch-threshold-output-size = 0
04-23 16:16:03.106   1633  32400 D CCodec:    int32_t channel-count = 1
04-23 16:16:03.106   1633  32400 D CCodec:    string mime = "audio/raw"
04-23 16:16:03.106   1633  32400 D CCodec:    int32_t sample-rate = 44100
04-23 16:16:03.106   1633  32400 D CCodec:    int32_t channel-mask = 1
04-23 16:16:03.106   1633  32400 D CCodec:    int32_t android._config-pcm-encoding = 2
04-23 16:16:03.106   1633  32400 D CCodec:  }
04-23 16:16:03.106   1633  32400 I CCodecConfig:  query failed after returning 8 values (BAD_INDEX)
04-23 16:16:03.107   1426   1426 W Layer:  gatherBufferInfo: Received unknown dataspace from gralloc
04-23 16:16:03.107   1426   1426 W Layer:  gatherBufferInfo: Received unknown dataspace from gralloc
04-23 16:16:03.107   1426   1426 W Layer:  gatherBufferInfo: Received unknown dataspace from gralloc
04-23 16:16:03.107   1426   1426 W Layer:  gatherBufferInfo: Received unknown dataspace from gralloc
04-23 16:16:03.107   1426   1426 W Layer:  gatherBufferInfo: Received unknown dataspace from gralloc
04-23 16:16:03.107   1426   1426 W Layer:  gatherBufferInfo: Received unknown dataspace from gralloc
04-23 16:16:03.108   1633  32400 I MediaCodec:  MediaCodec will operate in async mode
04-23 16:16:03.109   2096   2181 D DisplayManagerService:  Ignore redundant display event 0/2 to 10140/7755
04-23 16:16:03.109   2096   2181 D DisplayManagerService:  Ignore redundant display event 0/2 to 10125/22372
04-23 16:16:03.110   1633  32399 D MediaCodec:  keep callback message for reclaim
04-23 16:16:03.111   1364   7213 I SDM:  ColorManager::ApplyGameBlobFeature: Hdr interface is not created
04-23 16:16:03.113   1301   1301 I QTI PowerHAL:  Power setMode: 6 to: 1
04-23 16:16:03.114   1283   9085 D AHAL:  AudioDevice: SetParameters: 1407: enter: screen_state=on
04-23 16:16:03.114   1283   9085 D AHAL:  AudioVoice: VoiceSetParameters: 90: Enter params: screen_state=on
04-23 16:16:03.114   1283   9085 D AHAL:  AudioVoice: VoiceSetParameters: 311: Exit ret: 0
04-23 16:16:03.114   1283   9085 D AHAL:  FM: fm_set_parameters: 262: Enter
04-23 16:16:03.114   1283   9085 D AHAL:  FM: fm_set_parameters: 320: exit
04-23 16:16:03.114   1283   9085 D AHAL:  AudioDevice: SetParameters: 1478:  - screen = on
04-23 16:16:03.114   1283   9085 I PAL:  ResourceManager: setParameter: 8980: Screen State:1
04-23 16:16:03.114   1283   9085 D AHAL:  AudioDevice: SetParameters: 2028: exit: screen_state=on
04-23 16:16:03.114   1301   1301 E QTI PowerHAL:  Failed to acquire lock for hint_id: 10A5.
04-23 16:16:03.115   1633  32400 W Codec2Client:  query -- param skipped: index = 1342179345.
04-23 16:16:03.116   1633  32400 W Codec2Client:  query -- param skipped: index = 2415921170.
04-23 16:16:03.116   1633  32400 D CCodecBufferChannel:  [c2.android.vorbis.decoder#960] Created input block pool with allocatorID 16 => poolID 46 - OK (0)
04-23 16:16:03.116   1389   2296 I QC2CompStore:  Setting heap usage to system
04-23 16:16:03.118   1301   1301 I QTI PowerHAL:  Power setMode: 6 to: 0
04-23 16:16:03.118   1633  32400 I CCodecBufferChannel:  [c2.android.vorbis.decoder#960] Created output block pool with allocatorID 16 => poolID 100 - OK
04-23 16:16:03.118   1633  32400 D CCodecBufferChannel:  [c2.android.vorbis.decoder#960] Configured output block pool ids 100 => OK
04-23 16:16:03.118   1693   2304 E Codec2-ComponentInterface:  We have a failed config
04-23 16:16:03.135    847    847 I pca953x 3-0020:  pca953x_gpio_set_value: outreg=0x3, bit=0x20, off=0xd, val=1
04-23 16:16:03.122   1633  32400 D CCodecBufferChannel:  [c2.android.vorbis.decoder#960] start: updating output delay 0
04-23 16:16:03.122   1389   2296 I QC2CompStore:  Setting heap usage to system
04-23 16:16:03.124   1693  32401 D SimpleC2Component:  Using output block pool with poolID 100 => got 100 - 0
04-23 16:16:03.124   1389   2296 I QC2CompStore:  Setting heap usage to system
04-23 16:16:03.127   1633  32399 I NuPlayerDecoderBase:  audioStart latency : 32.05 ms
04-23 16:16:03.136   1633  32399 I ExtendedNuUtils:  Both src and dst missing for bit-width
04-23 16:16:03.136   1633  32399 I ExtendedNuUtils:  Overriding durationUs: with 64 bit src value 1920000
04-23 16:16:03.138   1283   9085 D AHAL:  FM: fm_get_parameters: 232: enter
04-23 16:16:03.138   1283   9085 D AHAL:  FM: fm_get_parameters: 239: exit
04-23 16:16:03.140   1419   9214 D AudioFlinger:  Client defaulted notificationFrames to 11025 for frameCount 22050
04-23 16:16:03.142   1283   9085 D AHAL:  AudioStream: astream_out_get_parameters: 892: enter
04-23 16:16:03.142   1283   9085 D AHAL:  AudioStream: astream_out_get_parameters: 914: keys: is_direct_pcm_track
04-23 16:16:03.142   1283   9085 D AHAL:  AudioStream: astream_out_get_parameters: 951: exit: returns - is_direct_pcm_track=false
04-23 16:16:03.145   1419   1933 W Permission:  The package name(android) provided does not correspond to the uid 1041
04-23 16:16:03.149   1283   9085 I EffectsFactory:  EffectCreate() create_effect
04-23 16:16:03.151   1419   9214 D audioserver:  logFgsApiBegin: FGS Logger Transaction failed, -129
04-23 16:16:03.158   1283   9086 D AHAL:  AudioStream: out_update_source_metadata_v7: 1001: track count is 2 for usecase(1: low-latency-playback)
04-23 16:16:03.158   1283   9086 D AHAL:  AudioStream: out_update_source_metadata_v7: 1033: Source metadata usage:13 content_type:4
04-23 16:16:03.158   1283   9086 D AHAL:  AudioStream: out_update_source_metadata_v7: 1033: Source metadata usage:5 content_type:4
04-23 16:16:03.158   1283   9086 D AHAL:  AudioStream: SetAggregateSourceMetadata: 3701: Agreegated Source metadata usage:13 content_type:4
04-23 16:16:03.158   1283   9086 D AHAL:  AudioStream: SetAggregateSourceMetadata: 3701: Agreegated Source metadata usage:5 content_type:4
04-23 16:16:03.159   1633  32398 D AudioTrack:  getTimestamp_l(79): device stall time corrected using current time 2443654338128
04-23 16:16:03.173   1359   6185 I gsl:  gsl_graph_send_persist_cal:863 Skipping persist cal for SG_ID -1342177278: already started
04-23 16:16:03.173   1359   6185 I gsl:  gsl_graph_send_persist_cal:863 Skipping persist cal for SG_ID -1342177243: already started
04-23 16:16:03.173   1359   6185 I gsl:  gsl_graph_send_persist_cal:863 Skipping persist cal for SG_ID -1342177244: already started
04-23 16:16:03.173   1359   6185 I gsl:  gsl_graph_send_persist_cal:863 Skipping persist cal for SG_ID -1342177245: already started
04-23 16:16:03.193   1359   6185 I gsl:  gsl_graph_send_persist_cal:863 Skipping persist cal for SG_ID -1342177278: already started
04-23 16:16:03.193   1359   6185 I gsl:  gsl_graph_send_persist_cal:863 Skipping persist cal for SG_ID -1342177243: already started
04-23 16:16:03.193   1359   6185 I gsl:  gsl_graph_send_persist_cal:863 Skipping persist cal for SG_ID -1342177244: already started
04-23 16:16:03.193   1359   6185 I gsl:  gsl_graph_send_persist_cal:863 Skipping persist cal for SG_ID -1342177245: already started
04-23 16:16:03.193   1283   9085 D AHAL:  AudioStream: out_update_source_metadata_v7: 1001: track count is 2 for usecase(1: low-latency-playback)
04-23 16:16:03.193   1283   9085 D AHAL:  AudioStream: out_update_source_metadata_v7: 1033: Source metadata usage:13 content_type:4
04-23 16:16:03.193   1283   9085 D AHAL:  AudioStream: out_update_source_metadata_v7: 1033: Source metadata usage:5 content_type:4
04-23 16:16:03.193   1283   9085 D AHAL:  AudioStream: SetAggregateSourceMetadata: 3701: Agreegated Source metadata usage:13 content_type:4
04-23 16:16:03.193   1283   9085 D AHAL:  AudioStream: SetAggregateSourceMetadata: 3701: Agreegated Source metadata usage:5 content_type:4
04-23 16:16:03.244    847    847 I aw99703_drm_notifier_callback:  UNBLANK event
04-23 16:16:03.244    847    847 I  :  aw99703_resume_panel.
04-23 16:16:03.244    847    847 I  :  aw99703_backlight_init enter.
04-23 16:16:03.244    847    847 I  :  aw99703_switching_freq_setting enter
04-23 16:16:03.244    847    847 I  :  aw99703_switching_freq_setting drvdata->frequency is 0x1
04-23 16:16:03.244    847    847 I  :  aw99703_ovp_level_setting enter
04-23 16:16:03.245    847    847 I  :  aw99703_ovp_level_setting drvdata->ovp_level is 0x3
04-23 16:16:03.245    847    847 I  :  aw99703_ocp_level_setting enter
04-23 16:16:03.245    847    847 I  :  aw99703_ocp_level_setting drvdata->ocp_level is 0x2
04-23 16:16:03.245    847    847 I  :  aw99703_backlight_init drvdata->auto_freq_high is 0x80
04-23 16:16:03.245    847    847 I  :  aw99703_backlight_init drvdata->auto_freq_low is 0x10
04-23 16:16:03.245    847    847 I  :  aw99703_bl_full_scale_setting enter.
04-23 16:16:03.246    847    847 I  :  aw99703_bl_full_scale_setting drvdata->full_scale_led is 0x13
04-23 16:16:03.246    847    847 I  :  aw99703_bl_enable_channel turn two channel on!
04-23 16:16:03.247    847    847 I  :  aw99703_ramp_setting drvdata->ramp_on_time is 0x4
04-23 16:16:03.247    847    847 I  :  aw99703_ramp_setting drvdata->ramp_off_time is 0x4
04-23 16:16:03.247    847    847 I  :  aw99703_transition_ramp enter
04-23 16:16:03.247    847    847 I  :  aw99703_transition_ramp drvdata->pwm_trans_dim is 0x0
04-23 16:16:03.248    847    847 I  :  aw99703_transition_ramp drvdata->i2c_trans_dim is 0x0
04-23 16:16:03.248    847    847 I  :  aw99703_set_work_mode enter.
04-23 16:16:03.249    847    847 I  :  aw99703_set_work_mode drvdata->work_mode is 0x1
04-23 16:16:03.249    847    847 I  :  aw99703_pwm_mode_enable pwm_mode is enable
04-23 16:16:03.249    847    847 I  :  aw99703_map_type_setting enter.
04-23 16:16:03.250    847    847 I  :  aw99703_map_type_setting drvdata->map_type is 0x1
04-23 16:16:03.256    847    847 I  :  aw99703_flash_timeout_setting enter.
04-23 16:16:03.256    847    847 I  :  aw99703_flash_timeout_setting drvdata->flash_timeout is 0x5
04-23 16:16:03.256    847    847 I  :  aw99703_flash_current_setting enter.
04-23 16:16:03.257    847    847 I  :  aw99703_flash_current_setting drvdata->flash_current is 0x8
04-23 16:16:03.257    847    847 I  :  aw99703_max_brightness_setting enter.
04-23 16:16:03.257    847    847 I  :  aw99703_max_brightness_setting led lsb is 0x7
04-23 16:16:03.257    847    847 I  :  aw99703_max_brightness_setting led msb is 0xff
04-23 16:16:03.254   3819   5318 D PowerUI:  can't show warning due to - plugged: true status unknown: false
04-23 16:16:03.255   3819   3819 D MediaRouter:  onRestoreRoute() : route=RouteInfo{ name=Phone, description=null, status=null, category=RouteCategory{ name=System types=ROUTE_TYPE_LIVE_AUDIO ROUTE_TYPE_LIVE_VIDEO  groupable=false }, supportedTypes=ROUTE_TYPE_LIVE_AUDIO ROUTE_TYPE_LIVE_VIDEO , presentationDisplay=null }
04-23 16:16:03.255   3819   3819 V MediaRouter:  Selecting route: RouteInfo{ name=Phone, description=null, status=null, category=RouteCategory{ name=System types=ROUTE_TYPE_LIVE_AUDIO ROUTE_TYPE_LIVE_VIDEO  groupable=false }, supportedTypes=ROUTE_TYPE_LIVE_AUDIO ROUTE_TYPE_LIVE_VIDEO , presentationDisplay=null }
04-23 16:16:03.255   3819   3819 D DisplayRepository:  combining enabled=[0], connectedExternalDisplayIds=[], ignored=[]
04-23 16:16:03.257   1426   1426 W Layer:  gatherBufferInfo: Received unknown dataspace from gralloc
04-23 16:16:03.257   1426   1426 W Layer:  gatherBufferInfo: Received unknown dataspace from gralloc
04-23 16:16:03.258   2096   5235 W InputManager-JNI:  Input channel object '85c84ac Wired Charging Animation (client)' was disposed without first being removed with the input manager!
04-23 16:16:03.282   1426   1426 W Layer:  gatherBufferInfo: Received unknown dataspace from gralloc
04-23 16:16:03.282   1426   1426 W Layer:  gatherBufferInfo: Received unknown dataspace from gralloc
04-23 16:16:03.287   1301   1301 I QTI PowerHAL:  Power setMode: 6 to: 1
04-23 16:16:03.288   1301   1301 E QTI PowerHAL:  Failed to acquire lock for hint_id: 10A5.
04-23 16:16:03.297   1426   1426 W Layer:  gatherBufferInfo: Received unknown dataspace from gralloc
04-23 16:16:03.316   1301   1301 I QTI PowerHAL:  Power setMode: 6 to: 0
04-23 16:16:03.569    950   1535 I sscrpcd:  vendor/qcom/proprietary/adsprpc/src/apps_std_imp.c:860: Successfully opened file /sys/class/power_supply/battery/current_now
04-23 16:16:03.904   1633  32307 D CCodecBufferChannel:  [c2.android.vorbis.decoder#844] buffers after EOS ignored (0 us)
04-23 16:16:03.906   1633  32307 D CCodecBufferChannel:  [c2.android.vorbis.decoder#844] buffers after EOS ignored (0 us)
04-23 16:16:03.908   1633  32305 D AudioTrack:  stop(78): called with 132000 frames delivered
04-23 16:16:04.073    394    394 E SELinux:  avc:  denied  { find } for pid=32408 uid=2000 name=android.service.gatekeeper.IGateKeeperService scontext=u:r:shell:s0 tcontext=u:object_r:gatekeeper_service:s0 tclass=service_manager permissive=0
04-23 16:16:04.086   1300   1300 W healthd:  battery l=80 v=4029 t=27.1 h=2 st=4 c=-4000 fc=3125000 chg=a
04-23 16:16:04.087    394    394 E SELinux:  avc:  denied  { find } for pid=32408 uid=2000 name=dnsresolver scontext=u:r:shell:s0 tcontext=u:object_r:dnsresolver_service:s0 tclass=service_manager permissive=0
04-23 16:16:04.090    394    394 E SELinux:  avc:  denied  { find } for pid=32408 uid=2000 name=incident scontext=u:r:shell:s0 tcontext=u:object_r:incident_service:s0 tclass=service_manager permissive=0
04-23 16:16:04.091    394    394 E SELinux:  avc:  denied  { find } for pid=32408 uid=2000 name=installd scontext=u:r:shell:s0 tcontext=u:object_r:installd_service:s0 tclass=service_manager permissive=0
04-23 16:16:04.097    394    394 E SELinux:  avc:  denied  { find } for pid=32408 uid=2000 name=netd scontext=u:r:shell:s0 tcontext=u:object_r:netd_service:s0 tclass=service_manager permissive=0
04-23 16:16:04.090   3819   5553 D PowerUI:  can't show warning due to - plugged: true status unknown: false
04-23 16:16:04.108    394    394 E SELinux:  avc:  denied  { find } for pid=32408 uid=2000 name=suspend_control scontext=u:r:shell:s0 tcontext=u:object_r:system_suspend_control_service:s0 tclass=service_manager permissive=0
04-23 16:16:04.108    394    394 E SELinux:  avc:  denied  { find } for pid=32408 uid=2000 name=suspend_control_internal scontext=u:r:shell:s0 tcontext=u:object_r:system_suspend_control_internal_service:s0 tclass=service_manager permissive=0
04-23 16:16:04.112    394    394 E SELinux:  avc:  denied  { find } for pid=32408 uid=2000 name=vold scontext=u:r:shell:s0 tcontext=u:object_r:vold_service:s0 tclass=service_manager permissive=0
04-23 16:16:04.161   1283   1965 I audio_hw: :BatteryListener: healthInfo cb thread: cb NOT CHARGING
04-23 16:16:04.162   1283   1965 D AHAL:  AudioDevice: adev_on_battery_status_changed: 632: battery status changed to not charging
04-23 16:16:04.162   1283   1965 D AHAL:  AudioDevice: SetChargingMode: 2320: enter, is_charging 0
04-23 16:16:04.162   1283   1965 D AHAL:  AudioDevice: SetChargingMode: 2330: exit
04-23 16:16:04.368   3819   3819 D MediaRouter:  onRestoreRoute() : route=RouteInfo{ name=Phone, description=null, status=null, category=RouteCategory{ name=System types=ROUTE_TYPE_LIVE_AUDIO ROUTE_TYPE_LIVE_VIDEO  groupable=false }, supportedTypes=ROUTE_TYPE_LIVE_AUDIO ROUTE_TYPE_LIVE_VIDEO , presentationDisplay=null }
04-23 16:16:04.369   3819   3819 V MediaRouter:  Selecting route: RouteInfo{ name=Phone, description=null, status=null, category=RouteCategory{ name=System types=ROUTE_TYPE_LIVE_AUDIO ROUTE_TYPE_LIVE_VIDEO  groupable=false }, supportedTypes=ROUTE_TYPE_LIVE_AUDIO ROUTE_TYPE_LIVE_VIDEO , presentationDisplay=null }
04-23 16:16:04.399   1419   1991 D audioserver:  logFgsApiEnd: FGS Logger Transaction failed, -129
04-23 16:16:04.400   1283   9085 D AHAL:  AudioStream: out_update_source_metadata_v7: 1001: track count is 1 for usecase(1: low-latency-playback)
04-23 16:16:04.400   1283   9085 D AHAL:  AudioStream: out_update_source_metadata_v7: 1033: Source metadata usage:5 content_type:4
04-23 16:16:04.400   1283   9085 D AHAL:  AudioStream: SetAggregateSourceMetadata: 3701: Agreegated Source metadata usage:5 content_type:4
04-23 16:16:04.570    950   1535 I sscrpcd:  vendor/qcom/proprietary/adsprpc/src/apps_std_imp.c:860: Successfully opened file /sys/class/power_supply/battery/current_now
04-23 16:16:04.624   1633  32398 D AudioTrack:  stop(79): called with 84672 frames delivered
04-23 16:16:04.633   1205   1238 I netd:  tetherGetStats() -> {[]} <1.72ms>
04-23 16:16:04.660      1      1 I init:  starting service 'fs_sync'...
04-23 16:16:04.671      1      1 I init:  ... started service 'fs_sync' has pid 32445
04-23 16:16:04.687  32445  32445 D fs_sync:  open dir error!
04-23 16:16:04.705      1      1 I init:  Service 'fs_sync' (pid 32445) exited with status 1
04-23 16:16:04.705      1      1 I init:  Sending signal 9 to service 'fs_sync' (pid 32445) process group...
04-23 16:16:04.706      1      1 I libprocessgroup:  Removed cgroup /sys/fs/cgroup/uid_0/pid_32445
04-23 16:16:04.706      1      1 E init:  process with updatable components 'fs_sync' exited 4 times in 4 minutes
04-23 16:16:04.709      1      1 I init:  processing action (sys.init.updatable_crashing=1) from (/system/etc/init/flags_health_check.rc:10)
04-23 16:16:04.710      1      1 I init:  starting service 'exec 483 (/system/bin/flags_health_check UPDATABLE_CRASHING)'...
04-23 16:16:04.719      1      1 I init:  ... started service 'exec 483 (/system/bin/flags_health_check UPDATABLE_CRASHING)' has pid 32446
04-23 16:16:04.719      1      1 I init:  SVC_EXEC service 'exec 483 (/system/bin/flags_health_check UPDATABLE_CRASHING)' pid 32446 (uid 1000 gid 1000+0 context default) started; waiting...
04-23 16:16:04.733  32446  32446 I flags_health_check:  ServerConfigurableFlagsReset reset_mode value: 1
04-23 16:16:04.733  32446  32446 I flags_health_check:  ServerConfigurableFlagsReset updatable crashing detected, resetting flags.
04-23 16:16:04.905   1426   1426 W Layer:  gatherBufferInfo: Received unknown dataspace from gralloc
04-23 16:16:04.911   1301   1301 I QTI PowerHAL:  Power setMode: 6 to: 1
04-23 16:16:04.914   1301   1301 E QTI PowerHAL:  Failed to acquire lock for hint_id: 10A5.
04-23 16:16:04.936   1426   1426 W Layer:  gatherBufferInfo: Received unknown dataspace from gralloc
04-23 16:16:04.940   1301   1301 I QTI PowerHAL:  Power setMode: 6 to: 0
04-23 16:16:04.952   1426   1426 W Layer:  gatherBufferInfo: Received unknown dataspace from gralloc
04-23 16:16:04.968   1426   1426 W Layer:  gatherBufferInfo: Received unknown dataspace from gralloc
04-23 16:16:04.984   1426   1426 W Layer:  gatherBufferInfo: Received unknown dataspace from gralloc
04-23 16:16:05.000   1426   1426 W Layer:  gatherBufferInfo: Received unknown dataspace from gralloc
04-23 16:16:05.016   1426   1426 W Layer:  gatherBufferInfo: Received unknown dataspace from gralloc
04-23 16:16:05.032   1426   1426 W Layer:  gatherBufferInfo: Received unknown dataspace from gralloc
04-23 16:16:05.048   1426   1426 W Layer:  gatherBufferInfo: Received unknown dataspace from gralloc
04-23 16:16:05.063   1426   1426 W Layer:  gatherBufferInfo: Received unknown dataspace from gralloc
04-23 16:16:05.079   1426   1426 W Layer:  gatherBufferInfo: Received unknown dataspace from gralloc
04-23 16:16:05.095   1426   1426 W Layer:  gatherBufferInfo: Received unknown dataspace from gralloc
04-23 16:16:05.119   1300   1300 W healthd:  battery l=80 v=4029 t=27.1 h=2 st=4 c=-4000 fc=3125000 chg=a
04-23 16:16:05.111   1426   1426 W Layer:  gatherBufferInfo: Received unknown dataspace from gralloc
04-23 16:16:05.154   2096   4919 I MediaFocusControl:  abandonAudioFocus() from uid/pid 10172/3819 clientId=android.media.AudioManager@4193edb
04-23 16:16:05.157   3819  32342 V MediaPlayer:  resetDrmState:  mDrmInfo=null mDrmProvisioningThread=null mPrepareDrmInProgress=false mActiveDrmScheme=false
04-23 16:16:05.159   3819  32342 V MediaPlayer:  cleanDrmObj: mDrmObj=null mDrmSessionId=null
04-23 16:16:05.160   1633   2306 D NuPlayerDriver:  reset(0xb400007c47872350) at state 6
04-23 16:16:05.167   1633  32344 I NuPlayer:  audioFlush latency : 3.76 ms
04-23 16:16:05.171   1633  32400 I hw-BpHwBinder:  onLastStrongRef automatically unlinking death recipients
04-23 16:16:05.171   1693   1940 I hw-BpHwBinder:  onLastStrongRef automatically unlinking death recipients
04-23 16:16:05.174   1693   1940 D BufferPoolAccessor2.0:  Destruction - bufferpool2 0xb400007559e50998 cached: 0/0M, 0/0% in use; allocs: 0, 0% recycled; transfers: 0, 0% unfetched
04-23 16:16:05.180   1633  32344 I NuPlayer:  audioShutdown latency : 12.87 ms
04-23 16:16:05.182   1419   1991 D audioserver:  logFgsApiEnd: FGS Logger Transaction failed, -129
04-23 16:16:05.184   1364   1526 I SDM:  DisplayBase::CommitThread: Received idle timeout
04-23 16:16:05.188   1633  32344 D NuPlayerDriver:  notifyResetComplete(0xb400007c47872350)
04-23 16:16:05.189   1633   2306 W AMessage:  failed to post message as target looper for handler 0 is gone.
04-23 16:16:05.194   1301   1301 I QTI PowerHAL:  Power setMode: 6 to: 1
04-23 16:16:05.195   1301   1301 E QTI PowerHAL:  Failed to acquire lock for hint_id: 10A5.
04-23 16:16:05.211   1283   9085 D AHAL:  AudioStream: out_update_source_metadata_v7: 1001: track count is 0 for usecase(1: low-latency-playback)
04-23 16:16:05.215   1359   4630 I gsl:  gsl_graph_send_persist_cal:863 Skipping persist cal for SG_ID -1342177278: already started
04-23 16:16:05.216   1359   4630 I gsl:  gsl_graph_send_persist_cal:863 Skipping persist cal for SG_ID -1342177243: already started
04-23 16:16:05.216   1359   4630 I gsl:  gsl_graph_send_persist_cal:863 Skipping persist cal for SG_ID -1342177244: already started
04-23 16:16:05.216   1359   4630 I gsl:  gsl_graph_send_persist_cal:863 Skipping persist cal for SG_ID -1342177245: already started
04-23 16:16:05.218   1359   4630 E ACDB:  AcdbComputeDeltaCKV:5762 Error[19]: No calibration data can be found. There is no difference between CKV[new] and CKV[old].
04-23 16:16:05.218   1359   4630 E ACDB:  AcdbCmdGetSubgraphCalDataNonPersist:5964 Error[19]: Failed to get the delta CKV
04-23 16:16:05.218   1359   4630 I gsl:  gsl_graph_send_persist_cal:863 Skipping persist cal for SG_ID -1342177278: already started
04-23 16:16:05.218   1359   4630 I gsl:  gsl_graph_send_persist_cal:863 Skipping persist cal for SG_ID -1342177243: already started
04-23 16:16:05.219   1359   4630 I gsl:  gsl_graph_send_persist_cal:863 Skipping persist cal for SG_ID -1342177244: already started
04-23 16:16:05.219   1359   4630 I gsl:  gsl_graph_send_persist_cal:863 Skipping persist cal for SG_ID -1342177245: already started
04-23 16:16:05.220   1419   1933 W audioserver:  Binder 0xb4000070850c5120 destroyed after setInheritRt before being parceled.
04-23 16:16:05.220   1419   1933 W audioserver:  Binder 0xb4000070850c5120 destroyed after setMinSchedulerPolicy before being parceled.
04-23 16:16:05.267   1301   1301 I QTI PowerHAL:  Power setMode: 6 to: 0
04-23 16:16:05.287   1426   1426 W Layer:  gatherBufferInfo: Received unknown dataspace from gralloc
04-23 16:16:05.362   1364   1526 I SDM:  DisplayBase::CommitThread: Received idle timeout
04-23 16:16:05.370   1301   1301 I QTI PowerHAL:  Power setMode: 6 to: 1
04-23 16:16:05.371   1301   1301 E QTI PowerHAL:  Failed to acquire lock for hint_id: 10A5.
04-23 16:16:05.445   1301   1301 I QTI PowerHAL:  Power setMode: 6 to: 0
04-23 16:16:05.570    950   1535 I sscrpcd:  vendor/qcom/proprietary/adsprpc/src/apps_std_imp.c:860: Successfully opened file /sys/class/power_supply/battery/current_now
04-23 16:16:05.681  32118  32118 I sd 0:  0:0:0: [sda] Synchronizing SCSI cache
04-23 16:16:06.128   1300   1300 W healthd:  battery l=80 v=4029 t=27.1 h=2 st=4 c=0 fc=3125000 chg=a
04-23 16:16:06.214   1419   1991 D audioserver:  logFgsApiEnd: FGS Logger Transaction failed, -129
04-23 16:16:06.332  32087  32087 I (virq:  irq_count)- GICv3:IPI(1):2303716 GICv3:arch_timer(11):1529004 GICv3:IPI(6):506623 ipcc:glink-native-adsp(328):367868 GICv3:ipcc_0(137):307756 GICv3:ufshcd(141):228099 GICv3:IPI(2):197255 GICv3:i2c_geni(163):127200 GICv3:apps_rsc(132):119419 GICv3:dwc3(274):66256
04-23 16:16:06.332  32087  32087 I (cpu:  irq_count)- 0:1148795 1:1319432 2:1061769 3:1116786 4:294663 5:279401 6:391650 7:393050
04-23 16:16:06.332  32087  32087 I (ipi:  irq_count)- 0:2303717 1:197255 2:0 3:0 4:0 5:506623 6:0
04-23 16:16:06.377   1693   2289 D BufferPoolAccessor2.0:  bufferpool2 0xb400007559e4ad18 : 0(0 size) total buffers - 0(0 size) used buffers - 0/0 (recycle/alloc) - 0/0 (fetch/transfer)
04-23 16:16:06.377   1693   2289 D BufferPoolAccessor2.0:  evictor expired: 1, evicted: 1
04-23 16:16:06.377   1633   9090 D BufferPoolAccessor2.0:  evictor expired: 2, evicted: 0
04-23 16:16:06.569    950   1535 I sscrpcd:  vendor/qcom/proprietary/adsprpc/src/apps_std_imp.c:860: Successfully opened file /sys/class/power_supply/battery/current_now
04-23 16:16:06.820  28780  28788 I IPCThreadState:  oneway function results for code 2 on binder at 0xb400007a7e036180 will be dropped but finished with status UNKNOWN_TRANSACTION
04-23 16:16:06.821  28780  28788 I IPCThreadState:  oneway function results for code 2 on binder at 0xb400007a7e05e1a0 will be dropped but finished with status UNKNOWN_TRANSACTION
04-23 16:16:06.835  18673  32310 I IPCThreadState:  oneway function results for code 2 on binder at 0xb400007a7dff35b0 will be dropped but finished with status UNKNOWN_TRANSACTION
04-23 16:16:06.844   1205   1238 I netd:  tetherGetStats() -> {[]} <1.93ms>
04-23 16:16:07.153   1300   1300 W healthd:  battery l=80 v=4029 t=27.1 h=2 st=4 c=0 fc=3125000 chg=a
04-23 16:16:07.253   1283   9085 D AHAL:  AudioStream: astream_out_standby: 663: enter: stream (0xb400007af140bd20), usecase(1: low-latency-playback)
04-23 16:16:07.253   1283   9085 D AHAL:  AudioStream: Standby: 2190: Enter
04-23 16:16:07.253   1283   9085 I PAL:  API: pal_stream_stop: 346: Enter. Stream handle :0xb400007ae1411610K
04-23 16:16:07.254   1359   6185 D AGM:  graph: graph_stop: 978 entry graph_handle 0x47534c
04-23 16:16:07.258   1359   6185 D AGM:  graph: graph_stop: 1023 exit, ret 0
04-23 16:16:07.260   1283   9085 E PAL:  ResourceManager: voteSleepMonitor: 1593: ioctl device is not open
04-23 16:16:07.260   1283   9085 I PAL:  SpeakerProtection: spkrProtSetSpkrStatus: 244: Speaker used last time 2655
04-23 16:16:07.261   1359   4635 D AGM:  graph: graph_stop: 978 entry graph_handle 0x147534c
04-23 16:16:07.262   1359   4635 D AGM:  graph: graph_stop: 1023 exit, ret 0
04-23 16:16:07.263   1359   4635 I AGM:  API: agm_session_aif_connect: 603 disconnecting aifid:11 with session id=121
04-23 16:16:07.263   1359   4635 D AGM:  graph: graph_stop: 978 entry graph_handle 0x147534c
04-23 16:16:07.263   1359   4635 D AGM:  metadata: metadata_print: 79 *************************Metadata*************************
04-23 16:16:07.263   1359   4635 D AGM:  metadata: metadata_print: 80 GKV size:1
04-23 16:16:07.263   1359   4635 D AGM:  metadata: metadata_print: 83 key:0xa3000000, value:0xa3000009
04-23 16:16:07.263   1359   4635 D AGM:  metadata: metadata_print: 87
04-23 16:16:07.263   1359   4635 D AGM:  metadata: CKV count:1
04-23 16:16:07.263   1359   4635 D AGM:  metadata: metadata_print: 90 key:0xbf000000, value:0x0
04-23 16:16:07.263   1359   4635 D AGM:  metadata: metadata_print: 92
04-23 16:16:07.263   1359   4635 D AGM:  metadata: metadata_print: 94 Property ID:134217744
04-23 16:16:07.263   1359   4635 D AGM:  metadata: metadata_print: 95 property count:1
04-23 16:16:07.263   1359   4635 D AGM:  metadata: metadata_print: 98 Property Values:
04-23 16:16:07.263   1359   4635 D AGM:  metadata: metadata_print: 100 0x2
04-23 16:16:07.263   1359   4635 D AGM:  metadata: metadata_print: 102
04-23 16:16:07.263   1359   4635 D AGM:  metadata: metadata_print: 103 ****************Metadata Done***************************
04-23 16:16:07.263   1359   4635 D AGM:  metadata:
04-23 16:16:07.263   1359   4635 I gsl:  gsl_graph_close_sgids_and_connections:2056 num_sgid= 1
04-23 16:16:07.264   1359   4635 I gsl:  gsl_graph_close_sgids_and_connections:2057 sg list:
04-23 16:16:07.264   1359   4635 I gsl:  gsl_graph_close_sgids_and_connections:2059 b00000d5
04-23 16:16:07.264   1359   4635 I gsl:  gsl_print_sg_conn_info:180 num_sg_conn = 0
04-23 16:16:07.267   1359   4635 D AGM:  graph: graph_stop: 1023 exit, ret 0
04-23 16:16:07.268   1359   4635 I AGM:  device: device_set_metadata: 744 Setting device metadata for CODEC_DMA-LPAIF_WSA-TX-0
04-23 16:16:07.268   1359   4635 D AGM:  metadata: metadata_print: 79 *************************Metadata*************************
04-23 16:16:07.268   1359   4635 D AGM:  metadata: metadata_print: 80 GKV size:0
04-23 16:16:07.268   1359   4635 D AGM:  metadata: metadata_print: 87
04-23 16:16:07.268   1359   4635 D AGM:  metadata: CKV count:0
04-23 16:16:07.268   1359   4635 D AGM:  metadata: metadata_print: 92
04-23 16:16:07.268   1359   4635 D AGM:  metadata: metadata_print: 94 Property ID:134217744
04-23 16:16:07.268   1359   4635 D AGM:  metadata: metadata_print: 95 property count:2
04-23 16:16:07.268   1359   4635 D AGM:  metadata: metadata_print: 98 Property Values:
04-23 16:16:07.268   1359   4635 D AGM:  metadata: metadata_print: 100 0x2
04-23 16:16:07.268   1359   4635 D AGM:  metadata: metadata_print: 100 0x5
04-23 16:16:07.268   1359   4635 D AGM:  metadata: metadata_print: 102
04-23 16:16:07.268   1359   4635 D AGM:  metadata: metadata_print: 103 ****************Metadata Done***************************
04-23 16:16:07.268   1359   4635 D AGM:  metadata:
04-23 16:16:07.269   1283   9085 I PAL:  ResourceManager: freeFrontEndIds: 6489: stream type 1, freeing 121
04-23 16:16:07.282   4635   4635 I waipio-asoc-snd soc:  spf_core_platform:sound: check_userspace_service_state: pcm_id 11 state 0
04-23 16:16:07.269   1359   6185 D AGM:  session: session_close: 1268 enter
04-23 16:16:07.269   1359   6185 D AGM:  graph: graph_close: 809 entry handle 0x147534c
04-23 16:16:07.269   1359   6185 D AGM:  graph: graph_close: 834 exit, ret 0
04-23 16:16:07.269   1359   6185 D AGM:  session: session_close: 1317 exit, ret 0
04-23 16:16:07.270   1283   9085 I PAL:  API: pal_stream_stop: 382: Exit. status 0
04-23 16:16:07.270   1283   9085 I PAL:  API: pal_stream_close: 245: Enter. Stream handle :0xb400007ae1411610K
04-23 16:16:07.270   1359   6185 I AGM:  API: agm_session_aif_connect: 603 disconnecting aifid:8 with session id=117
04-23 16:16:07.270   1359   6185 D AGM:  graph: graph_stop: 978 entry graph_handle 0x47534c
04-23 16:16:07.270   1359   6185 D AGM:  metadata: metadata_print: 79 *************************Metadata*************************
04-23 16:16:07.270   1359   6185 D AGM:  metadata: metadata_print: 80 GKV size:4
04-23 16:16:07.270   1359   6185 D AGM:  metadata: metadata_print: 83 key:0xa1000000, value:0xa100000e
04-23 16:16:07.271   1359   6185 D AGM:  metadata: metadata_print: 83 key:0xab000000, value:0x1
04-23 16:16:07.271   1359   6185 D AGM:  metadata: metadata_print: 83 key:0xa2000000, value:0xa2000001
04-23 16:16:07.271   1359   6185 D AGM:  metadata: metadata_print: 83 key:0xac000000, value:0xac000002
04-23 16:16:07.271   1359   6185 D AGM:  metadata: metadata_print: 87
04-23 16:16:07.271   1359   6185 D AGM:  metadata: CKV count:5
04-23 16:16:07.271   1359   6185 D AGM:  metadata: metadata_print: 90 key:0xa4000000, value:0x0
04-23 16:16:07.271   1359   6185 D AGM:  metadata: metadata_print: 90 key:0xd0000000, value:0x0
04-23 16:16:07.271   1359   6185 D AGM:  metadata: metadata_print: 90 key:0xd2000000, value:0x0
04-23 16:16:07.271   1359   6185 D AGM:  metadata: metadata_print: 90 key:0xa5000000, value:0xbb80
04-23 16:16:07.271   1359   6185 D AGM:  metadata: metadata_print: 90 key:0xbe000000, value:0x1
04-23 16:16:07.271   1359   6185 D AGM:  metadata: metadata_print: 92
04-23 16:16:07.271   1359   6185 D AGM:  metadata: metadata_print: 94 Property ID:134217744
04-23 16:16:07.271   1359   6185 D AGM:  metadata: metadata_print: 95 property count:3
04-23 16:16:07.271   1359   6185 D AGM:  metadata: metadata_print: 98 Property Values:
04-23 16:16:07.271   1359   6185 D AGM:  metadata: metadata_print: 100 0x3
04-23 16:16:07.271   1359   6185 D AGM:  metadata: metadata_print: 100 0x2
04-23 16:16:07.271   1359   6185 D AGM:  metadata: metadata_print: 100 0x5
04-23 16:16:07.271   1359   6185 D AGM:  metadata: metadata_print: 102
04-23 16:16:07.271   1359   6185 D AGM:  metadata: metadata_print: 103 ****************Metadata Done***************************
04-23 16:16:07.271   1359   6185 D AGM:  metadata:
04-23 16:16:07.271   1359   6185 I gsl:  gsl_graph_close_sgids_and_connections:2056 num_sgid= 3
04-23 16:16:07.271   1359   6185 I gsl:  gsl_graph_close_sgids_and_connections:2057 sg list:
04-23 16:16:07.271   1359   6185 I gsl:  gsl_graph_close_sgids_and_connections:2059 b0000002
04-23 16:16:07.272   1359   6185 I gsl:  gsl_graph_close_sgids_and_connections:2059 b0000025
04-23 16:16:07.272   1359   6185 I gsl:  gsl_graph_close_sgids_and_connections:2059 b0000024
04-23 16:16:07.272   1359   6185 I gsl:  gsl_print_sg_conn_info:180 num_sg_conn = 3
04-23 16:16:07.272   1359   6185 I gsl:  gsl_print_sg_conn_info:182 sg b0000025 has 1 children:
04-23 16:16:07.272   1359   6185 I gsl:  gsl_print_sg_conn_info:185 b0000002,
04-23 16:16:07.272   1359   6185 I gsl:  gsl_print_sg_conn_info:182 sg b0000024 has 1 children:
04-23 16:16:07.272   1359   6185 I gsl:  gsl_print_sg_conn_info:185 b0000025,
04-23 16:16:07.272   1359   6185 I gsl:  gsl_print_sg_conn_info:182 sg b0000023 has 1 children:
04-23 16:16:07.272   1359   6185 I gsl:  gsl_print_sg_conn_info:185 b0000024,
04-23 16:16:07.274   1359   6185 D AGM:  graph: graph_stop: 1023 exit, ret 0
04-23 16:16:07.289   6185   6185 I waipio-asoc-snd soc:  spf_core_platform:sound: check_userspace_service_state: pcm_id 8 state 0
04-23 16:16:07.281   1359   6185 I AGM:  device: device_set_metadata: 744 Setting device metadata for CODEC_DMA-LPAIF_WSA-RX-0
04-23 16:16:07.282   1359   6185 D AGM:  metadata: metadata_print: 79 *************************Metadata*************************
04-23 16:16:07.282   1359   6185 D AGM:  metadata: metadata_print: 80 GKV size:0
04-23 16:16:07.282   1359   6185 D AGM:  metadata: metadata_print: 87
04-23 16:16:07.282   1359   6185 D AGM:  metadata: CKV count:0
04-23 16:16:07.282   1359   6185 D AGM:  metadata: metadata_print: 92
04-23 16:16:07.282   1359   6185 D AGM:  metadata: metadata_print: 94 Property ID:134217744
04-23 16:16:07.282   1359   6185 D AGM:  metadata: metadata_print: 95 property count:2
04-23 16:16:07.282   1359   6185 D AGM:  metadata: metadata_print: 98 Property Values:
04-23 16:16:07.282   1359   6185 D AGM:  metadata: metadata_print: 100 0x2
04-23 16:16:07.282   1359   6185 D AGM:  metadata: metadata_print: 100 0x5
04-23 16:16:07.282   1359   6185 D AGM:  metadata: metadata_print: 102
04-23 16:16:07.282   1359   6185 D AGM:  metadata: metadata_print: 103 ****************Metadata Done***************************
04-23 16:16:07.282   1359   6185 D AGM:  metadata:
04-23 16:16:07.282   1359   4635 I AGM:  session: session_obj_set_sess_aif_metadata: 1758 Setting metadata for sess aif id 8
04-23 16:16:07.282   1359   4635 D AGM:  metadata: metadata_print: 79 *************************Metadata*************************
04-23 16:16:07.282   1359   4635 D AGM:  metadata: metadata_print: 80 GKV size:0
04-23 16:16:07.282   1359   4635 D AGM:  metadata: metadata_print: 87
04-23 16:16:07.282   1359   4635 D AGM:  metadata: CKV count:0
04-23 16:16:07.282   1359   4635 D AGM:  metadata: metadata_print: 92
04-23 16:16:07.282   1359   4635 D AGM:  metadata: metadata_print: 94 Property ID:134217744
04-23 16:16:07.282   1359   4635 D AGM:  metadata: metadata_print: 95 property count:1
04-23 16:16:07.282   1359   4635 D AGM:  metadata: metadata_print: 98 Property Values:
04-23 16:16:07.283   1359   4635 D AGM:  metadata: metadata_print: 100 0x3
04-23 16:16:07.283   1359   4635 D AGM:  metadata: metadata_print: 102
04-23 16:16:07.283   1359   4635 D AGM:  metadata: metadata_print: 103 ****************Metadata Done***************************
04-23 16:16:07.283   1359   4635 D AGM:  metadata:
04-23 16:16:07.283   1359   4635 I AGM:  session: session_obj_set_sess_aif_metadata: 1778 Exit
04-23 16:16:07.283   1359   4635 D AGM:  session: session_close: 1268 enter
04-23 16:16:07.283   1359   4635 D AGM:  graph: graph_close: 809 entry handle 0x47534c
04-23 16:16:07.283   1359   4635 I gsl:  gsl_graph_close_sgids_and_connections:2056 num_sgid= 1
04-23 16:16:07.283   1359   4635 I gsl:  gsl_graph_close_sgids_and_connections:2057 sg list:
04-23 16:16:07.283   1359   4635 I gsl:  gsl_graph_close_sgids_and_connections:2059 b0000023
04-23 16:16:07.283   1359   4635 I gsl:  gsl_print_sg_conn_info:180 num_sg_conn = 0
04-23 16:16:07.284   1359   4635 D AGM:  graph: graph_close: 834 exit, ret 0
04-23 16:16:07.284   1359   4635 D AGM:  session: session_close: 1317 exit, ret 0
04-23 16:16:07.285   1283   9085 I PAL:  ResourceManager: freeFrontEndIds: 6489: stream type 1, freeing 117
04-23 16:16:07.285   1283   9085 I PAL:  Device: close: 478: Enter. deviceCount 1 for device id 3 (PAL_DEVICE_OUT_SPEAKER)
04-23 16:16:07.286   1283   9085 I PAL:  Device: close: 490: Exit. deviceCount 0 for device id 3 (PAL_DEVICE_OUT_SPEAKER), exit status 0
04-23 16:16:07.286   1283   9085 I PAL:  ResourceManager: GetConcurrencyInfo: 4757: stream type 1 Tx conc 0, Rx conc 0, concurrency allowed
04-23 16:16:07.286   1283   9085 I PAL:  ResourceManager: GetConcurrencyInfo: 4757: stream type 1 Tx conc 0, Rx conc 0, concurrency allowed
04-23 16:16:07.286   1283   9085 I PAL:  ResourceManager: GetConcurrencyInfo: 4757: stream type 1 Tx conc 0, Rx conc 0, concurrency allowed
04-23 16:16:07.286   1283   9085 I PAL:  ResourceManager: deregisterStream: 2889: stream type 1
04-23 16:16:07.286   1283   9085 I PAL:  API: pal_stream_close: 280: Exit. status 0
04-23 16:16:07.286   1283   9085 D AHAL:  AudioStream: Standby: 2280: Exit ret: 0
04-23 16:16:07.286   1283   9085 D AHAL:  AudioStream: astream_out_standby: 671: Exit ret: 0
04-23 16:16:07.377   1693   2289 D BufferPoolAccessor2.0:  evictor expired: 2, evicted: 0
04-23 16:16:07.449  32585  32585 W libc:  Access denied finding property "qemu.sf.lcd_density"
04-23 16:16:07.445  32585  32585 W getprop:  type=1400 audit(0.0:3075): avc:  denied  { read } for  name="u:object_r:qemu_sf_lcd_density_prop:s0" dev="tmpfs" ino=318 scontext=u:r:shell:s0 tcontext=u:object_r:qemu_sf_lcd_density_prop:s0 tclass=file permissive=0
04-23 16:16:07.570    950   1535 I sscrpcd:  vendor/qcom/proprietary/adsprpc/src/apps_std_imp.c:860: Successfully opened file /sys/class/power_supply/battery/current_now
04-23 16:16:07.851  32621  32621 W libc:  Access denied finding property "qemu.sf.lcd_density"
04-23 16:16:07.845  32621  32621 W getprop:  type=1400 audit(0.0:3076): avc:  denied  { read } for  name="u:object_r:qemu_sf_lcd_density_prop:s0" dev="tmpfs" ino=318 scontext=u:r:shell:s0 tcontext=u:object_r:qemu_sf_lcd_density_prop:s0 tclass=file permissive=0
04-23 16:16:08.189   1300   1300 W healthd:  battery l=80 v=4029 t=27.1 h=2 st=4 c=0 fc=3125000 chg=a
04-23 16:16:08.260   1205   1238 I netd:  tetherGetStats() -> {[]} <1.92ms>
04-23 16:16:08.308   2096   2211 I DisplayPowerController2[0]:  Blocking screen off
04-23 16:16:08.308   2096   2211 I DisplayPowerController2[0]:  Unblocked screen off after 1 ms
04-23 16:16:08.311   2096   2211 I DisplayBrightnessStrategySelector:  Changing the DisplayBrightnessStrategy from DozeBrightnessStrategy to ScreenOffBrightnessStrategy for display 0
04-23 16:16:08.313   1318   1318 I sensors-hal:  activate:182, android.sensor.device_orientation/272 en=0
04-23 16:16:08.314   1266   1322 E minksocket:  MinkIPC_QRTR_Service: client with node 1 port 467e went down
04-23 16:16:08.315   1318   1318 I sensors-hal:  activate:193, android.sensor.device_orientation/272 en=0 completed
04-23 16:16:08.316   2096   2211 V DisplayPowerController2[0]:  Brightness [0.0] reason changing to: 'screen_off', previous reason: 'doze'.
04-23 16:16:08.316   2096   2211 I DisplayPowerController2[0]:  BrightnessEvent: disp=0, physDisp=local:4630947160343586177, displayState=OFF, displayPolicy=DOZE, brt=0.0, initBrt=0.062992126, rcmdBrt=NaN, preBrt=NaN, lux=0.0, preLux=0.0, hbmMax=1.0, hbmMode=off, rbcStrength=50, thrmMax=1.0, powerFactor=1.0, wasShortTermModelActive=false, flags=, reason=screen_off, autoBrightness=false, strategy=ScreenOffBrightnessStrategy, autoBrightnessMode=default
04-23 16:16:08.320   1426   1426 D SurfaceFlinger:  Setting power mode 0 on display 4630947160343586177
04-23 16:16:08.321   1364   7213 I SDM:  DisplayBase::SetDisplayState: Set state = 0, display 32-0, teardown = 0
04-23 16:16:08.321   2096   2181 I DisplayDeviceRepository:  Display device changed state: "Built-in Screen", OFF
04-23 16:16:08.321   1364   7213 I SDM:  DRMPanelFeatureMgr::MarkForNullCommit: Marked 7 for null commit
04-23 16:16:08.321   1364   7213 I SDM:  HWDeviceDRM::NullCommit: Null commit succeeded crtc=86
04-23 16:16:08.336      0      0 E : [    C0] i2c_geni 984000.i2c:  GSI QN err:0x0, status:0x4ff, err:2
04-23 16:16:08.336      0      0 E : [    C0] i2c_geni 984000.i2c:  GSI QN err:0x0, status:0x4ff, err:2
04-23 16:16:08.324   2096   2181 I InputManager-JNI:  Viewport [0] to add: local:4630947160343586177, isActive: false
04-23 16:16:08.327   2096   2375 I InputReader:  Reconfiguring input devices, changes=DISPLAY_INFO
04-23 16:16:08.328  22196  22196 I NearbyDiscovery:  FastPairDisplayObserver: STATE_ON -> STATE_OFF [CONTEXT service_id=265 ]
04-23 16:16:08.329   1283   9085 D AHAL:  AudioDevice: SetParameters: 1407: enter: screen_state=off
04-23 16:16:08.329   1283   9085 D AHAL:  AudioVoice: VoiceSetParameters: 90: Enter params: screen_state=off
04-23 16:16:08.329   2096   2179 W SurfaceControl:  Invalid layer stack -1
04-23 16:16:08.329   1283   9085 D AHAL:  AudioVoice: VoiceSetParameters: 311: Exit ret: 0
04-23 16:16:08.329   2096   2179 I DisplayDevice:  [0] Layerstack set to -1 for local:4630947160343586177
04-23 16:16:08.330   1283   9085 D AHAL:  FM: fm_set_parameters: 262: Enter
04-23 16:16:08.330   1283   9085 D AHAL:  FM: fm_set_parameters: 320: exit
04-23 16:16:08.330   1283   9085 D AHAL:  AudioDevice: SetParameters: 1481:  - screen = off
04-23 16:16:08.330   1283   9085 I PAL:  ResourceManager: setParameter: 8980: Screen State:0
04-23 16:16:08.330   1283   9085 D AHAL:  AudioDevice: SetParameters: 2028: exit: screen_state=off
04-23 16:16:08.344    847    847 I pca953x 3-0020:  pca953x_gpio_set_value: outreg=0x3, bit=0x20, off=0xd, val=0
04-23 16:16:08.344    847    847 I aw99703_drm_notifier_callback:  BLANK event
04-23 16:16:08.344    847    847 I  :  aw99703_suspend_panel.
04-23 16:16:08.344    847    847 I  :  aw99703_set_work_mode enter.
04-23 16:16:08.345    847    847 I  :  aw99703_set_work_mode drvdata->work_mode is 0x0
04-23 16:16:08.333  22196  22361 I NearbyDiscovery:  PureOffloadFastPairScanner: eventType=SCREEN_OFF_FROM_DISPLAY_OBSERVER, isInternalReq=false, isScanning=false, isScanningAllowed=false [CONTEXT service_id=265 ]
04-23 16:16:08.333   2096   2375 I InputReader:  Disabling chsc_cap_touch (device 6) because the associated viewport is not active
04-23 16:16:08.333  22196  22361 I NearbyDiscovery:  ApFastPairScanner: isScreenOn=false, isLocationEnabled=true, disableLocationRequirement=true, isDiscoveryScanningEnabled=true, during24GhzWifiWarmingUpPeriod=false [CONTEXT service_id=265 ]
04-23 16:16:08.333   2096   2375 I InputReader:  Device reconfigured: id=6, name='chsc_cap_touch', size 721x1281, orientation Rotation0, mode DISABLED, display id 0
04-23 16:16:08.333  22196  22361 D BluetoothAdapter:  isLeEnabled(): ON
04-23 16:16:08.334  22196  22361 I NearbyDiscovery:  ApFastPairScanner: eventType=SCREEN_OFF_FROM_DISPLAY_OBSERVER, intReq=false, scanning=false, scanAllowed=false, bleEnabled=true, lockScanRate=false, startScanningByLowPowerMode=false [CONTEXT service_id=265 ]
04-23 16:16:08.344   3819   3819 E NotifShadeWindowVC:  setKeyguardStatusBarVisibility: true
04-23 16:16:08.345   3819   3819 D DisplayRepository:  combining enabled=[0], connectedExternalDisplayIds=[], ignored=[]
04-23 16:16:08.347   3819   3819 W View:  requestLayout() improperly called by com.android.keyguard.CarrierText{21c7338 V.ED..... ......ID 32,0-489,80 #7f0a03c0 app:id/keyguard_carrier_text} during layout: running second layout pass
04-23 16:16:08.373   3819   4290 D LocalImageResolver:  Couldn't use ImageDecoder for drawable, falling back to non-resized load.
04-23 16:16:08.375   3819   4290 D LocalImageResolver:  Couldn't use ImageDecoder for drawable, falling back to non-resized load.
04-23 16:16:08.385  32671  32671 W cat:  type=1400 audit(0.0:3077): avc:  denied  { read } for  name="address" dev="sysfs" ino=111990 scontext=u:r:shell:s0 tcontext=u:object_r:sysfs_net:s0 tclass=file permissive=0 bug=b/329380904
04-23 16:16:08.397   3819   4290 D LocalImageResolver:  Couldn't use ImageDecoder for drawable, falling back to non-resized load.
04-23 16:16:08.416   2096   2166 I system_server:  Background concurrent mark compact GC freed 21MB AllocSpace bytes, 124(2916KB) LOS objects, 43% free, 31MB/55MB, paused 904us,1.945ms total 158.078ms
04-23 16:16:08.419   3819   4290 D LocalImageResolver:  Couldn't use ImageDecoder for drawable, falling back to non-resized load.
04-23 16:16:08.425  32675  32675 W cat:  type=1400 audit(0.0:3078): avc:  denied  { read } for  name="address" dev="sysfs" ino=111990 scontext=u:r:shell:s0 tcontext=u:object_r:sysfs_net:s0 tclass=file permissive=0 bug=b/329380904
04-23 16:16:08.448   2096   2168 W system_server:  ApkAssets: Deleting an ApkAssets object '<empty> and /data/app/~~BLzfeNix6EWBNb8S9t5FBw==/com.google.android.gms-JAPluHI-vJ2Do9KMFPgF_Q==/base.apk' with 1 weak references
04-23 16:16:08.450   2096   2168 W system_server:  ApkAssets: Deleting an ApkAssets object '<empty> and /data/app/~~BLzfeNix6EWBNb8S9t5FBw==/com.google.android.gms-JAPluHI-vJ2Do9KMFPgF_Q==/split_AdsDynamite_installtime.apk' with 1 weak references
04-23 16:16:08.450   2096   2168 W system_server:  ApkAssets: Deleting an ApkAssets object '<empty> and /data/app/~~BLzfeNix6EWBNb8S9t5FBw==/com.google.android.gms-JAPluHI-vJ2Do9KMFPgF_Q==/split_CronetDynamite_installtime.apk' with 1 weak references
04-23 16:16:08.450   2096   2168 W system_server:  ApkAssets: Deleting an ApkAssets object '<empty> and /data/app/~~BLzfeNix6EWBNb8S9t5FBw==/com.google.android.gms-JAPluHI-vJ2Do9KMFPgF_Q==/split_DynamiteLoader_installtime.apk' with 1 weak references
04-23 16:16:08.450   2096   2168 W system_server:  ApkAssets: Deleting an ApkAssets object '<empty> and /data/app/~~BLzfeNix6EWBNb8S9t5FBw==/com.google.android.gms-JAPluHI-vJ2Do9KMFPgF_Q==/split_DynamiteModulesA_installtime.apk' with 1 weak references
04-23 16:16:08.451   2096   2168 W system_server:  ApkAssets: Deleting an ApkAssets object '<empty> and /data/app/~~BLzfeNix6EWBNb8S9t5FBw==/com.google.android.gms-JAPluHI-vJ2Do9KMFPgF_Q==/split_DynamiteModulesC_installtime.apk' with 1 weak references
04-23 16:16:08.451   2096   2168 W system_server:  ApkAssets: Deleting an ApkAssets object '<empty> and /data/app/~~BLzfeNix6EWBNb8S9t5FBw==/com.google.android.gms-JAPluHI-vJ2Do9KMFPgF_Q==/split_GoogleCertificates_installtime.apk' with 1 weak references
04-23 16:16:08.451   2096   2168 W system_server:  ApkAssets: Deleting an ApkAssets object '<empty> and /data/app/~~BLzfeNix6EWBNb8S9t5FBw==/com.google.android.gms-JAPluHI-vJ2Do9KMFPgF_Q==/split_MapsDynamite_installtime.apk' with 1 weak references
04-23 16:16:08.451   2096   2168 W system_server:  ApkAssets: Deleting an ApkAssets object '<empty> and /data/app/~~BLzfeNix6EWBNb8S9t5FBw==/com.google.android.gms-JAPluHI-vJ2Do9KMFPgF_Q==/split_MeasurementDynamite_installtime.apk' with 1 weak references
04-23 16:16:08.452   2096   2168 W system_server:  ApkAssets: Deleting an ApkAssets object '<empty> and /data/app/~~BLzfeNix6EWBNb8S9t5FBw==/com.google.android.gms-JAPluHI-vJ2Do9KMFPgF_Q==/split_config.en.apk' with 1 weak references
04-23 16:16:08.452   2096   2168 W system_server:  ApkAssets: Deleting an ApkAssets object '<empty> and /data/app/~~BLzfeNix6EWBNb8S9t5FBw==/com.google.android.gms-JAPluHI-vJ2Do9KMFPgF_Q==/split_config.xhdpi.apk' with 1 weak references
04-23 16:16:08.454   2096   2168 V MediaPlayer:  resetDrmState:  mDrmInfo=null mDrmProvisioningThread=null mPrepareDrmInProgress=false mActiveDrmScheme=false
04-23 16:16:08.454   2096   2168 V MediaPlayer:  cleanDrmObj: mDrmObj=null mDrmSessionId=null
04-23 16:16:08.455   1633   2306 D NuPlayerDriver:  reset(0xb400007c47875d10) at state 6
04-23 16:16:08.458   1633  32302 I NuPlayer:  audioFlush latency : 2.54 ms
04-23 16:16:08.460   1633  32307 D BufferPoolAccessor2.0:  bufferpool2 0xb400007d9787c4c8 : 0(0 size) total buffers - 0(0 size) used buffers - 125/137 (recycle/alloc) - 16/266 (fetch/transfer)
04-23 16:16:08.460   1633  32682 I hw-BpHwBinder:  onLastStrongRef automatically unlinking death recipients
04-23 16:16:08.460   1693   5782 I hw-BpHwBinder:  onLastStrongRef automatically unlinking death recipients
04-23 16:16:08.461   1693   5782 I hw-BpHwBinder:  onLastStrongRef automatically unlinking death recipients
04-23 16:16:08.461   1693   5933 D BufferPoolAccessor2.0:  bufferpool2 0xb400007559e4e248 : 0(0 size) total buffers - 0(0 size) used buffers - 123/131 (recycle/alloc) - 8/130 (fetch/transfer)
04-23 16:16:08.462   1633  32302 I NuPlayer:  audioShutdown latency : 3.69 ms
04-23 16:16:08.462   1693   5782 D BufferPoolAccessor2.0:  Destruction - bufferpool2 0xb400007559e4ad18 cached: 0/0M, 0/0% in use; allocs: 0, 0% recycled; transfers: 0, 0% unfetched
04-23 16:16:08.465   1633  32302 D NuPlayerDriver:  notifyResetComplete(0xb400007c47875d10)
04-23 16:16:08.465   1633   2306 W AMessage:  failed to post message as target looper for handler 0 is gone.
04-23 16:16:08.468   1419   3996 D audioserver:  logFgsApiEnd: FGS Logger Transaction failed, -129
04-23 16:16:08.532   1364   7213 I SDM:  DisplayBase::SetDisplayState: active 0-0 state 0-0 pending_power_state_ 0
04-23 16:16:08.534   1426   1426 D SurfaceFlinger:  Finished setting power mode 0 on display 4630947160343586177
04-23 16:16:08.534   2096   3787 D SurfaceControl:  Excessive delay in setPowerMode()
04-23 16:16:08.535   2096   3787 V DL-NativeProxy:  Suspend requested start
04-23 16:16:08.535   1301   1301 I QTI PowerHAL:  Power setMode: 7 to: 0
04-23 16:16:08.536   1301   1301 I QTI PowerHAL:  Got set_interactive hint
04-23 16:16:08.536   5082  23554 V DL-ScannerServer:  requestSuspend start
04-23 16:16:08.537   5082  23554 V DL-ScannerServer:  stopDecode() completed
04-23 16:16:08.538   2096   2181 D DisplayManagerService:  Ignore redundant display event 0/2 to 10140/7755
04-23 16:16:08.539   2096   2181 D DisplayManagerService:  Ignore redundant display event 0/2 to 10125/22372
04-23 16:16:08.540   5082   6868 V DL-scanToEVL_Stub:   scanDisable 975
04-23 16:16:08.541   5082   6868 I DL-SE_HAL:   ## se_hw_set_enable ##
04-23 16:16:08.542   1283   9085 D AHAL:  AudioDevice: SetParameters: 1407: enter: screen_state=off
04-23 16:16:08.543   1283   9085 D AHAL:  AudioVoice: VoiceSetParameters: 90: Enter params: screen_state=off
04-23 16:16:08.543   1283   9085 D AHAL:  AudioVoice: VoiceSetParameters: 311: Exit ret: 0
04-23 16:16:08.543   1283   9085 D AHAL:  FM: fm_set_parameters: 262: Enter
04-23 16:16:08.543   1283   9085 D AHAL:  FM: fm_set_parameters: 320: exit
04-23 16:16:08.543   1283   9085 D AHAL:  AudioDevice: SetParameters: 1481:  - screen = off
04-23 16:16:08.543   1283   9085 I PAL:  ResourceManager: setParameter: 8980: Screen State:0
04-23 16:16:08.543   1283   9085 D AHAL:  AudioDevice: SetParameters: 2028: exit: screen_state=off
04-23 16:16:08.545   5082  32350 E DL-CameraManagerNDK:  OnSessionActive
04-23 16:16:08.545   5082  32350 E DL-CameraManagerNDK:  OnSessionReady
04-23 16:16:08.546   1426   1426 W Layer:  gatherBufferInfo: Received unknown dataspace from gralloc
04-23 16:16:08.546   1426   1426 W Layer:  gatherBufferInfo: Received unknown dataspace from gralloc
04-23 16:16:08.549   3819   3819 D DisplayRepository:  combining enabled=[0], connectedExternalDisplayIds=[], ignored=[]
04-23 16:16:08.549   1622   1622 D Camera3-Utils:  Set real time priority for thread (tid 1622)
04-23 16:16:08.549   1358   1358 I CamX:  [CORE_CFG][HAL    ] camxhal3.cpp:1059 configure_streams() HalOp: Begin CONFIG: 0xb400007def8046c0, logicalCameraId: 1, cameraId: 1
04-23 16:16:08.550   1358   1358 I CamX:  [CORE_CFG][HAL    ] camxhal3.cpp:1082 configure_streams()   stream[0] = 0xb400007b84857f78 - info:
04-23 16:16:08.550   1358   1358 I CamX:  [CORE_CFG][HAL    ] camxhal3.cpp:1085 configure_streams()             format       : 34, HAL_PIXEL_FORMAT_IMPLEMENTATION_DEFINED
04-23 16:16:08.550   1358   1358 I CamX:  [CORE_CFG][HAL    ] camxhal3.cpp:1087 configure_streams()             width        : 320
04-23 16:16:08.550   1358   1358 I CamX:  [CORE_CFG][HAL    ] camxhal3.cpp:1089 configure_streams()             height       : 240
04-23 16:16:08.550   1358   1358 I CamX:  [CORE_CFG][HAL    ] camxhal3.cpp:1092 configure_streams()             stream_type  : 00000000, CAMERA3_STREAM_OUTPUT
04-23 16:16:08.550   1358   1358 I CamX:  [CORE_CFG][HAL    ] camxhal3.cpp:1094 configure_streams()             usage        : 00000800
04-23 16:16:08.550   1358   1358 I CamX:  [CORE_CFG][HAL    ] camxhal3.cpp:1096 configure_streams()             max_buffers  : 0
04-23 16:16:08.550   1358   1358 I CamX:  [CORE_CFG][HAL    ] camxhal3.cpp:1099 configure_streams()             rotation     : 00000000, CAMERA3_STREAM_ROTATION_0
04-23 16:16:08.550   1358   1358 I CamX:  [CORE_CFG][HAL    ] camxhal3.cpp:1102 configure_streams()             data_space   : 00000000, HAL_DATASPACE_UNKNOWN
04-23 16:16:08.550   1358   1358 I CamX:  [CORE_CFG][HAL    ] camxhal3.cpp:1104 configure_streams()             priv         : 0x0
04-23 16:16:08.550   1358   1358 I CamX:  [CORE_CFG][HAL    ] camxhal3.cpp:1107 configure_streams()        physical_camera_id         :
04-23 16:16:08.550   1358   1358 I CamX:  [CORE_CFG][HAL    ] camxhal3.cpp:1111 configure_streams()        groupID         : -1
04-23 16:16:08.550   1358   1358 I CamX:  [CORE_CFG][HAL    ] camxhal3.cpp:1114 configure_streams()             reserved[0]         : 0x0
04-23 16:16:08.550   1358   1358 I CamX:  [CORE_CFG][HAL    ] camxhal3.cpp:1116 configure_streams()             reserved[1]         : 0x0
04-23 16:16:08.550   1358   1358 I CamX:  [CORE_CFG][HAL    ] camxhaldevice.cpp:1518 CheckValidStreamConfig() format:34 max Res(800 x 1364) requested Res(320 x 240)
04-23 16:16:08.551   1358   1358 I CamX:  [CORE_CFG][CORE   ] camxsession.cpp:1191 Pause() Pause:0 session 0xb400007b243eb3d0 RealTimeFeatureNZSLSnapshotRDI
04-23 16:16:08.551   1358   1358 I CamX:  [CORE_CFG][CORE   ] camxdeferredrequestqueue.cpp:91 Pause() DRQ is resuming, session 0xb400007b243eb3d0
04-23 16:16:08.551   1358   1358 I CamX:  [CORE_CFG][CORE   ] camxpipeline.cpp:185 Pause() RealTimeFeatureNZSLSnapshotRDI_0_cam_1 is being Paused:0
04-23 16:16:08.551   1358   1358 I CamX:  [CORE_CFG][CORE   ] camxnode.cpp:236 Pause() RealTimeFeatureNZSLSnapshotRDI_Sensor0_cam1 is being paused:0
04-23 16:16:08.551   1358   1358 I CamX:  [CORE_CFG][CORE   ] camxnode.cpp:240 Pause() RealTimeFeatureNZSLSnapshotRDI_Sensor0_cam1 is being signalled
04-23 16:16:08.551   1358   1358 I CamX:  [CORE_CFG][CORE   ] camxnode.cpp:236 Pause() RealTimeFeatureNZSLSnapshotRDI_Stats0_cam1 is being paused:0
04-23 16:16:08.551   1358   1358 I CamX:  [CORE_CFG][CORE   ] camxnode.cpp:240 Pause() RealTimeFeatureNZSLSnapshotRDI_Stats0_cam1 is being signalled
04-23 16:16:08.551   1358   1358 I CamX:  [CORE_CFG][CORE   ] camxnode.cpp:236 Pause() RealTimeFeatureNZSLSnapshotRDI_AWB0_cam1 is being paused:0
04-23 16:16:08.551   1358   1358 I CamX:  [CORE_CFG][CORE   ] camxnode.cpp:240 Pause() RealTimeFeatureNZSLSnapshotRDI_AWB0_cam1 is being signalled
04-23 16:16:08.551   1358   1358 I CamX:  [CORE_CFG][CORE   ] camxnode.cpp:236 Pause() RealTimeFeatureNZSLSnapshotRDI_AutoFocus0_cam1 is being paused:0
04-23 16:16:08.551   1358   1358 I CamX:  [CORE_CFG][CORE   ] camxnode.cpp:240 Pause() RealTimeFeatureNZSLSnapshotRDI_AutoFocus0_cam1 is being signalled
04-23 16:16:08.551   1358   1358 I CamX:  [CORE_CFG][CORE   ] camxnode.cpp:236 Pause() RealTimeFeatureNZSLSnapshotRDI_TFE0_cam1 is being paused:0
04-23 16:16:08.551   1358   1358 I CamX:  [CORE_CFG][CORE   ] camxnode.cpp:240 Pause() RealTimeFeatureNZSLSnapshotRDI_TFE0_cam1 is being signalled
04-23 16:16:08.551   1358   1358 I CamX:  [CORE_CFG][CORE   ] camxnode.cpp:236 Pause() RealTimeFeatureNZSLSnapshotRDI_StatsParse0_cam1 is being paused:0
04-23 16:16:08.551   1358   1358 I CamX:  [CORE_CFG][CORE   ] camxnode.cpp:240 Pause() RealTimeFeatureNZSLSnapshotRDI_StatsParse0_cam1 is being signalled
04-23 16:16:08.551   1358   1358 I CHIUSECASE:  [CORE_CFG ] chifeature2base.cpp:1039 ExecuteFlushHelper() pSessionData isFlushInProgress FALSE Feature RealTime Session RealTime
04-23 16:16:08.552   1358   1358 I CamX:  [CORE_CFG][CORE   ] camxsession.cpp:1191 Pause() Pause:0 session 0xb400007b243eb3d0 RealTimeFeatureNZSLSnapshotRDI
04-23 16:16:08.552   1358   1358 I CamX:  [CORE_CFG][CORE   ] camxdeferredrequestqueue.cpp:91 Pause() DRQ is resuming, session 0xb400007b243eb3d0
04-23 16:16:08.552   1358   1358 I CamX:  [CORE_CFG][CORE   ] camxpipeline.cpp:185 Pause() RealTimeFeatureNZSLSnapshotRDI_0_cam_1 is being Paused:0
04-23 16:16:08.552   1358   1358 I CamX:  [CORE_CFG][CORE   ] camxnode.cpp:236 Pause() RealTimeFeatureNZSLSnapshotRDI_Sensor0_cam1 is being paused:0
04-23 16:16:08.552   1358   1358 I CamX:  [CORE_CFG][CORE   ] camxnode.cpp:240 Pause() RealTimeFeatureNZSLSnapshotRDI_Sensor0_cam1 is being signalled
04-23 16:16:08.552   1358   1358 I CamX:  [CORE_CFG][CORE   ] camxnode.cpp:236 Pause() RealTimeFeatureNZSLSnapshotRDI_Stats0_cam1 is being paused:0
04-23 16:16:08.552   1358   1358 I CamX:  [CORE_CFG][CORE   ] camxnode.cpp:240 Pause() RealTimeFeatureNZSLSnapshotRDI_Stats0_cam1 is being signalled
04-23 16:16:08.552   1358   1358 I CamX:  [CORE_CFG][CORE   ] camxnode.cpp:236 Pause() RealTimeFeatureNZSLSnapshotRDI_AWB0_cam1 is being paused:0
04-23 16:16:08.552   1358   1358 I CamX:  [CORE_CFG][CORE   ] camxnode.cpp:240 Pause() RealTimeFeatureNZSLSnapshotRDI_AWB0_cam1 is being signalled
04-23 16:16:08.552   1358   1358 I CamX:  [CORE_CFG][CORE   ] camxnode.cpp:236 Pause() RealTimeFeatureNZSLSnapshotRDI_AutoFocus0_cam1 is being paused:0
04-23 16:16:08.552   1358   1358 I CamX:  [CORE_CFG][CORE   ] camxnode.cpp:240 Pause() RealTimeFeatureNZSLSnapshotRDI_AutoFocus0_cam1 is being signalled
04-23 16:16:08.552   1358   1358 I CamX:  [CORE_CFG][CORE   ] camxnode.cpp:236 Pause() RealTimeFeatureNZSLSnapshotRDI_TFE0_cam1 is being paused:0
04-23 16:16:08.552   1358   1358 I CamX:  [CORE_CFG][CORE   ] camxnode.cpp:240 Pause() RealTimeFeatureNZSLSnapshotRDI_TFE0_cam1 is being signalled
04-23 16:16:08.552   1358   1358 I CamX:  [CORE_CFG][CORE   ] camxnode.cpp:236 Pause() RealTimeFeatureNZSLSnapshotRDI_StatsParse0_cam1 is being paused:0
04-23 16:16:08.552   1358   1358 I CamX:  [CORE_CFG][CORE   ] camxnode.cpp:240 Pause() RealTimeFeatureNZSLSnapshotRDI_StatsParse0_cam1 is being signalled
04-23 16:16:08.552   1358   1358 I CamX:  [CORE_CFG][CORE   ] camxsession.cpp:1191 Pause() Pause:0 session 0xb400007b243eb3d0 RealTimeFeatureNZSLSnapshotRDI
04-23 16:16:08.552   1358   1358 I CamX:  [CORE_CFG][CORE   ] camxdeferredrequestqueue.cpp:91 Pause() DRQ is resuming, session 0xb400007b243eb3d0
04-23 16:16:08.552   1358   1358 I CamX:  [CORE_CFG][CORE   ] camxpipeline.cpp:185 Pause() RealTimeFeatureNZSLSnapshotRDI_0_cam_1 is being Paused:0
04-23 16:16:08.552   1358   1358 I CamX:  [CORE_CFG][CORE   ] camxnode.cpp:236 Pause() RealTimeFeatureNZSLSnapshotRDI_Sensor0_cam1 is being paused:0
04-23 16:16:08.552   1358   1358 I CamX:  [CORE_CFG][CORE   ] camxnode.cpp:240 Pause() RealTimeFeatureNZSLSnapshotRDI_Sensor0_cam1 is being signalled
04-23 16:16:08.552   1358   1358 I CamX:  [CORE_CFG][CORE   ] camxnode.cpp:236 Pause() RealTimeFeatureNZSLSnapshotRDI_Stats0_cam1 is being paused:0
04-23 16:16:08.552   1358   1358 I CamX:  [CORE_CFG][CORE   ] camxnode.cpp:240 Pause() RealTimeFeatureNZSLSnapshotRDI_Stats0_cam1 is being signalled
04-23 16:16:08.552   1358   1358 I CamX:  [CORE_CFG][CORE   ] camxnode.cpp:236 Pause() RealTimeFeatureNZSLSnapshotRDI_AWB0_cam1 is being paused:0
04-23 16:16:08.552   1358   1358 I CamX:  [CORE_CFG][CORE   ] camxnode.cpp:240 Pause() RealTimeFeatureNZSLSnapshotRDI_AWB0_cam1 is being signalled
04-23 16:16:08.552   1358   1358 I CamX:  [CORE_CFG][CORE   ] camxnode.cpp:236 Pause() RealTimeFeatureNZSLSnapshotRDI_AutoFocus0_cam1 is being paused:0
04-23 16:16:08.552   1358   1358 I CamX:  [CORE_CFG][CORE   ] camxnode.cpp:240 Pause() RealTimeFeatureNZSLSnapshotRDI_AutoFocus0_cam1 is being signalled
04-23 16:16:08.552   1358   1358 I CamX:  [CORE_CFG][CORE   ] camxnode.cpp:236 Pause() RealTimeFeatureNZSLSnapshotRDI_TFE0_cam1 is being paused:0
04-23 16:16:08.552   1358   1358 I CamX:  [CORE_CFG][CORE   ] camxnode.cpp:240 Pause() RealTimeFeatureNZSLSnapshotRDI_TFE0_cam1 is being signalled
04-23 16:16:08.552   1358   1358 I CamX:  [CORE_CFG][CORE   ] camxnode.cpp:236 Pause() RealTimeFeatureNZSLSnapshotRDI_StatsParse0_cam1 is being paused:0
04-23 16:16:08.552   1358   1358 I CamX:  [CORE_CFG][CORE   ] camxnode.cpp:240 Pause() RealTimeFeatureNZSLSnapshotRDI_StatsParse0_cam1 is being signalled
04-23 16:16:08.553   1358   1358 I CamX:  [CORE_CFG][CORE   ] camxsession.cpp:1553 Destroy() Session (0xb400007b243eb3d0) Destroy RealTimeFeatureNZSLSnapshotRDI
04-23 16:16:08.554   1358  32361 I CamX:  [CORE_CFG][CORE   ] camxpipeline.cpp:236 Destroy() Destroying RealTimeFeatureNZSLSnapshotRDI_0
04-23 16:16:08.555   1358  32361 I CamX:  [CORE_CFG][SENSOR ] camxsensornode.cpp:641 ~SensorNode() Sensor[1] [xenon] jobName: xenon_camera_1, destroy pipeline[0]
04-23 16:16:08.555   1358  32361 I CamX:  [CORE_CFG][SENSOR ] camxsensornode.cpp:247 MustRelease() cameraId=1 subDevice: CSIPHY, bReleaseDevice=0
04-23 16:16:08.556   1358  32361 I CamX:  [CORE_CFG][SENSOR ] camxsensornode.cpp:247 MustRelease() cameraId=1 subDevice: Sensor, bReleaseDevice=0
04-23 16:16:08.558   1266   1322 E minksocket:  MinkIPC_QRTR_Service: client with node 1 port 468d went down
04-23 16:16:08.559   1266   1322 E minksocket:  MinkIPC_QRTR_Service: client with node 1 port 4683 went down
04-23 16:16:08.559   1266   1322 E minksocket:  MinkIPC_QRTR_Service: client with node 1 port 4688 went down
04-23 16:16:08.559   1358  32361 I CamX:  [CORE_CFG][CSL    ] camxcslhw.cpp:1401 CSLReleaseDeviceHW() hCSL release success: 4063744, cslDeviceIndex 0 oishandle, hDevice 65795 name:CSLHwTFE
04-23 16:16:08.570    950   1535 I sscrpcd:  vendor/qcom/proprietary/adsprpc/src/apps_std_imp.c:860: Successfully opened file /sys/class/power_supply/battery/current_now
04-23 16:16:08.575   1358  32359 I CHIUSECASE:  [CORE_CFG ] chxextensionmodule.cpp:6134 RequestThreadProcessing() Terminating recovery thread for logical cameraId: 1
04-23 16:16:08.576   1358   1358 I Thermal-Lib:  thermal_bandwidth_client_cancel_request: Removing all bw request for camera_bw_1
04-23 16:16:08.576   5949   6116 I ThermalEngine:  Thermal-Server: removing client on fd 80
04-23 16:16:08.576   1358   1358 I CHIUSECASE:  [CORE_CFG ] chxextensionmodule.cpp:8931 SetDeviceHDRMode() Set HDR mode to:0 for physical cam:1
04-23 16:16:08.576   1358   1358 I CHIUSECASE:  [CORE_CFG ] chxextensionmodule.cpp:8576 ConfigureHDRInformation() Logical camera:1 HDRMode set to:0
04-23 16:16:08.576   1358   1358 I CHIUSECASE:  [CORE_CFG ] chxusecaseutils.cpp:1495 GetMatchingUsecase() Default usecase selected
04-23 16:16:08.576   1358   1358 I CHIUSECASE:  [CORE_CFG ] chxextensionmodule.cpp:5055 InitializeOverrideSession() Session_parameters FPS range 10:50, previewFPS 0, videoFPS 0 BatchSize: 1 HALOutputBufferCombined 0 FPS: 50 SkipPattern: 1, LogicalCameraId = 1 selected use case = 1  count 13 MFHDR_enabled 0
04-23 16:16:08.577   5949   6116 I ThermalEngine:  Thermal-Server: Thermal received msg from  camera_bw_1
04-23 16:16:08.577   1358  32697 I Thermal-Lib:  Thermal-Lib: Client request sent for camera_bw_1 with val:0x0
04-23 16:16:08.581   1358   1358 I CHIUSECASE:  [CORE_CFG ] chxsensorselectmode.cpp:623 FindBestSensorMode() Camera[1] Desired mode: optimal: [320x240] max: [320x240] min: [320x240] frameRate: 50.000000 sensorModeCaps: 00000001 forceMode:-1 SensorHDRExposureType:0, SensorRemosaicType:0
04-23 16:16:08.581   1358   1358 I CHIUSECASE:  [CORE_CFG ] chxsensorselectmode.cpp:766 FindBestSensorMode() Camera[1] Selected: modeIndex: 0 Usecase: 8, W=800, H=1364, FPS:50, NumBatchedFrames:1, caps:1
04-23 16:16:08.581   1358   1358 W CHIUSECASE:  [WARN   ] chxusecaseutils.cpp:3052 CloneUsecase() No pipeline descriptor need to be cloned! (numdesc: 0 pDescIndicies 0x7fd4684c50)
04-23 16:16:08.586   1358   1358 I CHIUSECASE:  [CORE_CFG ] chifeature2graphselector.cpp:11147 BuildCameraIdSet() BuildCameraIdSet for logical camera id 0 type 0 numPhyCameras 1
04-23 16:16:08.586   1358   1358 I CHIUSECASE:  [CORE_CFG ] chifeature2graphselector.cpp:11147 BuildCameraIdSet() BuildCameraIdSet for logical camera id 1 type 0 numPhyCameras 1
04-23 16:16:08.586   1358   1358 I CHIUSECASE:  [CORE_CFG ] chifeature2graphselector.cpp:11429 AssignStreamIntentPerFwkStream() Feature2Mapping: Stream Intent 0x1 for 0xb400007b84857f78 format: 0x22 width: 320 height: 240 usage: 0x800
04-23 16:16:08.586   1358   1358 I CHIUSECASE:  [CORE_CFG ] chifeature2graphselector.cpp:503 Initialize() Using non-generated graph and feature descriptors
04-23 16:16:08.586   1358   1358 I CHIUSECASE:  [CORE_CFG ] chifeature2featurepool.cpp:106 ProbeChiFeature2Features() [0/1] capability string:AnchorSync Version: 0:0
04-23 16:16:08.586   1358   1358 I CHIUSECASE:  [CORE_CFG ] chifeature2featurepool.cpp:106 ProbeChiFeature2Features() [0/1] capability string:Demux Version: 0:0
04-23 16:16:08.586   1358   1358 I CHIUSECASE:  [CORE_CFG ] chifeature2featurepool.cpp:106 ProbeChiFeature2Features() [0/1] capability string:Yuv2Yuv Version: 0:1
04-23 16:16:08.586   1358   1358 I CHIUSECASE:  [CORE_CFG ] chifeature2featurepool.cpp:106 ProbeChiFeature2Features() [0/1] capability string:FrameSelect Version: 0:0
04-23 16:16:08.586   1358   1358 I CHIUSECASE:  [CORE_CFG ] chifeature2featurepool.cpp:106 ProbeChiFeature2Features() [0/2] capability string:FUSION Version: 0:0
04-23 16:16:08.586   1358   1358 I CHIUSECASE:  [CORE_CFG ] chifeature2featurepool.cpp:106 ProbeChiFeature2Features() [1/2] capability string:BOKEH Version: 0:0
04-23 16:16:08.586   1358   1358 I CHIUSECASE:  [CORE_CFG ] chifeature2featurepool.cpp:106 ProbeChiFeature2Features() [0/9] capability string:Bayer2Yuv Version: 0:0
04-23 16:16:08.586   1358   1358 I CHIUSECASE:  [CORE_CFG ] chifeature2featurepool.cpp:106 ProbeChiFeature2Features() [1/9] capability string:FormatConvertor Version: 0:0
04-23 16:16:08.586   1358   1358 I CHIUSECASE:  [CORE_CFG ] chifeature2featurepool.cpp:106 ProbeChiFeature2Features() [2/9] capability string:YUVReprocess Version: 0:0
04-23 16:16:08.586   1358   1358 I CHIUSECASE:  [CORE_CFG ] chifeature2featurepool.cpp:106 ProbeChiFeature2Features() [3/9] capability string:Yuv2Yuv Version: 0:0
04-23 16:16:08.586   1358   1358 I CHIUSECASE:  [CORE_CFG ] chifeature2featurepool.cpp:106 ProbeChiFeature2Features() [4/9] capability string:SWRemosaic Version: 0:0
04-23 16:16:08.586   1358   1358 I CHIUSECASE:  [CORE_CFG ] chifeature2featurepool.cpp:106 ProbeChiFeature2Features() [5/9] capability string:Y2YRTDiffDimen Version: 0:0
04-23 16:16:08.586   1358   1358 I CHIUSECASE:  [CORE_CFG ] chifeature2featurepool.cpp:106 ProbeChiFeature2Features() [6/9] capability string:Y2YMultiPreview Version: 0:0
04-23 16:16:08.586   1358   1358 I CHIUSECASE:  [CORE_CFG ] chifeature2featurepool.cpp:106 ProbeChiFeature2Features() [7/9] capability string:PostFusionIPE Version: 0:0
04-23 16:16:08.586   1358   1358 I CHIUSECASE:  [CORE_CFG ] chifeature2featurepool.cpp:106 ProbeChiFeature2Features() [8/9] capability string:OfflinePreview Version: 0:0
04-23 16:16:08.586   1358   1358 I CHIUSECASE:  [CORE_CFG ] chifeature2featurepool.cpp:106 ProbeChiFeature2Features() [0/2] capability string:MultiCameraReprocessRealtime Version: 0:0
04-23 16:16:08.586   1358   1358 I CHIUSECASE:  [CORE_CFG ] chifeature2featurepool.cpp:106 ProbeChiFeature2Features() [1/2] capability string:OfflineReprocess Version: 0:0
04-23 16:16:08.586   1358   1358 I CHIUSECASE:  [CORE_CFG ] chifeature2featurepool.cpp:106 ProbeChiFeature2Features() [0/1] capability string:Memcpy Version: 0:0
04-23 16:16:08.586   1358   1358 I CHIUSECASE:  [CORE_CFG ] chifeature2featurepool.cpp:106 ProbeChiFeature2Features() [0/4] capability string:MFSR Version: 0:0
04-23 16:16:08.586   1358   1358 I CHIUSECASE:  [CORE_CFG ] chifeature2featurepool.cpp:106 ProbeChiFeature2Features() [1/4] capability string:MFNR Version: 0:0
04-23 16:16:08.586   1358   1358 I CHIUSECASE:  [CORE_CFG ] chifeature2featurepool.cpp:106 ProbeChiFeature2Features() [2/4] capability string:MFNRV2 Version: 0:0
04-23 16:16:08.586   1358   1358 I CHIUSECASE:  [CORE_CFG ] chifeature2featurepool.cpp:106 ProbeChiFeature2Features() [3/4] capability string:MMF Version: 0:0
04-23 16:16:08.586   1358   1358 I CHIUSECASE:  [CORE_CFG ] chifeature2featurepool.cpp:106 ProbeChiFeature2Features() [0/1] capability string:FeatureMux Version: 0:0
04-23 16:16:08.586   1358   1358 I CHIUSECASE:  [CORE_CFG ] chifeature2featurepool.cpp:106 ProbeChiFeature2Features() [0/1] capability string:RawHDR Version: 0:0
04-23 16:16:08.586   1358   1358 I CHIUSECASE:  [CORE_CFG ] chifeature2featurepool.cpp:106 ProbeChiFeature2Features() [0/1] capability string:RealTimeSerializer Version: 0:0
04-23 16:16:08.586   1358   1358 I CHIUSECASE:  [CORE_CFG ] chifeature2featurepool.cpp:106 ProbeChiFeature2Features() [0/3] capability string:RealTime Version: 0:0
04-23 16:16:08.586   1358   1358 I CHIUSECASE:  [CORE_CFG ] chifeature2featurepool.cpp:106 ProbeChiFeature2Features() [1/3] capability string:RealTimeNZSL Version: 0:0
04-23 16:16:08.586   1358   1358 I CHIUSECASE:  [CORE_CFG ] chifeature2featurepool.cpp:106 ProbeChiFeature2Features() [2/3] capability string:RealTimeWithSWRemosaic Version: 0:0
04-23 16:16:08.586   1358   1358 I CHIUSECASE:  [CORE_CFG ] chifeature2featurepool.cpp:106 ProbeChiFeature2Features() [0/2] capability string:RealTimeMCX Version: 0:0
04-23 16:16:08.586   1358   1358 I CHIUSECASE:  [CORE_CFG ] chifeature2featurepool.cpp:106 ProbeChiFeature2Features() [1/2] capability string:RealTimeXR Version: 0:0
04-23 16:16:08.587   1358   1358 I CHIUSECASE:  [CORE_CFG ] chifeature2featurepool.cpp:106 ProbeChiFeature2Features() [0/1] capability string:Serializer Version: 0:0
04-23 16:16:08.587   1358   1358 I CHIUSECASE:  [CORE_CFG ] chifeature2featurepool.cpp:106 ProbeChiFeature2Features() [0/1] capability string:StatsRegeneration Version: 0:0
04-23 16:16:08.588   1358   1358 I CHIUSECASE:  [CORE_CFG ] chifeature2graphselector.cpp:8218 GetAllFeatureGraphDescriptors() Feature2Mapping: Insert single graph:cameraID 1->RealtimeFG->0
04-23 16:16:08.588   1358   1358 I CHIUSECASE:  [CORE_CFG ] chifeature2graphselector.cpp:8218 GetAllFeatureGraphDescriptors() Feature2Mapping: Insert single graph:cameraID 1->RTMemcpyYUV->0
04-23 16:16:08.588   1358   1358 I CHIUSECASE:  [CORE_CFG ] chifeature2graphselector.cpp:8218 GetAllFeatureGraphDescriptors() Feature2Mapping: Insert single graph:cameraID 1->RTBayer2YUVIdealRaw->0
04-23 16:16:08.588   1358   1358 I CHIUSECASE:  [CORE_CFG ] chifeature2graphselector.cpp:8218 GetAllFeatureGraphDescriptors() Feature2Mapping: Insert single graph:cameraID 1->RTBayer2YUV->0
04-23 16:16:08.588   1358   1358 I CHIUSECASE:  [CORE_CFG ] chifeature2graphselector.cpp:8218 GetAllFeatureGraphDescriptors() Feature2Mapping: Insert single graph:cameraID 1->RTMFNRYUV->0
04-23 16:16:08.588   1358   1358 I CHIUSECASE:  [CORE_CFG ] chifeature2graphselector.cpp:8218 GetAllFeatureGraphDescriptors() Feature2Mapping: Insert single graph:cameraID 1->RTMFNRAIDE2YUV->0
04-23 16:16:08.588   1358   1358 I CHIUSECASE:  [CORE_CFG ] chifeature2graphselector.cpp:8218 GetAllFeatureGraphDescriptors() Feature2Mapping: Insert single graph:cameraID 1->RTRawHDRBayer2YUVOEM->0
04-23 16:16:08.588   1358   1358 I CHIUSECASE:  [CORE_CFG ] chifeature2graphselector.cpp:8707 MapStreamsForGraph() Mapping graph 'RealtimeFG_1_0'
04-23 16:16:08.588   1358   1358 I CHIUSECASE:  [CORE_CFG ] chifeature2graphselector.cpp:8655 SelectStreamForLink() Graph RealtimeFG_1_0: Port {REALTIME:0,0,0, 0, 0}: PreviewStreamDescriptor: {Num matched streams 1/1, selecting 0xb400007b84857f78}
04-23 16:16:08.588   1358   1358 I CHIUSECASE:  [CORE_CFG ] chifeature2graphselector.cpp:8678 SelectStreamForLink() Graph RealtimeFG_1_0 -> Stream 0xb400007b84857f78 (dims 320x240 intent 1 format 0x22) -> Feature:Camera:Instance:Flags:Port REALTIME:0:0:0:{0:0:0}
04-23 16:16:08.588   1358   1358 I CHIUSECASE:  [CORE_CFG ] chifeature2graphselector.cpp:8707 MapStreamsForGraph() Mapping graph 'RTRawHDRBayer2YUVOEM_1_0'
04-23 16:16:08.588   1358   1358 I CHIUSECASE:  [CORE_CFG ] chifeature2graphselector.cpp:8678 SelectStreamForLink() Graph RTRawHDRBayer2YUVOEM_1_0 -> Stream 0xb400007b84857f78 (dims 320x240 intent 1 format 0x22) -> Feature:Camera:Instance:Flags:Port REALTIME:0:0:0:{0:0:0}
04-23 16:16:08.588   1358   1358 I CHIUSECASE:  [CORE_CFG ] chifeature2graphselector.cpp:8707 MapStreamsForGraph() Mapping graph 'RTMemcpyYUV_1_0'
04-23 16:16:08.588   1358   1358 I CHIUSECASE:  [CORE_CFG ] chifeature2graphselector.cpp:8707 MapStreamsForGraph() Mapping graph 'RTMFNRYUV_1_0'
04-23 16:16:08.588   1358   1358 I CHIUSECASE:  [CORE_CFG ] chifeature2graphselector.cpp:8707 MapStreamsForGraph() Mapping graph 'RTMFNRAIDE2YUV_1_0'
04-23 16:16:08.588   1358   1358 I CHIUSECASE:  [CORE_CFG ] chifeature2graphselector.cpp:8678 SelectStreamForLink() Graph RTMFNRAIDE2YUV_1_0 -> Stream 0xb400007b84857f78 (dims 320x240 intent 1 format 0x22) -> Feature:Camera:Instance:Flags:Port REALTIME:0:0:0:{0:0:0}
04-23 16:16:08.588   1358   1358 I CHIUSECASE:  [CORE_CFG ] chifeature2graphselector.cpp:8707 MapStreamsForGraph() Mapping graph 'RTBayer2YUVIdealRaw_1_0'
04-23 16:16:08.588   1358   1358 I CHIUSECASE:  [CORE_CFG ] chifeature2graphselector.cpp:8678 SelectStreamForLink() Graph RTBayer2YUVIdealRaw_1_0 -> Stream 0xb400007b84857f78 (dims 320x240 intent 1 format 0x22) -> Feature:Camera:Instance:Flags:Port REALTIME:0:0:0:{0:0:0}
04-23 16:16:08.588   1358   1358 I CHIUSECASE:  [CORE_CFG ] chifeature2graphselector.cpp:8707 MapStreamsForGraph() Mapping graph 'RTBayer2YUV_1_0'
04-23 16:16:08.588   1358   1358 I CHIUSECASE:  [CORE_CFG ] chifeature2graphselector.cpp:8678 SelectStreamForLink() Graph RTBayer2YUV_1_0 -> Stream 0xb400007b84857f78 (dims 320x240 intent 1 format 0x22) -> Feature:Camera:Instance:Flags:Port REALTIME:0:0:0:{0:0:0}
04-23 16:16:08.588   1358   1358 I CHIUSECASE:  [CORE_CFG ] chifeature2graphselector.cpp:8474 GetFeatureGraphMapforConfig() Config-time stream mapping: Result = 'CDKResultSuccess', Num streams mapped = 1/1, Num graphs mapped = 5/7
04-23 16:16:08.588   1358   1358 I CHIUSECASE:  [CORE_CFG ] chifeature2graphmanager.cpp:294 Initialize() graph:VirtualSuperGraph,physicalCamID:1,isMultiCamera:0,flags:0
04-23 16:16:08.588   1358   1358 I CHIUSECASE:  [CORE_CFG ] chifeature2featurepool.cpp:439 CreateFeatureInstances() :VirtualSuperGraph, numFeatureInstances:8, logicalCameraId:1
04-23 16:16:08.588   1358   1358 I CHIUSECASE:  [CORE_CFG ] chifeature2featurepool.cpp:649 CreateFeatureInstances() RealTime(0xb400007d04877a40) {featureId, instanceId, cameraId, flags}: {0, 0, 0, 0}
04-23 16:16:08.588   1358   1358 I CHIUSECASE:  [CORE_CFG ] chifeature2featurepool.cpp:649 CreateFeatureInstances() RawHDR(0xb400007d048b05f0) {featureId, instanceId, cameraId, flags}: {10, 1, 0, 4194304}
04-23 16:16:08.589   1358   1358 I CHIUSECASE:  [CORE_CFG ] chifeature2featurepool.cpp:649 CreateFeatureInstances() AnchorSync(0xb400007d048aff80) {featureId, instanceId, cameraId, flags}: {15, 0, 0, 0}
04-23 16:16:08.589   1358   1358 I CHIUSECASE:  [CORE_CFG ] chxsensorselectmode.cpp:623 FindBestSensorMode() Camera[1] Desired mode: optimal: [320x240] max: [320x240] min: [320x240] frameRate: 50.000000 sensorModeCaps: 00000001 forceMode:-1 SensorHDRExposureType:0, SensorRemosaicType:0
04-23 16:16:08.589   1358   1358 I CHIUSECASE:  [CORE_CFG ] chxsensorselectmode.cpp:766 FindBestSensorMode() Camera[1] Selected: modeIndex: 0 Usecase: 8, W=800, H=1364, FPS:50, NumBatchedFrames:1, caps:1
04-23 16:16:08.589   1358   1358 I CHIUSECASE:  [CORE_CFG ] chifeature2featurepool.cpp:649 CreateFeatureInstances() Bayer2Yuv(0xb400007d04886200) {featureId, instanceId, cameraId, flags}: {1, 0, 0, 0}
04-23 16:16:08.589   1358   1358 I CHIUSECASE:  [CORE_CFG ] chxsensorselectmode.cpp:623 FindBestSensorMode() Camera[1] Desired mode: optimal: [320x240] max: [320x240] min: [320x240] frameRate: 50.000000 sensorModeCaps: 00000001 forceMode:-1 SensorHDRExposureType:0, SensorRemosaicType:0
04-23 16:16:08.589   1358   1358 I CHIUSECASE:  [CORE_CFG ] chxsensorselectmode.cpp:766 FindBestSensorMode() Camera[1] Selected: modeIndex: 0 Usecase: 8, W=800, H=1364, FPS:50, NumBatchedFrames:1, caps:1
04-23 16:16:08.589   1358   1358 I CHIUSECASE:  [CORE_CFG ] chifeature2featurepool.cpp:649 CreateFeatureInstances() Bayer2Yuv(0xb400007d048ad270) {featureId, instanceId, cameraId, flags}: {1, 15, 0, 4194304}
04-23 16:16:08.589   1358   1358 I CHIUSECASE:  [CORE_CFG ] chifeature2featurepool.cpp:649 CreateFeatureInstances() MFNRV2(0xb400007d048b3fe0) {featureId, instanceId, cameraId, flags}: {11, 0, 0, 0}
04-23 16:16:08.589   1358   1358 I CHIUSECASE:  [CORE_CFG ] chifeature2featurepool.cpp:649 CreateFeatureInstances() MFNRV2(0xb400007d048ae5c0) {featureId, instanceId, cameraId, flags}: {11, 4, 0, 16384}
04-23 16:16:08.589   1358   1358 I CHIUSECASE:  [CORE_CFG ] chifeature2derivedoffline.cpp:81 Create() Feature 33 (version 0.1) created
04-23 16:16:08.589   1358   1358 W CHIUSECASE:  [WARN   ] chifeature2derivedoffline.cpp:115 Create() Feature Yuv2Yuv:0 deactivated!!
04-23 16:16:08.589   1358   1358 I CHIUSECASE:  [CORE_CFG ] chifeature2featurepool.cpp:649 CreateFeatureInstances() Yuv2Yuv(0xb400007d048a1e30) {featureId, instanceId, cameraId, flags}: {33, 0, 0, 0}
04-23 16:16:08.589   1358   1358 I CHIUSECASE:  [CORE_CFG ] chifeature2featurepool.cpp:954 FinalizeFeatureInstances() Yuv2Yuv_0: Backward walk...
04-23 16:16:08.589   1358   1358 I CHIUSECASE:  [CORE_CFG ] chifeature2base.cpp:4244 ConfigureFeature() Configure feature for Yuv2Yuv_0 (status 0)
04-23 16:16:08.589   1358   1358 I CHIUSECASE:  [CORE_CFG ] chifeature2featurepool.cpp:954 FinalizeFeatureInstances() MFNRV2_4: Backward walk...
04-23 16:16:08.589   1358   1358 I CHIUSECASE:  [CORE_CFG ] chifeature2base.cpp:4244 ConfigureFeature() Configure feature for MFNRV2_4 (status 1)
04-23 16:16:08.589   1358   1358 W CHIUSECASE:  [WARN   ] chifeature2base.cpp:4257 ConfigureFeature() Feature MFNRV2_4 deactivated!!
04-23 16:16:08.589   1358   1358 I CHIUSECASE:  [CORE_CFG ] chifeature2featurepool.cpp:954 FinalizeFeatureInstances() MFNRV2_0: Backward walk...
04-23 16:16:08.589   1358   1358 I CHIUSECASE:  [CORE_CFG ] chifeature2base.cpp:4244 ConfigureFeature() Configure feature for MFNRV2_0 (status 1)
04-23 16:16:08.589   1358   1358 W CHIUSECASE:  [WARN   ] chifeature2base.cpp:4257 ConfigureFeature() Feature MFNRV2_0 deactivated!!
04-23 16:16:08.589   1358   1358 I CHIUSECASE:  [CORE_CFG ] chifeature2featurepool.cpp:954 FinalizeFeatureInstances() Bayer2Yuv_15: Backward walk...
04-23 16:16:08.589   1358   1358 I CHIUSECASE:  [CORE_CFG ] chifeature2base.cpp:4244 ConfigureFeature() Configure feature for Bayer2Yuv_15 (status 1)
04-23 16:16:08.589   1358   1358 W CHIUSECASE:  [WARN   ] chifeature2base.cpp:4257 ConfigureFeature() Feature Bayer2Yuv_15 deactivated!!
04-23 16:16:08.589   1358   1358 I CHIUSECASE:  [CORE_CFG ] chifeature2featurepool.cpp:954 FinalizeFeatureInstances() Bayer2Yuv_0: Backward walk...
04-23 16:16:08.589   1358   1358 I CHIUSECASE:  [CORE_CFG ] chifeature2base.cpp:4244 ConfigureFeature() Configure feature for Bayer2Yuv_0 (status 1)
04-23 16:16:08.589   1358   1358 W CHIUSECASE:  [WARN   ] chifeature2base.cpp:4257 ConfigureFeature() Feature Bayer2Yuv_0 deactivated!!
04-23 16:16:08.589   1358   1358 I CHIUSECASE:  [CORE_CFG ] chifeature2featurepool.cpp:954 FinalizeFeatureInstances() AnchorSync_0: Backward walk...
04-23 16:16:08.589   1358   1358 I CHIUSECASE:  [CORE_CFG ] chifeature2base.cpp:4244 ConfigureFeature() Configure feature for AnchorSync_0 (status 1)
04-23 16:16:08.589   1358   1358 W CHIUSECASE:  [WARN   ] chifeature2base.cpp:4257 ConfigureFeature() Feature AnchorSync_0 deactivated!!
04-23 16:16:08.589   1358   1358 I CHIUSECASE:  [CORE_CFG ] chifeature2featurepool.cpp:954 FinalizeFeatureInstances() RawHDR_1: Backward walk...
04-23 16:16:08.589   1358   1358 I CHIUSECASE:  [CORE_CFG ] chifeature2base.cpp:4244 ConfigureFeature() Configure feature for RawHDR_1 (status 1)
04-23 16:16:08.589   1358   1358 W CHIUSECASE:  [WARN   ] chifeature2base.cpp:4257 ConfigureFeature() Feature RawHDR_1 deactivated!!
04-23 16:16:08.589   1358   1358 I CHIUSECASE:  [CORE_CFG ] chifeature2featurepool.cpp:954 FinalizeFeatureInstances() RealTime_0: Backward walk...
04-23 16:16:08.589   1358   1358 I CHIUSECASE:  [CORE_CFG ] chifeature2featurepool.cpp:1004 FinalizeFeatureInstances() Config Stream {0xb400007b84857f78} influences [RealTime:0] Output Port {0, 0, 0} - (Fmt: 0x22 Intent: 1 Dimensions: [320 x 240] Usage: 0x800 Dataspace: 0 Rotation: 0)
04-23 16:16:08.589   1358   1358 I CHIUSECASE:  [CORE_CFG ] chifeature2base.cpp:4244 ConfigureFeature() Configure feature for RealTime_0 (status 1)
04-23 16:16:08.589   1358   1358 I CHIUSECASE:  [CORE_CFG ] chifeature2base.cpp:5910 PrepareFeatureData() Feature2Mapping: FeatureName = RealTime, numSessions = 1, numPipelines = 21 numPorts = 672
04-23 16:16:08.589   1358   1358 I CHIUSECASE:  [CORE_CFG ] chxsensorselectmode.cpp:623 FindBestSensorMode() Camera[1] Desired mode: optimal: [320x240] max: [320x240] min: [320x240] frameRate: 50.000000 sensorModeCaps: 00000001 forceMode:-1 SensorHDRExposureType:0, SensorRemosaicType:0
04-23 16:16:08.589   1358   1358 I CHIUSECASE:  [CORE_CFG ] chxsensorselectmode.cpp:766 FindBestSensorMode() Camera[1] Selected: modeIndex: 0 Usecase: 8, W=800, H=1364, FPS:50, NumBatchedFrames:1, caps:1
04-23 16:16:08.589   1358   1358 I CHIUSECASE:  [CORE_CFG ] chifeature2base.cpp:6021 PrepareFeatureData() feature: RealTime, session: 0, name: RealTime, pipeline: 0, name: RealTimeFeatureZSLPreviewRaw
04-23 16:16:08.589   1358   1358 W CHIUSECASE:  [WARN   ] chxusecaseutils.cpp:1576 GetVariantGroup() No VariantGroup HDR10P exists [Error Code: 6]
04-23 16:16:08.590   1358   1358 W CHIUSECASE:  [WARN   ] chxusecaseutils.cpp:1576 GetVariantGroup() No VariantGroup MLInference exists [Error Code: 6]
04-23 16:16:08.590   1358   1358 W CHIUSECASE:  [WARN   ] chxusecaseutils.cpp:1576 GetVariantGroup() No VariantGroup HDRType exists [Error Code: 6]
04-23 16:16:08.590   1358   1358 W CHIUSECASE:  [WARN   ] chxusecaseutils.cpp:1597 GetVariantType() No VariantType Disable exists [Error Code: 6]
04-23 16:16:08.590   1358   1358 I CHIUSECASE:  [CORE_CFG ] chifeature2base.cpp:10909 InitializeTargetStream() RealTime_0): Target:TARGET_BUFFER_RAW_OUT, PortKey:Raw_Out:0:0:1:3 stream:target:0xb400007b748542e0:0xb400007b748542e0 Stream: 0 X 0:0x0:0:0x0:0
04-23 16:16:08.590   1358   1358 I CHIUSECASE:  [CORE_CFG ] chifeature2base.cpp:10966 AssignStreams() RealTime_0: Assign Stream (0xb400007b748542e0): Target = TARGET_BUFFER_RAW_OUT resolution 0x0 format 0x0 usage 0 type 0
04-23 16:16:08.590   1358   1358 I CHIUSECASE:  [CORE_CFG ] chifeature2base.cpp:10909 InitializeTargetStream() RealTime_0): Target:TARGET_BUFFER_DISPLAY, PortKey:Display_Out:0:0:0:3 stream:target:0xb400007b7485a160:0xb400007b7485a160 Stream: 0 X 0:0x0:0:0x0:0
04-23 16:16:08.590   1358   1358 I CHIUSECASE:  [CORE_CFG ] chifeature2base.cpp:10966 AssignStreams() RealTime_0: Assign Stream (0xb400007b7485a160): Target = TARGET_BUFFER_DISPLAY resolution 0x0 format 0x0 usage 0 type 0
04-23 16:16:08.590   1358   1358 I CHIUSECASE:  [CORE_CFG ] chifeature2base.cpp:10909 InitializeTargetStream() RealTime_0): Target:TARGET_BUFFER_VIDEO, PortKey:Video_Out:0:0:3:3 stream:target:0xb400007b7485b480:0xb400007b7485b480 Stream: 0 X 0:0x0:0:0x0:0
04-23 16:16:08.590   1358   1358 I CHIUSECASE:  [CORE_CFG ] chifeature2base.cpp:10966 AssignStreams() RealTime_0: Assign Stream (0xb400007b7485b480): Target = TARGET_BUFFER_VIDEO resolution 0x0 format 0x0 usage 0 type 0
04-23 16:16:08.590   1358   1358 I CHIUSECASE:  [CORE_CFG ] chifeature2base.cpp:10909 InitializeTargetStream() RealTime_0): Target:TARGET_BUFFER_YUV_OUT, PortKey:Yuv_Out:0:0:6:3 stream:target:0xb400007b7485ca70:0xb400007b7485ca70 Stream: 0 X 0:0x0:0:0x0:0
04-23 16:16:08.590   1358   1358 I CHIUSECASE:  [CORE_CFG ] chifeature2base.cpp:10966 AssignStreams() RealTime_0: Assign Stream (0xb400007b7485ca70): Target = TARGET_BUFFER_YUV_OUT resolution 0x0 format 0x0 usage 0 type 0
04-23 16:16:08.590   1358   1358 I CHIUSECASE:  [CORE_CFG ] chifeature2base.cpp:10909 InitializeTargetStream() RealTime_0): Target:TARGET_BUFFER_POSTVIEW_OUT, PortKey:PostView_Out:0:0:7:3 stream:target:0xb400007b74856800:0xb400007b74856800 Stream: 0 X 0:0x0:0:0x0:0
04-23 16:16:08.590   1358   1358 I CHIUSECASE:  [CORE_CFG ] chifeature2base.cpp:10966 AssignStreams() RealTime_0: Assign Stream (0xb400007b74856800): Target = TARGET_BUFFER_POSTVIEW_OUT resolution 0x0 format 0x0 usage 0 type 0
04-23 16:16:08.590   1358   1358 I CHIUSECASE:  [CORE_CFG ] chifeature2base.cpp:10909 InitializeTargetStream() RealTime_0): Target:TARGET_BUFFER_REPROCESS_OUT, PortKey:Reprocess_Out:0:0:19:3 stream:target:0xb400007b7485aa60:0xb400007b7485aa60 Stream: 0 X 0:0x0:0:0x0:0
04-23 16:16:08.590   1358   1358 I CHIUSECASE:  [CORE_CFG ] chifeature2base.cpp:10966 AssignStreams() RealTime_0: Assign Stream (0xb400007b7485aa60): Target = TARGET_BUFFER_REPROCESS_OUT resolution 0x0 format 0x0 usage 0 type 0
04-23 16:16:08.590   1358   1358 I CHIUSECASE:  [CORE_CFG ] chifeature2base.cpp:10909 InitializeTargetStream() RealTime_0): Target:TARGET_BUFFER_IDEAL_RAW, PortKey:IDEALRaw_Out:0:0:14:3 stream:target:0xb400007b7485deb0:0xb400007b7485deb0 Stream: 0 X 0:0x0:0:0x0:0
04-23 16:16:08.590   1358   1358 I CHIUSECASE:  [CORE_CFG ] chifeature2base.cpp:10966 AssignStreams() RealTime_0: Assign Stream (0xb400007b7485deb0): Target = TARGET_BUFFER_IDEAL_RAW resolution 0x0 format 0x0 usage 0 type 0
04-23 16:16:08.590   1358   1358 I CHIUSECASE:  [CORE_CFG ] chifeature2base.cpp:10909 InitializeTargetStream() RealTime_0): Target:TARGET_BUFFER_FD, PortKey:Fd_Out:0:0:2:3 stream:target:0xb400007b74858540:0xb400007b74858540 Stream: 0 X 0:0x0:0:0x0:0
04-23 16:16:08.590   1358   1358 I CHIUSECASE:  [CORE_CFG ] chifeature2base.cpp:10966 AssignStreams() RealTime_0: Assign Stream (0xb400007b74858540): Target = TARGET_BUFFER_FD resolution 0x0 format 0x0 usage 0 type 0
04-23 16:16:08.590   1358   1358 I CHIUSECASE:  [CORE_CFG ] chxsensorselectmode.cpp:623 FindBestSensorMode() Camera[1] Desired mode: optimal: [320x240] max: [320x240] min: [320x240] frameRate: 50.000000 sensorModeCaps: 00000001 forceMode:-1 SensorHDRExposureType:0, SensorRemosaicType:0
04-23 16:16:08.590   1358   1358 I CHIUSECASE:  [CORE_CFG ] chxsensorselectmode.cpp:766 FindBestSensorMode() Camera[1] Selected: modeIndex: 0 Usecase: 8, W=800, H=1364, FPS:50, NumBatchedFrames:1, caps:1
04-23 16:16:08.590   1358   1358 I CHIUSECASE:  [CORE_CFG ] chifeature2realtime.cpp:6514 OnConfigureOutputPorts() RealTime:Raw_Out: Output: Dimensions:(800X1364 : 800X1364 : 800X1364) Format:0x25 Intent:0x200 Usage:0x20002 Maxbuffers:8 Dataspace:0 Rotation:0
04-23 16:16:08.590   1358   1358 I CHIUSECASE:  [CORE_CFG ] chifeature2realtime.cpp:6514 OnConfigureOutputPorts() RealTime:Fd_Out: Output: Dimensions:(640X480 : 640X480 : 640X480) Format:0x23 Intent:0x40 Usage:0x0 Maxbuffers:8 Dataspace:0 Rotation:0
04-23 16:16:08.590   1358   1358 I CHIUSECASE:  [CORE_CFG ] chifeature2realtime.cpp:6514 OnConfigureOutputPorts() RealTime:Video_Out: Output: Dimensions:(320X240 : 320X240 : 320X240) Format:0x23 Intent:0x4 Usage:0x10000 Maxbuffers:8 Dataspace:0 Rotation:0
04-23 16:16:08.590   1358   1358 I CHIUSECASE:  [CORE_CFG ] chifeature2realtime.cpp:6514 OnConfigureOutputPorts() RealTime:Raw_Callback: Output: Dimensions:(800X1364 : 800X1364 : 800X1364) Format:0x25 Intent:0x200 Usage:0x20002 Maxbuffers:8 Dataspace:0 Rotation:0
04-23 16:16:08.590   1358   1358 I CHIUSECASE:  [CORE_CFG ] chifeature2realtime.cpp:6514 OnConfigureOutputPorts() RealTime:Yuv_Out: Output: Dimensions:(640X480 : 640X480 : 640X480) Format:0x23 Intent:0x40 Usage:0x0 Maxbuffers:8 Dataspace:0 Rotation:0
04-23 16:16:08.590   1358   1358 I CHIUSECASE:  [CORE_CFG ] chifeature2realtime.cpp:6514 OnConfigureOutputPorts() RealTime:PostView_Out: Output: Dimensions:(320X240 : 320X240 : 320X240) Format:0x23 Intent:0x20 Usage:0x0 Maxbuffers:8 Dataspace:0 Rotation:0
04-23 16:16:08.590   1358   1358 I CHIUSECASE:  [CORE_CFG ] chifeature2realtime.cpp:6514 OnConfigureOutputPorts() RealTime:IDEALRaw_Out: Output: Dimensions:(800X1364 : 800X1364 : 800X1364) Format:0x20 Intent:0x2 Usage:0x20002 Maxbuffers:8 Dataspace:0 Rotation:0
04-23 16:16:08.590   1358   1358 I CHIUSECASE:  [CORE_CFG ] chifeature2realtime.cpp:6514 OnConfigureOutputPorts() RealTime:Reprocess_Out: Output: Dimensions:(320X240 : 320X240 : 320X240) Format:0x23 Intent:0x10 Usage:0x0 Maxbuffers:8 Dataspace:0 Rotation:0
04-23 16:16:08.590   1358   1358 I CHIUSECASE:  [CORE_CFG ] chifeature2base.cpp:17432 SetChiStreamInfo() RealTime_0:0:0xb400007b7485a160_0 Updating stream parameters - Dimensions 320x240 Format 0x22 Usage 0x800 Maxbuffers 0 Dataspace 0 Rotation 0 Intent:0x1 bpp:0
04-23 16:16:08.590   1358   1358 I CHIUSECASE:  [CORE_CFG ] chifeature2base.cpp:17432 SetChiStreamInfo() RealTime_0:1:0xb400007b748542e0_0 Updating stream parameters - Dimensions 800x1364 Format 0x25 Usage 0x20002 Maxbuffers 8 Dataspace 0 Rotation 0 Intent:0x200 bpp:0
04-23 16:16:08.590   1358   1358 I CHIUSECASE:  [CORE_CFG ] chifeature2base.cpp:17432 SetChiStreamInfo() RealTime_0:2:0xb400007b74858540_0 Updating stream parameters - Dimensions 640x480 Format 0x23 Usage 0x0 Maxbuffers 8 Dataspace 0 Rotation 0 Intent:0x40 bpp:0
04-23 16:16:08.590   1358   1358 I CHIUSECASE:  [CORE_CFG ] chifeature2base.cpp:17432 SetChiStreamInfo() RealTime_0:3:0xb400007b7485b480_0 Updating stream parameters - Dimensions 320x240 Format 0x23 Usage 0x10000 Maxbuffers 8 Dataspace 0 Rotation 0 Intent:0x4 bpp:0
04-23 16:16:08.590   1358   1358 I CHIUSECASE:  [CORE_CFG ] chifeature2base.cpp:17432 SetChiStreamInfo() RealTime_0:4:0xb400007b748542e0_0 Updating stream parameters - Dimensions 800x1364 Format 0x25 Usage 0x20002 Maxbuffers 8 Dataspace 0 Rotation 0 Intent:0x200 bpp:0
04-23 16:16:08.590   1358   1358 I CHIUSECASE:  [CORE_CFG ] chifeature2base.cpp:17432 SetChiStreamInfo() RealTime_0:6:0xb400007b7485ca70_0 Updating stream parameters - Dimensions 640x480 Format 0x23 Usage 0x0 Maxbuffers 8 Dataspace 0 Rotation 0 Intent:0x40 bpp:0
04-23 16:16:08.590   1358   1358 I CHIUSECASE:  [CORE_CFG ] chifeature2base.cpp:17432 SetChiStreamInfo() RealTime_0:7:0xb400007b74856800_0 Updating stream parameters - Dimensions 320x240 Format 0x23 Usage 0x0 Maxbuffers 8 Dataspace 0 Rotation 0 Intent:0x20 bpp:0
04-23 16:16:08.590   1358   1358 I CHIUSECASE:  [CORE_CFG ] chifeature2base.cpp:17432 SetChiStreamInfo() RealTime_0:14:0xb400007b7485deb0_0 Updating stream parameters - Dimensions 800x1364 Format 0x20 Usage 0x20002 Maxbuffers 8 Dataspace 0 Rotation 0 Intent:0x2 bpp:0
04-23 16:16:08.590   1358   1358 I CHIUSECASE:  [CORE_CFG ] chifeature2base.cpp:17432 SetChiStreamInfo() RealTime_0:19:0xb400007b7485aa60_0 Updating stream parameters - Dimensions 320x240 Format 0x23 Usage 0x0 Maxbuffers 8 Dataspace 0 Rotation 0 Intent:0x10 bpp:0
04-23 16:16:08.590   1358   1358 I CHIUSECASE:  [CORE_CFG ] chxpipeline.cpp:352 CreateDescriptor() Pipeline[RealTimeFeatureZSLPreviewRaw] pipeline pointer 0xb400007c6484f020 numInputs=0, numOutputs=8 stream w x h: 800 x 1364 format: 37, numBatchedFrames: 1, HALOutputBufferCombined: 0 maxFPSValue: 50 cameraId: 1 logicalCameraId:1
04-23 16:16:08.590   1358   1358 W CHIUSECASE:  [WARN   ] chxextensionmodule.cpp:7930 GetFacialContourVersion() Could not get contour_version vendor tag in metadata. result: 1
04-23 16:16:08.591   1358   1358 I CamX:  [CORE_CFG][CORE   ] camxpipeline.cpp:2196 CreateNodes() Topology: Creating Pipeline RealTimeFeatureZSLPreviewRaw_0_cam_1, numNodes 12 isSensorInput 1 isRealTime 1
04-23 16:16:08.591   1358   1358 E CamX:  [ERROR][SENSOR ] camxsensornode.cpp:9666 GetSensorModuleIndexes() Sensor[1] Cached flash device index: 0 is not valid for given sensor
04-23 16:16:08.591   1358   1358 I CamX:  [CORE_CFG][CORE   ] camxpipeline.cpp:2283 CreateNodes() Topology::RealTimeFeatureZSLPreviewRaw_0_cam_1 Node::RealTimeFeatureZSLPreviewRaw_Sensor0_cam1 Type 0 numInputPorts 0 numOutputPorts 2 Sensor: Real
04-23 16:16:08.592   1358   1358 W CamX:  [ WARN][STATS  ] camxstatscommon.cpp:949 Get3ASyncType() Failed to retrieve 3A Sync tag for Node:RealTimeFeatureZSLPreviewRaw_Stats0_cam1
04-23 16:16:08.592   1358   1358 I CamX:  [CORE_CFG][CORE   ] camxpipeline.cpp:2283 CreateNodes() Topology::RealTimeFeatureZSLPreviewRaw_0_cam_1 Node::RealTimeFeatureZSLPreviewRaw_Stats0_cam1 Type 1 numInputPorts 4 numOutputPorts 1 Sensor: Real
04-23 16:16:08.592   1358   1358 W CamX:  [ WARN][STATS  ] camxstatscommon.cpp:949 Get3ASyncType() Failed to retrieve 3A Sync tag for Node:RealTimeFeatureZSLPreviewRaw_AWB0_cam1
04-23 16:16:08.592   1358   1358 I CamX:  [CORE_CFG][CORE   ] camxpipeline.cpp:2283 CreateNodes() Topology::RealTimeFeatureZSLPreviewRaw_0_cam_1 Node::RealTimeFeatureZSLPreviewRaw_AWB0_cam1 Type 12 numInputPorts 1 numOutputPorts 1 Sensor: Real
04-23 16:16:08.593   1358   1358 W GME:  [WARN   ] camxchinodegme.cpp:8266 GetDimensionAndFPS() RealTimeFeatureZSLPreviewRaw_com.qti.node.gme0_cam1 Get video dimension failed
04-23 16:16:08.593   1358   1358 I CamX:  [CORE_CFG][CORE   ] camxpipeline.cpp:2283 CreateNodes() Topology::RealTimeFeatureZSLPreviewRaw_0_cam_1 Node::RealTimeFeatureZSLPreviewRaw_com.qti.node.gme0_cam1 Type 255 numInputPorts 1 numOutputPorts 1 Sensor: Real
04-23 16:16:08.594   1358   1358 I CamX:  [CORE_CFG][CORE   ] camxpipeline.cpp:2283 CreateNodes() Topology::RealTimeFeatureZSLPreviewRaw_0_cam_1 Node::RealTimeFeatureZSLPreviewRaw_com.qti.node.swhme4_cam1 Type 255 numInputPorts 3 numOutputPorts 1 Sensor: Real
04-23 16:16:08.594   1358   1358 W CamX:  [ WARN][STATS  ] camxstatscommon.cpp:949 Get3ASyncType() Failed to retrieve 3A Sync tag for Node:RealTimeFeatureZSLPreviewRaw_AutoFocus0_cam1
04-23 16:16:08.594   1358   1358 I CamX:  [CORE_CFG][CORE   ] camxpipeline.cpp:2283 CreateNodes() Topology::RealTimeFeatureZSLPreviewRaw_0_cam_1 Node::RealTimeFeatureZSLPreviewRaw_AutoFocus0_cam1 Type 5 numInputPorts 5 numOutputPorts 1 Sensor: Real
04-23 16:16:08.594   1358   1358 I CamX:  [CORE_CFG][CORE   ] camxnode.cpp:796 InitializeSinkPortBufferProperties() Topology: Node::RealTimeFeatureZSLPreviewRaw_IPE0_cam1 has a sink port id 8 using format 13 dim 320x240, stream 0xb400007b7485a160
04-23 16:16:08.594   1358   1358 I CamX:  [CORE_CFG][CORE   ] camxnode.cpp:796 InitializeSinkPortBufferProperties() Topology: Node::RealTimeFeatureZSLPreviewRaw_IPE0_cam1 has a sink port id 9 using format 3 dim 320x240, stream 0xb400007b7485b480
04-23 16:16:08.595   1358   1358 I CamX:  [CORE_CFG][CORE   ] camxpipeline.cpp:2283 CreateNodes() Topology::RealTimeFeatureZSLPreviewRaw_0_cam_1 Node::RealTimeFeatureZSLPreviewRaw_IPE0_cam1 Type 65538 numInputPorts 3 numOutputPorts 3 Sensor: Real
04-23 16:16:08.595   1358   1358 I CamX:  [CORE_CFG][CORE   ] camxnode.cpp:796 InitializeSinkPortBufferProperties() Topology: Node::RealTimeFeatureZSLPreviewRaw_IPE1_cam1 has a sink port id 8 using format 3 dim 640x480, stream 0xb400007b7485ca70
04-23 16:16:08.595   1358   1358 I CamX:  [CORE_CFG][CORE   ] camxnode.cpp:796 InitializeSinkPortBufferProperties() Topology: Node::RealTimeFeatureZSLPreviewRaw_IPE1_cam1 has a sink port id 9 using format 3 dim 320x240, stream 0xb400007b74856800
04-23 16:16:08.595   1358   1358 I CamX:  [CORE_CFG][CORE   ] camxpipeline.cpp:2283 CreateNodes() Topology::RealTimeFeatureZSLPreviewRaw_0_cam_1 Node::RealTimeFeatureZSLPreviewRaw_IPE1_cam1 Type 65538 numInputPorts 3 numOutputPorts 2 Sensor: Real
04-23 16:16:08.595   1358   1358 I CamX:  [CORE_CFG][CORE   ] camxnode.cpp:796 InitializeSinkPortBufferProperties() Topology: Node::RealTimeFeatureZSLPreviewRaw_IPE2_cam1 has a sink port id 8 using format 3 dim 320x240, stream 0xb400007b7485aa60
04-23 16:16:08.595   1358   1358 I CamX:  [CORE_CFG][CORE   ] camxpipeline.cpp:2283 CreateNodes() Topology::RealTimeFeatureZSLPreviewRaw_0_cam_1 Node::RealTimeFeatureZSLPreviewRaw_IPE2_cam1 Type 65538 numInputPorts 1 numOutputPorts 1 Sensor: Real
04-23 16:16:08.596   1358   1358 I CamX:  [CORE_CFG][CORE   ] camxnode.cpp:796 InitializeSinkPortBufferProperties() Topology: Node::RealTimeFeatureZSLPreviewRaw_TFE0_cam1 has a sink port id 4 using format 9 dim 800x1364, stream 0xb400007b748542e0
04-23 16:16:08.596   1358   1358 I CamX:  [CORE_CFG][CORE   ] camxnode.cpp:796 InitializeSinkPortBufferProperties() Topology: Node::RealTimeFeatureZSLPreviewRaw_TFE0_cam1 has a sink port id 2 using format 10 dim 800x1364, stream 0xb400007b7485deb0
04-23 16:16:08.596   1358   1358 I CamX:  [CORE_CFG][CORE   ] camxnode.cpp:796 InitializeSinkPortBufferProperties() Topology: Node::RealTimeFeatureZSLPreviewRaw_TFE0_cam1 has a sink port id 15 using format 3 dim 640x480, stream 0xb400007b74858540
04-23 16:16:08.597   1358   1358 I CamX:  [CORE_CFG][CORE   ] camxpipeline.cpp:2283 CreateNodes() Topology::RealTimeFeatureZSLPreviewRaw_0_cam_1 Node::RealTimeFeatureZSLPreviewRaw_TFE0_cam1 Type 65544 numInputPorts 2 numOutputPorts 14 Sensor: Real
04-23 16:16:08.597   1358   1358 I CamX:  [CORE_CFG][FD     ] camxfdmanagernode.cpp:291 ProcessingNodeInitialize() Node[RealTimeFeatureZSLPreviewRaw_FDManager0_cam1] FDType: SWFD
04-23 16:16:08.597   1358   1358 I CamX:  [CORE_CFG][CORE   ] camxpipeline.cpp:2283 CreateNodes() Topology::RealTimeFeatureZSLPreviewRaw_0_cam_1 Node::RealTimeFeatureZSLPreviewRaw_FDManager0_cam1 Type 8 numInputPorts 1 numOutputPorts 1 Sensor: Real
04-23 16:16:08.597   1358   1358 I CamX:  [CORE_CFG][CORE   ] camxpipeline.cpp:2283 CreateNodes() Topology::RealTimeFeatureZSLPreviewRaw_0_cam_1 Node::RealTimeFeatureZSLPreviewRaw_StatsParse0_cam1 Type 9 numInputPorts 5 numOutputPorts 1 Sensor: Real
04-23 16:16:08.597   1358   1358 I CamX:  [CORE_CFG][CORE   ] camxpipeline.cpp:2394 CreateNodes() Topology: Pipeline[RealTimeFeatureZSLPreviewRaw_0_cam_1] Link: Node::RealTimeFeatureZSLPreviewRaw_TFE0_cam1(outPort 7) --> (inPort 0) (1 / 4) Node::RealTimeFeatureZSLPreviewRaw_Stats0_cam1 using format 6
04-23 16:16:08.597   1358   1358 I CamX:  [CORE_CFG][CORE   ] camxpipeline.cpp:2394 CreateNodes() Topology: Pipeline[RealTimeFeatureZSLPreviewRaw_0_cam_1] Link: Node::RealTimeFeatureZSLPreviewRaw_TFE0_cam1(outPort 9) --> (inPort 9) (2 / 4) Node::RealTimeFeatureZSLPreviewRaw_Stats0_cam1 using format 6
04-23 16:16:08.597   1358   1358 I CamX:  [CORE_CFG][CORE   ] camxpipeline.cpp:2394 CreateNodes() Topology: Pipeline[RealTimeFeatureZSLPreviewRaw_0_cam_1] Link: Node::RealTimeFeatureZSLPreviewRaw_TFE0_cam1(outPort 8) --> (inPort 2) (3 / 4) Node::RealTimeFeatureZSLPreviewRaw_Stats0_cam1 using format 6
04-23 16:16:08.597   1358   1358 I CamX:  [CORE_CFG][CORE   ] camxpipeline.cpp:2394 CreateNodes() Topology: Pipeline[RealTimeFeatureZSLPreviewRaw_0_cam_1] Link: Node::RealTimeFeatureZSLPreviewRaw_TFE0_cam1(outPort 12) --> (inPort 85) (4 / 4) Node::RealTimeFeatureZSLPreviewRaw_Stats0_cam1 using format 6
04-23 16:16:08.597   1358   1358 I CamX:  [CORE_CFG][CORE   ] camxpipeline.cpp:2394 CreateNodes() Topology: Pipeline[RealTimeFeatureZSLPreviewRaw_0_cam_1] Link: Node::RealTimeFeatureZSLPreviewRaw_TFE0_cam1(outPort 11) --> (inPort 1) (1 / 1) Node::RealTimeFeatureZSLPreviewRaw_AWB0_cam1 using format 6
04-23 16:16:08.597   1358   1358 I CamX:  [CORE_CFG][CORE   ] camxpipeline.cpp:2394 CreateNodes() Topology: Pipeline[RealTimeFeatureZSLPreviewRaw_0_cam_1] Link: Node::RealTimeFeatureZSLPreviewRaw_TFE0_cam1(outPort 1) --> (inPort 0) (1 / 1) Node::RealTimeFeatureZSLPreviewRaw_com.qti.node.gme0_cam1 using format 26
04-23 16:16:08.597   1358   1358 I CamX:  [CORE_CFG][CORE   ] camxpipeline.cpp:2394 CreateNodes() Topology: Pipeline[RealTimeFeatureZSLPreviewRaw_0_cam_1] Link: Node::RealTimeFeatureZSLPreviewRaw_TFE0_cam1(outPort 1) --> (inPort 0) (1 / 3) Node::RealTimeFeatureZSLPreviewRaw_com.qti.node.swhme4_cam1 using format 26
04-23 16:16:08.597   1358   1358 I CamX:  [CORE_CFG][CORE   ] camxpipeline.cpp:2394 CreateNodes() Topology: Pipeline[RealTimeFeatureZSLPreviewRaw_0_cam_1] Link: Node::RealTimeFeatureZSLPreviewRaw_TFE0_cam1(outPort 13) --> (inPort 1) (2 / 3) Node::RealTimeFeatureZSLPreviewRaw_com.qti.node.swhme4_cam1 using format 18
04-23 16:16:08.597   1358   1358 I CamX:  [CORE_CFG][CORE   ] camxpipeline.cpp:2394 CreateNodes() Topology: Pipeline[RealTimeFeatureZSLPreviewRaw_0_cam_1] Link: Node::RealTimeFeatureZSLPreviewRaw_TFE0_cam1(outPort 14) --> (inPort 2) (3 / 3) Node::RealTimeFeatureZSLPreviewRaw_com.qti.node.swhme4_cam1 using format 18
04-23 16:16:08.597   1358   1358 I CamX:  [CORE_CFG][CORE   ] camxpipeline.cpp:2394 CreateNodes() Topology: Pipeline[RealTimeFeatureZSLPreviewRaw_0_cam_1] Link: Node::RealTimeFeatureZSLPreviewRaw_TFE0_cam1(outPort 4) --> (inPort 11) (1 / 5) Node::RealTimeFeatureZSLPreviewRaw_AutoFocus0_cam1 using format 9
04-23 16:16:08.597   1358   1358 I CamX:  [CORE_CFG][CORE   ] camxpipeline.cpp:2394 CreateNodes() Topology: Pipeline[RealTimeFeatureZSLPreviewRaw_0_cam_1] Link: Node::RealTimeFeatureZSLPreviewRaw_TFE0_cam1(outPort 7) --> (inPort 0) (2 / 5) Node::RealTimeFeatureZSLPreviewRaw_AutoFocus0_cam1 using format 6
04-23 16:16:08.597   1358   1358 I CamX:  [CORE_CFG][CORE   ] camxpipeline.cpp:2394 CreateNodes() Topology: Pipeline[RealTimeFeatureZSLPreviewRaw_0_cam_1] Link: Node::RealTimeFeatureZSLPreviewRaw_TFE0_cam1(outPort 10) --> (inPort 4) (3 / 5) Node::RealTimeFeatureZSLPreviewRaw_AutoFocus0_cam1 using format 6
04-23 16:16:08.597   1358   1358 I CamX:  [CORE_CFG][CORE   ] camxpipeline.cpp:2394 CreateNodes() Topology: Pipeline[RealTimeFeatureZSLPreviewRaw_0_cam_1] Link: Node::RealTimeFeatureZSLPreviewRaw_TFE0_cam1(outPort 5) --> (inPort 8) (4 / 5) Node::RealTimeFeatureZSLPreviewRaw_AutoFocus0_cam1 using format 10
04-23 16:16:08.597   1358   1358 I CamX:  [CORE_CFG][CORE   ] camxpipeline.cpp:2394 CreateNodes() Topology: Pipeline[RealTimeFeatureZSLPreviewRaw_0_cam_1] Link: Node::RealTimeFeatureZSLPreviewRaw_TFE0_cam1(outPort 3) --> (inPort 10) (5 / 5) Node::RealTimeFeatureZSLPreviewRaw_AutoFocus0_cam1 using format 10
04-23 16:16:08.597   1358   1358 I CamX:  [CORE_CFG][CORE   ] camxpipeline.cpp:2394 CreateNodes() Topology: Pipeline[RealTimeFeatureZSLPreviewRaw_0_cam_1] Link: Node::RealTimeFeatureZSLPreviewRaw_TFE0_cam1(outPort 13) --> (inPort 1) (1 / 3) Node::RealTimeFeatureZSLPreviewRaw_IPE0_cam1 using format 18
04-23 16:16:08.597   1358   1358 I CamX:  [CORE_CFG][CORE   ] camxpipeline.cpp:2394 CreateNodes() Topology: Pipeline[RealTimeFeatureZSLPreviewRaw_0_cam_1] Link: Node::RealTimeFeatureZSLPreviewRaw_TFE0_cam1(outPort 14) --> (inPort 2) (2 / 3) Node::RealTimeFeatureZSLPreviewRaw_IPE0_cam1 using format 18
04-23 16:16:08.597   1358   1358 I CamX:  [CORE_CFG][CORE   ] camxpipeline.cpp:2394 CreateNodes() Topology: Pipeline[RealTimeFeatureZSLPreviewRaw_0_cam_1] Link: Node::RealTimeFeatureZSLPreviewRaw_com.qti.node.gme0_cam1(outPort 0) --> (inPort 0) (3 / 3) Node::RealTimeFeatureZSLPreviewRaw_IPE0_cam1 using format 26
04-23 16:16:08.597   1358   1358 I CamX:  [CORE_CFG][CORE   ] camxpipeline.cpp:2394 CreateNodes() Topology: Pipeline[RealTimeFeatureZSLPreviewRaw_0_cam_1] Link: Node::RealTimeFeatureZSLPreviewRaw_TFE0_cam1(outPort 1) --> (inPort 0) (1 / 3) Node::RealTimeFeatureZSLPreviewRaw_IPE1_cam1 using format 26
04-23 16:16:08.597   1358   1358 I CamX:  [CORE_CFG][CORE   ] camxpipeline.cpp:2394 CreateNodes() Topology: Pipeline[RealTimeFeatureZSLPreviewRaw_0_cam_1] Link: Node::RealTimeFeatureZSLPreviewRaw_TFE0_cam1(outPort 13) --> (inPort 1) (2 / 3) Node::RealTimeFeatureZSLPreviewRaw_IPE1_cam1 using format 18
04-23 16:16:08.597   1358   1358 I CamX:  [CORE_CFG][CORE   ] camxpipeline.cpp:2394 CreateNodes() Topology: Pipeline[RealTimeFeatureZSLPreviewRaw_0_cam_1] Link: Node::RealTimeFeatureZSLPreviewRaw_TFE0_cam1(outPort 14) --> (inPort 2) (3 / 3) Node::RealTimeFeatureZSLPreviewRaw_IPE1_cam1 using format 18
04-23 16:16:08.597   1358   1358 I CamX:  [CORE_CFG][CORE   ] camxpipeline.cpp:2394 CreateNodes() Topology: Pipeline[RealTimeFeatureZSLPreviewRaw_0_cam_1] Link: Node::RealTimeFeatureZSLPreviewRaw_TFE0_cam1(outPort 1) --> (inPort 0) (1 / 1) Node::RealTimeFeatureZSLPreviewRaw_IPE2_cam1 using format 26
04-23 16:16:08.597   1358   1358 I CamX:  [CORE_CFG][CORE   ] camxpipeline.cpp:2394 CreateNodes() Topology: Pipeline[RealTimeFeatureZSLPreviewRaw_0_cam_1] Link: Node::RealTimeFeatureZSLPreviewRaw_Sensor0_cam1(outPort 1) --> (inPort 3) (1 / 2) Node::RealTimeFeatureZSLPreviewRaw_TFE0_cam1 using format 0
04-23 16:16:08.597   1358   1358 I CamX:  [CORE_CFG][CORE   ] camxpipeline.cpp:2394 CreateNodes() Topology: Pipeline[RealTimeFeatureZSLPreviewRaw_0_cam_1] Link: Node::RealTimeFeatureZSLPreviewRaw_Sensor0_cam1(outPort 0) --> (inPort 2) (2 / 2) Node::RealTimeFeatureZSLPreviewRaw_TFE0_cam1 using format 0
04-23 16:16:08.597   1358   1358 I CamX:  [CORE_CFG][CORE   ] camxpipeline.cpp:2394 CreateNodes() Topology: Pipeline[RealTimeFeatureZSLPreviewRaw_0_cam_1] Link: Node::RealTimeFeatureZSLPreviewRaw_IPE0_cam1(outPort 51) --> (inPort 3) (1 / 1) Node::RealTimeFeatureZSLPreviewRaw_FDManager0_cam1 using format 3
04-23 16:16:08.597   1358   1358 I CamX:  [CORE_CFG][CORE   ] camxpipeline.cpp:2394 CreateNodes() Topology: Pipeline[RealTimeFeatureZSLPreviewRaw_0_cam_1] Link: Node::RealTimeFeatureZSLPreviewRaw_TFE0_cam1(outPort 7) --> (inPort 0) (1 / 5) Node::RealTimeFeatureZSLPreviewRaw_StatsParse0_cam1 using format 6
04-23 16:16:08.597   1358   1358 I CamX:  [CORE_CFG][CORE   ] camxpipeline.cpp:2394 CreateNodes() Topology: Pipeline[RealTimeFeatureZSLPreviewRaw_0_cam_1] Link: Node::RealTimeFeatureZSLPreviewRaw_TFE0_cam1(outPort 9) --> (inPort 9) (2 / 5) Node::RealTimeFeatureZSLPreviewRaw_StatsParse0_cam1 using format 6
04-23 16:16:08.597   1358   1358 I CamX:  [CORE_CFG][CORE   ] camxpipeline.cpp:2394 CreateNodes() Topology: Pipeline[RealTimeFeatureZSLPreviewRaw_0_cam_1] Link: Node::RealTimeFeatureZSLPreviewRaw_TFE0_cam1(outPort 11) --> (inPort 1) (3 / 5) Node::RealTimeFeatureZSLPreviewRaw_StatsParse0_cam1 using format 6
04-23 16:16:08.597   1358   1358 I CamX:  [CORE_CFG][CORE   ] camxpipeline.cpp:2394 CreateNodes() Topology: Pipeline[RealTimeFeatureZSLPreviewRaw_0_cam_1] Link: Node::RealTimeFeatureZSLPreviewRaw_TFE0_cam1(outPort 8) --> (inPort 2) (4 / 5) Node::RealTimeFeatureZSLPreviewRaw_StatsParse0_cam1 using format 6
04-23 16:16:08.597   1358   1358 I CamX:  [CORE_CFG][CORE   ] camxpipeline.cpp:2394 CreateNodes() Topology: Pipeline[RealTimeFeatureZSLPreviewRaw_0_cam_1] Link: Node::RealTimeFeatureZSLPreviewRaw_TFE0_cam1(outPort 12) --> (inPort 68) (5 / 5) Node::RealTimeFeatureZSLPreviewRaw_StatsParse0_cam1 using format 6
04-23 16:16:08.597   1358   1358 I CamX:  [CORE_CFG][FD     ] camxfdmanagernode.cpp:1107 FillInputBufferRequirments() Dimensions :Base[640x480], Preview [320x240], Request [640x480]
04-23 16:16:08.597   1358   1358 W CamX:  [ WARN][CORE   ] camxnode.cpp:8310 ProcessInputBufferRequirement() Node::RealTimeFeatureZSLPreviewRaw_TFE0_cam1 Input portId (3) does not match Buffer Negotiation portId (0)
04-23 16:16:08.597   1358   1358 W CamX:  [ WARN][CORE   ] camxnode.cpp:8256 ProcessInputBufferRequirement() Node::RealTimeFeatureZSLPreviewRaw_Sensor0_cam1 didn't update "m_bufferNegotiationData.numInputPorts", setting it to 0
04-23 16:16:08.597   1358   1358 I CHIUSECASE:  [CORE_CFG ] chxsensorselectmode.cpp:623 FindBestSensorMode() Camera[1] Desired mode: optimal: [800x1364] max: [3200x2400] min: [800x1364] frameRate: 50.000000 sensorModeCaps: 00000000 forceMode:-1 SensorHDRExposureType:0, SensorRemosaicType:0
04-23 16:16:08.597   1358   1358 I CHIUSECASE:  [CORE_CFG ] chxsensorselectmode.cpp:766 FindBestSensorMode() Camera[1] Selected: modeIndex: 0 Usecase: 8, W=800, H=1364, FPS:50, NumBatchedFrames:1, caps:1
04-23 16:16:08.597   1358   1358 I CHIUSECASE:  [CORE_CFG ] chxpipeline.cpp:572 CreateDescriptor() Pipeline[RealTimeFeatureZSLPreviewRaw] Pipeline pointer 0xb400007c6484f020 Selected sensor Mode W=800, H=1364 Mode=0
04-23 16:16:08.598   1358   1358 I CHIUSECASE:  [CORE_CFG ] chifeature2featurepool.cpp:1105 FinalizeFeatureInstances() RealTime_0: Forward walk...
04-23 16:16:08.598   1358   1358 I CamX:  [CORE_CFG][CORE   ] camxresourcemanager.cpp:1241 RegisterClient() Add client {RealTimeFeatureZSLPreviewRaw_1, 0xb400007d44952900, 1, 1},  clients size: 1
04-23 16:16:08.598   1358   1358 I CamX:  [ DUMP][CORE   ] camxresourcemanager.h:1465 Dump() --------------------
04-23 16:16:08.598   1358   1358 I CamX:  [ DUMP][CORE   ] camxresourcemanager.h:1466 Dump()     Key      Cost
04-23 16:16:08.598   1358   1358 I CamX:  [ DUMP][CORE   ] camxresourcemanager.h:1467 Dump() --------------------
04-23 16:16:08.598   1358   1358 I CamX:  [ DUMP][CORE   ] camxresourcemanager.h:1476 Dump()   {1, 1} :   100
04-23 16:16:08.598   1358   1358 I CamX:  [ DUMP][CORE   ] camxresourcemanager.h:1476 Dump()   {2, 0} :   50
04-23 16:16:08.598   1358   1358 I CamX:  [ DUMP][CORE   ] camxresourcemanager.h:1476 Dump()   {5, 1} :   50
04-23 16:16:08.604   1358  32727 I CamX:  [CORE_CFG][SENSOR ] camxsensornode.cpp:4821 ProcessingNodeFinalizeInitialization() CameraID:1 SensorName:xenon SensorMode:0 SyncMode:0 PipelineID:0
04-23 16:16:08.606   1358   2075 I CamX:  [CORE_CFG][SENSOR ] camxsensornode.cpp:8958 AcquireDevice() Sensor[1] [xenon] Reused Sensor from cache, hCSL: 0x3e0200 hSensorDevice=0x130101
04-23 16:16:08.606   1358   2075 I CamX:  [CORE_CFG][SENSOR ] camxsensorsubmodulebase.cpp:120 Initialize() Sensor[1] Reusing CSIPHY, hCSL: 0x3e0200, hPHYDevice: 0xd0102
04-23 16:16:08.606   1358  32727 I CamX:  [CORE_CFG][STATS_AF] camxcafioutil.cpp:6373 Initialize() cameraId 1 pHwContext 0xb400007bf491ed50 pDLibInit->pPipeline 0xb400007ba4a44210 pNode 0xb400007ba49b4180 pPDCallback 0x0 pSensorModuleData 0xb400007b94850f90 m_sensorPDExposureSwitchDelay 0 isQuadCFASensor 0
04-23 16:16:08.606   1358  32727 I CamX:  [CORE_CFG][STATS_AF] camxcafioutil.cpp:6373 Initialize() cameraId 1 pHwContext 0xb400007bf491ed50 pDLibInit->pPipeline 0xb400007ba4a44210 pNode 0xb400007ba49b4180 pPDCallback 0x7b4444b978 pSensorModuleData 0xb400007b94850f90 m_sensorPDExposureSwitchDelay 0 isQuadCFASensor 0
04-23 16:16:08.607   1358  32727 W CamX:  [ WARN][ISP    ] camxtfenode.cpp:10113 FinalizeBufferProperties() PDLibSensorType is Invalid
04-23 16:16:08.608   1266   1322 E minksocket:  MinkIPC_QRTR_Service: client with node 1 port 468e went down
04-23 16:16:08.610   1266   1322 E minksocket:  MinkIPC_QRTR_Service: client with node 1 port 468f went down
04-23 16:16:08.612   1266   1322 E minksocket:  MinkIPC_QRTR_Service: client with node 1 port 4690 went down
04-23 16:16:08.613   1266   1322 E minksocket:  MinkIPC_QRTR_Service: client with node 1 port 4691 went down
04-23 16:16:08.617   1266   1322 E minksocket:  MinkIPC_QRTR_Service: client with node 1 port 4693 went down
04-23 16:16:08.620   1266   1322 E minksocket:  MinkIPC_QRTR_Service: client with node 1 port 4694 went down
04-23 16:16:08.622   1266   1322 E minksocket:  MinkIPC_QRTR_Service: client with node 1 port 4695 went down
04-23 16:16:08.625   1266   1322 E minksocket:  MinkIPC_QRTR_Service: client with node 1 port 4696 went down
04-23 16:16:08.627   1266   1322 E minksocket:  MinkIPC_QRTR_Service: client with node 1 port 4698 went down
04-23 16:16:08.629   1266   1322 E minksocket:  MinkIPC_QRTR_Service: client with node 1 port 4699 went down
04-23 16:16:08.630   1266   1322 E minksocket:  MinkIPC_QRTR_Service: client with node 1 port 469a went down
04-23 16:16:08.633   1358  32729 E CamX:  [ERROR][NCS    ] camxncsintfqsee.cpp:2323 SensorCallback() Sample rate of the received config event is 0. connIdx=0 sensorType=1
04-23 16:16:08.633   1266   1322 E minksocket:  MinkIPC_QRTR_Service: client with node 1 port 469b went down
04-23 16:16:08.634   1358  32727 W CamX:  [ WARN][STATS  ] camxstatscommon.cpp:949 Get3ASyncType() Failed to retrieve 3A Sync tag for Node:RealTimeFeatureZSLPreviewRaw_AutoFocus0_cam1
04-23 16:16:08.634   1358  32727 W CamX:  [ WARN][STATS  ] camxstatscommon.cpp:949 Get3ASyncType() Failed to retrieve 3A Sync tag for Node:RealTimeFeatureZSLPreviewRaw_AutoFocus0_cam1
04-23 16:16:08.635   1358  32727 W CHISWHME:  [WARN   ] camxchinodeswhme.cpp:1068 SetBufferInfo() Cannot read EISv3 enable status!!
04-23 16:16:08.635   1358  32727 W CHISWHME:  [WARN   ] camxchinodeswhme.cpp:1085 SetBufferInfo() Cannot read EISv2 enable status!!
04-23 16:16:08.636   1358  32727 I CamX:  [CORE_CFG][MEMMGR ] camxnode.cpp:9839 CreateOutputBufferManager() BufferMgrCreate ,[RealTimeFeatureZSLPreviewRaw_com.qti.node.gme0_cam1_OutputPortId0_ ] width=640, height=480, format=26,raw stride 960 raw scanline 480 GetTotalSize 460800
04-23 16:16:08.636   1358  32727 I CamX:  [CORE_CFG][MEMMGR ] camxmempoolgroup.cpp:480 RegisterBufferManager() [MPG_0]-->[RealTimeFeatureZSLPreviewRaw_com.qti.node.gme0_cam1_OutputPortId0_ ] : NumBufMgrs=1, type=CamX, heap=1, Original Immediate=6, Max=11, SelfTuned Immediate=0, Max=11, needDedicatedBuffers=0, lateBinding=1, numBatched=1, deviceCount=1, devices=9, 0, flags=0x19 width=640, height=480, format=26, size=460800
04-23 16:16:08.636   1358  32727 I CamX:  [CORE_CFG][MEMMGR ] camxnode.cpp:9854 CreateOutputBufferManager() BufferMgrCreate ,[RealTimeFeatureZSLPreviewRaw_IPE0_cam1_OutputPortId8_Display] width=320, height=240, format=13, stride 384 scanline 256 GetTotalSize 163840
04-23 16:16:08.636   1358  32727 I CamX:  [CORE_CFG][MEMMGR ] camxnode.cpp:9854 CreateOutputBufferManager() BufferMgrCreate ,[RealTimeFeatureZSLPreviewRaw_IPE0_cam1_OutputPortId8_Display] width=320, height=240, format=13, stride 384 scanline 128 GetTotalSize 163840
04-23 16:16:08.637   1358  32727 I CamX:  [CORE_CFG][MEMMGR ] camxnode.cpp:9854 CreateOutputBufferManager() BufferMgrCreate ,[RealTimeFeatureZSLPreviewRaw_IPE0_cam1_OutputPortId9_Video] width=320, height=240, format=3, stride 384 scanline 256 GetTotalSize 147456
04-23 16:16:08.637   1358  32727 I CamX:  [CORE_CFG][MEMMGR ] camxnode.cpp:9854 CreateOutputBufferManager() BufferMgrCreate ,[RealTimeFeatureZSLPreviewRaw_IPE0_cam1_OutputPortId9_Video] width=320, height=240, format=3, stride 384 scanline 128 GetTotalSize 147456
04-23 16:16:08.637   1358  32727 I CamX:  [CORE_CFG][MEMMGR ] camxnode.cpp:9854 CreateOutputBufferManager() BufferMgrCreate ,[RealTimeFeatureZSLPreviewRaw_IPE0_cam1_OutputPortId51_Unknown] width=640, height=480, format=3, stride 640 scanline 480 GetTotalSize 460800
04-23 16:16:08.637   1358  32727 I CamX:  [CORE_CFG][MEMMGR ] camxnode.cpp:9854 CreateOutputBufferManager() BufferMgrCreate ,[RealTimeFeatureZSLPreviewRaw_IPE0_cam1_OutputPortId51_Unknown] width=640, height=480, format=3, stride 640 scanline 240 GetTotalSize 460800
04-23 16:16:08.638   1358  32727 I CamX:  [CORE_CFG][MEMMGR ] camxmempoolgroup.cpp:480 RegisterBufferManager() [MPG_0]-->[RealTimeFeatureZSLPreviewRaw_IPE0_cam1_OutputPortId51_Unknown] : NumBufMgrs=2, type=CamX, heap=1, Original Immediate=6, Max=12, SelfTuned Immediate=0, Max=12, needDedicatedBuffers=0, lateBinding=1, numBatched=1, deviceCount=1, devices=9, 0, flags=0x19 width=640, height=480, format=3, size=460800
04-23 16:16:08.638   1358  32727 I CamX:  [CORE_CFG][MEMMGR ] camxnode.cpp:9854 CreateOutputBufferManager() BufferMgrCreate ,[RealTimeFeatureZSLPreviewRaw_IPE1_cam1_OutputPortId8_Display] width=640, height=480, format=3, stride 640 scanline 512 GetTotalSize 491520
04-23 16:16:08.638   1358  32727 I CamX:  [CORE_CFG][MEMMGR ] camxnode.cpp:9854 CreateOutputBufferManager() BufferMgrCreate ,[RealTimeFeatureZSLPreviewRaw_IPE1_cam1_OutputPortId8_Display] width=640, height=480, format=3, stride 640 scanline 256 GetTotalSize 491520
04-23 16:16:08.638   1358  32727 I CamX:  [CORE_CFG][MEMMGR ] camxnode.cpp:9854 CreateOutputBufferManager() BufferMgrCreate ,[RealTimeFeatureZSLPreviewRaw_IPE1_cam1_OutputPortId9_Video] width=320, height=240, format=3, stride 320 scanline 256 GetTotalSize 122880
04-23 16:16:08.638   1358  32727 I CamX:  [CORE_CFG][MEMMGR ] camxnode.cpp:9854 CreateOutputBufferManager() BufferMgrCreate ,[RealTimeFeatureZSLPreviewRaw_IPE1_cam1_OutputPortId9_Video] width=320, height=240, format=3, stride 320 scanline 128 GetTotalSize 122880
04-23 16:16:08.638   1358  32727 I CamX:  [CORE_CFG][MEMMGR ] camxnode.cpp:9854 CreateOutputBufferManager() BufferMgrCreate ,[RealTimeFeatureZSLPreviewRaw_IPE2_cam1_OutputPortId8_Display] width=320, height=240, format=3, stride 320 scanline 256 GetTotalSize 122880
04-23 16:16:08.638   1358  32727 I CamX:  [CORE_CFG][MEMMGR ] camxnode.cpp:9854 CreateOutputBufferManager() BufferMgrCreate ,[RealTimeFeatureZSLPreviewRaw_IPE2_cam1_OutputPortId8_Display] width=320, height=240, format=3, stride 320 scanline 128 GetTotalSize 122880
04-23 16:16:08.638   1358  32727 I CamX:  [CORE_CFG][MEMMGR ] camxnode.cpp:9839 CreateOutputBufferManager() BufferMgrCreate ,[RealTimeFeatureZSLPreviewRaw_TFE0_cam1_OutputPortId1_Full] width=640, height=480, format=26,raw stride 960 raw scanline 480 GetTotalSize 460800
04-23 16:16:08.638   1358  32727 I CamX:  [CORE_CFG][MEMMGR ] camxmempoolgroup.cpp:480 RegisterBufferManager() [MPG_0]-->[RealTimeFeatureZSLPreviewRaw_TFE0_cam1_OutputPortId1_Full] : NumBufMgrs=3, type=CamX, heap=1, Original Immediate=6, Max=11, SelfTuned Immediate=0, Max=11, needDedicatedBuffers=0, lateBinding=1, numBatched=1, deviceCount=2, devices=0, 9, flags=0x19 width=640, height=480, format=26, size=460800
04-23 16:16:08.638   1358  32727 I CamX:  [CORE_CFG][MEMMGR ] camxnode.cpp:9839 CreateOutputBufferManager() BufferMgrCreate ,[RealTimeFeatureZSLPreviewRaw_TFE0_cam1_OutputPortId4_RDI0] width=800, height=1364, format=9,raw stride 800 raw scanline 1364 GetTotalSize 1091200
04-23 16:16:08.638   1358  32727 I CamX:  [CORE_CFG][MEMMGR ] camxmempoolgroup.cpp:480 RegisterBufferManager() [MPG_1]-->[RealTimeFeatureZSLPreviewRaw_TFE0_cam1_OutputPortId4_RDI0] : NumBufMgrs=1, type=CamX, heap=1, Original Immediate=0, Max=40, SelfTuned Immediate=0, Max=40, needDedicatedBuffers=0, lateBinding=1, numBatched=1, deviceCount=1, devices=0, 0, flags=0x1 width=800, height=1364, format=9, size=1091200
04-23 16:16:08.638   1358  32727 I CamX:  [CORE_CFG][MEMMGR ] camxnode.cpp:9839 CreateOutputBufferManager() BufferMgrCreate ,[RealTimeFeatureZSLPreviewRaw_TFE0_cam1_OutputPortId4_RDI0] width=800, height=1364, format=9,raw stride 1000 raw scanline 1364 GetTotalSize 1368064
04-23 16:16:08.638   1358  32727 I CamX:  [CORE_CFG][MEMMGR ] camxnode.cpp:9839 CreateOutputBufferManager() BufferMgrCreate ,[RealTimeFeatureZSLPreviewRaw_TFE0_cam1_OutputPortId2_RawDump] width=800, height=1364, format=10,raw stride 1600 raw scanline 1364 GetTotalSize 2183168
04-23 16:16:08.639   1358  32727 I CamX:  [CORE_CFG][MEMMGR ] camxnode.cpp:9854 CreateOutputBufferManager() BufferMgrCreate ,[RealTimeFeatureZSLPreviewRaw_TFE0_cam1_OutputPortId13_Unknown] width=160, height=120, format=18, stride 768 scanline 64 GetTotalSize 49152
04-23 16:16:08.639   1358  32727 I CamX:  [CORE_CFG][MEMMGR ] camxmempoolgroup.cpp:480 RegisterBufferManager() [MPG_2]-->[RealTimeFeatureZSLPreviewRaw_TFE0_cam1_OutputPortId13_Unknown] : NumBufMgrs=1, type=CamX, heap=1, Original Immediate=6, Max=11, SelfTuned Immediate=0, Max=11, needDedicatedBuffers=0, lateBinding=1, numBatched=1, deviceCount=2, devices=0, 9, flags=0x19 width=160, height=120, format=18, size=49152
04-23 16:16:08.639   1358  32727 I CamX:  [CORE_CFG][MEMMGR ] camxnode.cpp:9854 CreateOutputBufferManager() BufferMgrCreate ,[RealTimeFeatureZSLPreviewRaw_TFE0_cam1_OutputPortId14_Unknown] width=40, height=30, format=18, stride 256 scanline 32 GetTotalSize 8192
04-23 16:16:08.639   1358  32727 I CamX:  [CORE_CFG][MEMMGR ] camxmempoolgroup.cpp:480 RegisterBufferManager() [MPG_3]-->[RealTimeFeatureZSLPreviewRaw_TFE0_cam1_OutputPortId14_Unknown] : NumBufMgrs=1, type=CamX, heap=1, Original Immediate=6, Max=11, SelfTuned Immediate=0, Max=11, needDedicatedBuffers=0, lateBinding=1, numBatched=1, deviceCount=2, devices=0, 9, flags=0x19 width=40, height=30, format=18, size=8192
04-23 16:16:08.639   1358  32727 I CamX:  [CORE_CFG][MEMMGR ] camxnode.cpp:9854 CreateOutputBufferManager() BufferMgrCreate ,[RealTimeFeatureZSLPreviewRaw_TFE0_cam1_OutputPortId7_StatsAECBG] width=294912, height=1, format=6, stride 294912 scanline 1 GetTotalSize 294912
04-23 16:16:08.639   1358  32727 I CamX:  [CORE_CFG][MEMMGR ] camxmempoolgroup.cpp:480 RegisterBufferManager() [MPG_4]-->[RealTimeFeatureZSLPreviewRaw_TFE0_cam1_OutputPortId7_StatsAECBG] : NumBufMgrs=1, type=CamX, heap=1, Original Immediate=4, Max=11, SelfTuned Immediate=0, Max=11, needDedicatedBuffers=0, lateBinding=1, numBatched=1, deviceCount=1, devices=0, 0, flags=0x19 width=294912, height=1, format=6, size=294912
04-23 16:16:08.639   1358  32727 I CamX:  [CORE_CFG][MEMMGR ] camxnode.cpp:9854 CreateOutputBufferManager() BufferMgrCreate ,[RealTimeFeatureZSLPreviewRaw_TFE0_cam1_OutputPortId9_StatsTLBG] width=36864, height=1, format=6, stride 36864 scanline 1 GetTotalSize 36864
04-23 16:16:08.639   1358  32727 I CamX:  [CORE_CFG][MEMMGR ] camxmempoolgroup.cpp:480 RegisterBufferManager() [MPG_5]-->[RealTimeFeatureZSLPreviewRaw_TFE0_cam1_OutputPortId9_StatsTLBG] : NumBufMgrs=1, type=CamX, heap=1, Original Immediate=6, Max=11, SelfTuned Immediate=0, Max=11, needDedicatedBuffers=0, lateBinding=1, numBatched=1, deviceCount=1, devices=0, 0, flags=0x19 width=36864, height=1, format=6, size=36864
04-23 16:16:08.639   1358  32727 I CamX:  [CORE_CFG][MEMMGR ] camxnode.cpp:9854 CreateOutputBufferManager() BufferMgrCreate ,[RealTimeFeatureZSLPreviewRaw_TFE0_cam1_OutputPortId11_StatsAWBBG] width=147456, height=1, format=6, stride 147456 scanline 1 GetTotalSize 147456
04-23 16:16:08.639   1358  32727 I CamX:  [CORE_CFG][MEMMGR ] camxmempoolgroup.cpp:480 RegisterBufferManager() [MPG_6]-->[RealTimeFeatureZSLPreviewRaw_TFE0_cam1_OutputPortId11_StatsAWBBG] : NumBufMgrs=1, type=CamX, heap=1, Original Immediate=6, Max=11, SelfTuned Immediate=0, Max=11, needDedicatedBuffers=0, lateBinding=1, numBatched=1, deviceCount=1, devices=0, 0, flags=0x19 width=147456, height=1, format=6, size=147456
04-23 16:16:08.639   1358  32727 I CamX:  [CORE_CFG][MEMMGR ] camxnode.cpp:9854 CreateOutputBufferManager() BufferMgrCreate ,[RealTimeFeatureZSLPreviewRaw_TFE0_cam1_OutputPortId8_StatsBHIST] width=8192, height=1, format=6, stride 8192 scanline 1 GetTotalSize 8192
04-23 16:16:08.639   1358  32727 I CamX:  [CORE_CFG][MEMMGR ] camxmempoolgroup.cpp:480 RegisterBufferManager() [MPG_7]-->[RealTimeFeatureZSLPreviewRaw_TFE0_cam1_OutputPortId8_StatsBHIST] : NumBufMgrs=1, type=CamX, heap=1, Original Immediate=10, Max=11, SelfTuned Immediate=0, Max=11, needDedicatedBuffers=0, lateBinding=1, numBatched=1, deviceCount=1, devices=0, 0, flags=0x19 width=8192, height=1, format=6, size=8192
04-23 16:16:08.639   1358  32727 I CamX:  [CORE_CFG][MEMMGR ] camxnode.cpp:9854 CreateOutputBufferManager() BufferMgrCreate ,[RealTimeFeatureZSLPreviewRaw_TFE0_cam1_OutputPortId12_Unknown] width=65536, height=1, format=6, stride 65536 scanline 1 GetTotalSize 65536
04-23 16:16:08.639   1358  32727 I CamX:  [CORE_CFG][MEMMGR ] camxmempoolgroup.cpp:480 RegisterBufferManager() [MPG_8]-->[RealTimeFeatureZSLPreviewRaw_TFE0_cam1_OutputPortId12_Unknown] : NumBufMgrs=1, type=CamX, heap=1, Original Immediate=6, Max=11, SelfTuned Immediate=0, Max=11, needDedicatedBuffers=0, lateBinding=1, numBatched=1, deviceCount=1, devices=0, 0, flags=0x19 width=65536, height=1, format=6, size=65536
04-23 16:16:08.640   1358  32727 I CamX:  [CORE_CFG][MEMMGR ] camxnode.cpp:9854 CreateOutputBufferManager() BufferMgrCreate ,[RealTimeFeatureZSLPreviewRaw_TFE0_cam1_OutputPortId15_Unknown] width=640, height=480, format=3, stride 640 scanline 512 GetTotalSize 491520
04-23 16:16:08.640   1358  32727 I CamX:  [CORE_CFG][MEMMGR ] camxnode.cpp:9854 CreateOutputBufferManager() BufferMgrCreate ,[RealTimeFeatureZSLPreviewRaw_TFE0_cam1_OutputPortId15_Unknown] width=640, height=480, format=3, stride 640 scanline 256 GetTotalSize 491520
04-23 16:16:08.640   1358  32727 I CamX:  [CORE_CFG][CORE   ] camxpipeline.h:3445 SetPipelineStatus() RealTimeFeatureZSLPreviewRaw_0_cam_1 status is now PipelineStatus::BUFFER_PROPERTIES_FINALIZED
04-23 16:16:08.640   1358   1358 I CamX:  [CORE_CFG][CORE   ] camxpipeline.h:3445 SetPipelineStatus() RealTimeFeatureZSLPreviewRaw_0_cam_1 status is now PipelineStatus::PRE_FINALIZATION_INPROGRESS
04-23 16:16:08.640   1358   1358 I CamX:  [CORE_CFG][CORE   ] camxsession.cpp:2660 Initialize() Session (0xb400007ae4d343d0) Initialized RealTimeFeatureZSLPreviewRaw
04-23 16:16:08.642   1358  32736 W CamX:  [ WARN][STATS_AEC] camxcaecstatsprocessor.cpp:386 Initialize() UseCasePool FPS Range: pData[0]:0x0 not published
04-23 16:16:08.643   1358  32736 W CamX:  [ WARN][STATS_AEC] camxaecengine.cpp:1917 StartStreaming() Invalid warm start values: sensitivity: 0.000000 0.000000 0.000000
04-23 16:16:08.643   1358  32736 W CamX:  [ WARN][STATS_AEC] caecxctrlcorecommon.h:849: MapMultiCamAuxInfo CID:[1] CID:1, Aux Info is not found
04-23 16:16:08.643   1358  32736 W CamX:  [ WARN][STATS_AEC] camxcaecstatsprocessor.cpp:3970 PopulatePropPoolFrameControl() Invalid exposure parameters: gain: 0.000000, exposureTime: 0
04-23 16:16:08.644   1358  32736 W CamX:  [ WARN][STATS  ] camxstatscommon.cpp:949 Get3ASyncType() Failed to retrieve 3A Sync tag for Node:RealTimeFeatureZSLPreviewRaw_Stats0_cam1
04-23 16:16:08.645   1358  32736 W CamX:  [ WARN][STATS  ] camxstatscommon.cpp:949 Get3ASyncType() Failed to retrieve 3A Sync tag for Node:RealTimeFeatureZSLPreviewRaw_AWB0_cam1
04-23 16:16:08.646   1358  32736 E IS_ALGO:  IS0017: V3: is_valid_init_input_internal(5151): Invalid frame_fps. Only 24, 30, 60 are supported, 50
04-23 16:16:08.646   1358  32736 W IS_ALGO:  IS1026: V3: is_valid_init_input_internal(5308): iFOVC configuration mismatch. is_ifovc_enabled is false but iFOVC frequency is not zero - 120
04-23 16:16:08.646   1358  32736 W IS_ALGO:  IS1026: V3: is_valid_init_input_internal(5927): Input structs for algorithm initialization are sub-optimal (# errors, # warnings # info) : (0, 1, 1)
04-23 16:16:08.646   1358  32737 I CamX:  [CORE_CFG][PPROC  ] camxipenode.cpp:12520 SetConfigIOData() node RealTimeFeatureZSLPreviewRaw_IPE0_cam1, Input, firmwarePortId 1 format 18, width 160, height 120, ubwc version 0, lossy 0, fromdownscale 0, buffer size 49152
04-23 16:16:08.646   1358  32736 W IS_ALGO:  IS1026: V3: is_valid_init_input_grids(548): LDC support was enabled with ICA grid, but grid are disabled
04-23 16:16:08.646   1358  32737 I CamX:  [CORE_CFG][PPROC  ] camxipenode.cpp:12520 SetConfigIOData() node RealTimeFeatureZSLPreviewRaw_IPE0_cam1, Input, firmwarePortId 2 format 18, width 40, height 30, ubwc version 0, lossy 0, fromdownscale 0, buffer size 8192
04-23 16:16:08.646   1358  32737 E CamX:  [ERROR][PPROC  ] camxipenode.cpp:196 TranslateIPEFormatToFirmwareBayerOrder() Wrong IPE Pixel Format
04-23 16:16:08.646   1358  32737 I CamX:  [CORE_CFG][PPROC  ] camxipenode.cpp:12520 SetConfigIOData() node RealTimeFeatureZSLPreviewRaw_IPE0_cam1, Input, firmwarePortId 0 format 26, width 640, height 480, ubwc version 0, lossy 0, fromdownscale 0, buffer size 460800
04-23 16:16:08.646   1358  32737 I CamX:  [CORE_CFG][PPROC  ] camxipenode.cpp:12520 SetConfigIOData() node RealTimeFeatureZSLPreviewRaw_IPE0_cam1, Output, firmwarePortId 8 format 13, width 320, height 240, ubwc version 0, lossy 0, fromdownscale 0, buffer size 163840
04-23 16:16:08.646   1358  32737 I CamX:  [CORE_CFG][PPROC  ] camxipenode.cpp:12520 SetConfigIOData() node RealTimeFeatureZSLPreviewRaw_IPE0_cam1, Output, firmwarePortId 9 format 3, width 320, height 240, ubwc version 0, lossy 0, fromdownscale 0, buffer size 147456
04-23 16:16:08.646   1358  32737 I CamX:  [CORE_CFG][PPROC  ] camxipenode.cpp:12520 SetConfigIOData() node RealTimeFeatureZSLPreviewRaw_IPE0_cam1, Output, firmwarePortId 51 format 3, width 640, height 480, ubwc version 0, lossy 0, fromdownscale 0, buffer size 460800
04-23 16:16:08.646   1358  32737 I CamX:  [CORE_CFG][MEMMGR ] camxmempoolgroup.cpp:480 RegisterBufferManager() [MPG_9]-->[RealTimeFeatureZSLPreviewRaw_IPE0_OutputPortId_FullRef] : NumBufMgrs=1, type=CamX, heap=1, Original Immediate=2, Max=2, SelfTuned Immediate=0, Max=2, needDedicatedBuffers=1, lateBinding=0, numBatched=1, deviceCount=1, devices=9, 0, flags=0x9 width=640, height=480, format=12, size=749568
04-23 16:16:08.647   1358  32736 W CamX:  [ WARN][ISP    ] camxtfenode.cpp:2425 ReadDefaultStatsConfig() RealTimeFeatureZSLPreviewRaw_TFE0_cam1, AFD stats control NULL
04-23 16:16:08.647   1358  32740 E CamX:  [ERROR][PPROC  ] camxipenode.cpp:196 TranslateIPEFormatToFirmwareBayerOrder() Wrong IPE Pixel Format
04-23 16:16:08.647   1358  32740 I CamX:  [CORE_CFG][PPROC  ] camxipenode.cpp:12520 SetConfigIOData() node RealTimeFeatureZSLPreviewRaw_IPE2_cam1, Input, firmwarePortId 0 format 26, width 640, height 480, ubwc version 0, lossy 0, fromdownscale 0, buffer size 460800
04-23 16:16:08.647   1358  32740 I CamX:  [CORE_CFG][PPROC  ] camxipenode.cpp:12520 SetConfigIOData() node RealTimeFeatureZSLPreviewRaw_IPE2_cam1, Output, firmwarePortId 8 format 3, width 320, height 240, ubwc version 0, lossy 0, fromdownscale 0, buffer size 122880
04-23 16:16:08.647   1358  32740 I CamX:  [CORE_CFG][PPROC  ] camxipenode.cpp:12520 SetConfigIOData() node RealTimeFeatureZSLPreviewRaw_IPE2_cam1, LTM DC Stats Buffer Output, firmwarePortId 60 format 6, width 39, height 10, ubwc version 0, lossy 0, fromdownscale 0, buffer size 4096
04-23 16:16:08.648   1358  32737 I CamX:  [CORE_CFG][PPROC  ] camxipenode.cpp:12520 SetConfigIOData() node RealTimeFeatureZSLPreviewRaw_IPE0_cam1, ReferenceOutput, firmwarePortId 10 format 12, width 640, height 480, ubwc version 0, lossy 0, fromdownscale 0, buffer size 749568
04-23 16:16:08.648   1358  32737 I CamX:  [CORE_CFG][PPROC  ] camxipenode.cpp:12520 SetConfigIOData() node RealTimeFeatureZSLPreviewRaw_IPE0_cam1, ReferenceInput, firmwarePortId 4 format 12, width 640, height 480, ubwc version 0, lossy 0, fromdownscale 0, buffer size 749568
04-23 16:16:08.648   1358  32737 I CamX:  [CORE_CFG][MEMMGR ] camxmempoolgroup.cpp:480 RegisterBufferManager() [MPG_10]-->[RealTimeFeatureZSLPreviewRaw_IPE0_OutputPortId_Ds4Ref] : NumBufMgrs=1, type=CamX, heap=1, Original Immediate=2, Max=2, SelfTuned Immediate=0, Max=2, needDedicatedBuffers=1, lateBinding=0, numBatched=1, deviceCount=1, devices=9, 0, flags=0x9 width=160, height=120, format=18, size=49152
04-23 16:16:08.649   1358  32737 I CamX:  [CORE_CFG][PPROC  ] camxipenode.cpp:12520 SetConfigIOData() node RealTimeFeatureZSLPreviewRaw_IPE0_cam1, ReferenceOutput, firmwarePortId 11 format 18, width 160, height 120, ubwc version 0, lossy 0, fromdownscale 0, buffer size 49152
04-23 16:16:08.649   1358  32739 E CamX:  [ERROR][PPROC  ] camxipenode.cpp:196 TranslateIPEFormatToFirmwareBayerOrder() Wrong IPE Pixel Format
04-23 16:16:08.650   1358  32739 I CamX:  [CORE_CFG][PPROC  ] camxipenode.cpp:12520 SetConfigIOData() node RealTimeFeatureZSLPreviewRaw_IPE1_cam1, Input, firmwarePortId 0 format 26, width 640, height 480, ubwc version 0, lossy 0, fromdownscale 0, buffer size 460800
04-23 16:16:08.650   1358  32739 I CamX:  [CORE_CFG][PPROC  ] camxipenode.cpp:12520 SetConfigIOData() node RealTimeFeatureZSLPreviewRaw_IPE1_cam1, Input, firmwarePortId 1 format 18, width 160, height 120, ubwc version 0, lossy 0, fromdownscale 0, buffer size 49152
04-23 16:16:08.650   1358  32739 I CamX:  [CORE_CFG][PPROC  ] camxipenode.cpp:12520 SetConfigIOData() node RealTimeFeatureZSLPreviewRaw_IPE1_cam1, Input, firmwarePortId 2 format 18, width 40, height 30, ubwc version 0, lossy 0, fromdownscale 0, buffer size 8192
04-23 16:16:08.650   1358  32737 I CamX:  [CORE_CFG][PPROC  ] camxipenode.cpp:12520 SetConfigIOData() node RealTimeFeatureZSLPreviewRaw_IPE0_cam1, ReferenceInput, firmwarePortId 5 format 18, width 160, height 120, ubwc version 0, lossy 0, fromdownscale 0, buffer size 49152
04-23 16:16:08.650   1358  32739 I CamX:  [CORE_CFG][PPROC  ] camxipenode.cpp:12520 SetConfigIOData() node RealTimeFeatureZSLPreviewRaw_IPE1_cam1, Output, firmwarePortId 8 format 3, width 640, height 480, ubwc version 0, lossy 0, fromdownscale 0, buffer size 491520
04-23 16:16:08.650   1358  32739 I CamX:  [CORE_CFG][PPROC  ] camxipenode.cpp:12520 SetConfigIOData() node RealTimeFeatureZSLPreviewRaw_IPE1_cam1, Output, firmwarePortId 9 format 3, width 320, height 240, ubwc version 0, lossy 0, fromdownscale 0, buffer size 122880
04-23 16:16:08.650   1358  32737 I CamX:  [CORE_CFG][MEMMGR ] camxmempoolgroup.cpp:480 RegisterBufferManager() [MPG_11]-->[RealTimeFeatureZSLPreviewRaw_IPE0_OutputPortId_DS16Ref] : NumBufMgrs=1, type=CamX, heap=1, Original Immediate=2, Max=2, SelfTuned Immediate=0, Max=2, needDedicatedBuffers=1, lateBinding=0, numBatched=1, deviceCount=1, devices=9, 0, flags=0x9 width=40, height=30, format=18, size=8192
04-23 16:16:08.650   1358  32739 I CamX:  [CORE_CFG][PPROC  ] camxipenode.cpp:12520 SetConfigIOData() node RealTimeFeatureZSLPreviewRaw_IPE1_cam1, LTM DC Stats Buffer Output, firmwarePortId 60 format 6, width 39, height 10, ubwc version 0, lossy 0, fromdownscale 0, buffer size 4096
04-23 16:16:08.652   1358  32737 I CamX:  [CORE_CFG][PPROC  ] camxipenode.cpp:12520 SetConfigIOData() node RealTimeFeatureZSLPreviewRaw_IPE0_cam1, ReferenceOutput, firmwarePortId 12 format 18, width 40, height 30, ubwc version 0, lossy 0, fromdownscale 0, buffer size 8192
04-23 16:16:08.652   1358  32737 I CamX:  [CORE_CFG][PPROC  ] camxipenode.cpp:12520 SetConfigIOData() node RealTimeFeatureZSLPreviewRaw_IPE0_cam1, ReferenceInput, firmwarePortId 6 format 18, width 40, height 30, ubwc version 0, lossy 0, fromdownscale 0, buffer size 8192
04-23 16:16:08.652   1358  32736 I CamX:  [CORE_CFG][CSL    ] camxcslhw.cpp:1102 CSLAcquireDeviceHW() DeviceAcquired: Name=CSLHwTFE phDevice=13369603 name:/dev/v4l-subdev1 dIndex 0 hIndex 3 sessionName RealTimeFeatureNZSLSnapshotRDI
04-23 16:16:08.652   1358  32737 I CamX:  [CORE_CFG][PPROC  ] camxipenode.cpp:12520 SetConfigIOData() node RealTimeFeatureZSLPreviewRaw_IPE0_cam1, LTM DC Stats Buffer Output, firmwarePortId 60 format 6, width 39, height 10, ubwc version 0, lossy 0, fromdownscale 0, buffer size 4096
04-23 16:16:08.653   1358  32736 W CamX:  [ WARN][FD     ] camxfdutils.cpp:366 GetFDConfig() Static min face size setting is not supported
04-23 16:16:08.655   1358   1358 I CHIUSECASE:  [CORE_CFG ] chifeature2base.cpp:12309 CreateTargetBufferManagers() Session RealTime : Pipeline[RealTimeFeatureZSLPreviewRaw][0], port:Display_Out port idx:0, Create CHI buffers, chistream:0xb400007b7485a160,format:34, w x h: 320 x 240 usage 10020800 prd flags 10020800 cons flags 0Min:0 Max:8
04-23 16:16:08.655   1358   1358 I CamX:  [CORE_CFG][MEMMGR ] camxmempoolgroup.cpp:480 RegisterBufferManager() [MPG_12]-->[PortTargetBuffer_RealTime:Display_Out_RealTime_0] : NumBufMgrs=1, type=CHI, heap=1, Original Immediate=0, Max=8, SelfTuned Immediate=0, Max=8, needDedicatedBuffers=0, lateBinding=1, numBatched=1, deviceCount=0, devices=0, 0, flags=0x0 width=320, height=240, format=13, size=163840
04-23 16:16:08.655   1358  32740 I CamX:  [CORE_CFG][CSL    ] camxcslhw.cpp:1102 CSLAcquireDeviceHW() DeviceAcquired: Name=CSLHwICP phDevice=10158340 name:/dev/v4l-subdev12 dIndex 9 hIndex 4 sessionName RealTimeFeatureNZSLSnapshotRDI
04-23 16:16:08.655   1358   1358 I CHIUSECASE:  [CORE_CFG ] chifeature2base.cpp:12309 CreateTargetBufferManagers() Session RealTime : Pipeline[RealTimeFeatureZSLPreviewRaw][0], port:Raw_Out port idx:1, Create CHI buffers, chistream:0xb400007b748542e0,format:37, w x h: 800 x 1364 usage 20002 prd flags 20000 cons flags 40000Min:9 Max:64
04-23 16:16:08.655   1358   1358 I CamX:  [CORE_CFG][MEMMGR ] camxmempoolgroup.cpp:480 RegisterBufferManager() [MPG_13]-->[PortTargetBuffer_RealTime:Raw_Out_RealTime_0] : NumBufMgrs=1, type=CHI, heap=1, Original Immediate=0, Max=64, SelfTuned Immediate=0, Max=64, needDedicatedBuffers=0, lateBinding=1, numBatched=1, deviceCount=0, devices=0, 0, flags=0x18 width=800, height=1364, format=9, size=1368064
04-23 16:16:08.655   1358   1358 I CHIUSECASE:  [CORE_CFG ] chifeature2base.cpp:12309 CreateTargetBufferManagers() Session RealTime : Pipeline[RealTimeFeatureZSLPreviewRaw][0], port:Fd_Out port idx:2, Create CHI buffers, chistream:0xb400007b74858540,format:35, w x h: 640 x 480 usage 20000 prd flags 20020 cons flags 2Min:9 Max:64
04-23 16:16:08.655   1358   1358 I CamX:  [CORE_CFG][MEMMGR ] camxmempoolgroup.cpp:480 RegisterBufferManager() [MPG_14]-->[PortTargetBuffer_RealTime:Fd_Out_RealTime_0] : NumBufMgrs=1, type=CHI, heap=1, Original Immediate=0, Max=64, SelfTuned Immediate=0, Max=64, needDedicatedBuffers=0, lateBinding=1, numBatched=1, deviceCount=0, devices=0, 0, flags=0x18 width=640, height=480, format=3, size=491520
04-23 16:16:08.655   1358   1358 I CHIUSECASE:  [CORE_CFG ] chifeature2base.cpp:12309 CreateTargetBufferManagers() Session RealTime : Pipeline[RealTimeFeatureZSLPreviewRaw][0], port:Video_Out port idx:3, Create CHI buffers, chistream:0xb400007b7485b480,format:35, w x h: 320 x 240 usage 30022 prd flags 20000 cons flags 40000Min:0 Max:8
04-23 16:16:08.655   1358   1358 I CamX:  [CORE_CFG][MEMMGR ] camxmempoolgroup.cpp:480 RegisterBufferManager() [MPG_6]-->[PortTargetBuffer_RealTime:Video_Out_RealTime_0] : NumBufMgrs=2, type=CHI, heap=1, Original Immediate=0, Max=8, SelfTuned Immediate=0, Max=8, needDedicatedBuffers=0, lateBinding=1, numBatched=1, deviceCount=0, devices=0, 0, flags=0x18 width=320, height=240, format=3, size=147456
04-23 16:16:08.655   1358   1358 I CHIUSECASE:  [CORE_CFG ] chifeature2base.cpp:12366 CreateTargetBufferManagers() Feature: RealTime Sharing TBM for port Raw_Callback
04-23 16:16:08.655   1358   1358 I CHIUSECASE:  [CORE_CFG ] chifeature2base.cpp:12309 CreateTargetBufferManagers() Session RealTime : Pipeline[RealTimeFeatureZSLPreviewRaw][0], port:Yuv_Out port idx:6, Create CHI buffers, chistream:0xb400007b7485ca70,format:35, w x h: 640 x 480 usage 20000 prd flags 20000 cons flags 40000Min:0 Max:8
04-23 16:16:08.655   1358   1358 I CamX:  [CORE_CFG][MEMMGR ] camxmempoolgroup.cpp:480 RegisterBufferManager() [MPG_14]-->[PortTargetBuffer_RealTime:Yuv_Out_RealTime_0] : NumBufMgrs=2, type=CHI, heap=1, Original Immediate=0, Max=8, SelfTuned Immediate=0, Max=8, needDedicatedBuffers=0, lateBinding=1, numBatched=1, deviceCount=0, devices=0, 0, flags=0x0 width=640, height=480, format=3, size=491520
04-23 16:16:08.655   1358   1358 I CHIUSECASE:  [CORE_CFG ] chifeature2base.cpp:12309 CreateTargetBufferManagers() Session RealTime : Pipeline[RealTimeFeatureZSLPreviewRaw][0], port:PostView_Out port idx:7, Create CHI buffers, chistream:0xb400007b74856800,format:35, w x h: 320 x 240 usage 20000 prd flags 20000 cons flags 40000Min:0 Max:8
04-23 16:16:08.655   1358   1358 I CamX:  [CORE_CFG][MEMMGR ] camxmempoolgroup.cpp:480 RegisterBufferManager() [MPG_15]-->[PortTargetBuffer_RealTime:PostView_Out_RealTime_0] : NumBufMgrs=1, type=CHI, heap=1, Original Immediate=0, Max=8, SelfTuned Immediate=0, Max=8, needDedicatedBuffers=0, lateBinding=1, numBatched=1, deviceCount=0, devices=0, 0, flags=0x0 width=320, height=240, format=3, size=122880
04-23 16:16:08.655   1358   1358 I CHIUSECASE:  [CORE_CFG ] chifeature2base.cpp:12309 CreateTargetBufferManagers() Session RealTime : Pipeline[RealTimeFeatureZSLPreviewRaw][0], port:IDEALRaw_Out port idx:14, Create CHI buffers, chistream:0xb400007b7485deb0,format:32, w x h: 800 x 1364 usage 20002 prd flags 20000 cons flags 40000Min:0 Max:8
04-23 16:16:08.655   1358   1358 I CamX:  [CORE_CFG][MEMMGR ] camxmempoolgroup.cpp:480 RegisterBufferManager() [MPG_16]-->[PortTargetBuffer_RealTime:IDEALRaw_Out_RealTime_0] : NumBufMgrs=1, type=CHI, heap=1, Original Immediate=0, Max=8, SelfTuned Immediate=0, Max=8, needDedicatedBuffers=0, lateBinding=1, numBatched=1, deviceCount=0, devices=0, 0, flags=0x18 width=800, height=1364, format=10, size=2183168
04-23 16:16:08.655   1358   1358 I CHIUSECASE:  [CORE_CFG ] chifeature2base.cpp:12309 CreateTargetBufferManagers() Session RealTime : Pipeline[RealTimeFeatureZSLPreviewRaw][0], port:Reprocess_Out port idx:19, Create CHI buffers, chistream:0xb400007b7485aa60,format:35, w x h: 320 x 240 usage 20000 prd flags 20000 cons flags 40000Min:0 Max:8
04-23 16:16:08.655   1358   1358 I CamX:  [CORE_CFG][MEMMGR ] camxmempoolgroup.cpp:480 RegisterBufferManager() [MPG_15]-->[PortTargetBuffer_RealTime:Reprocess_Out_RealTime_0] : NumBufMgrs=2, type=CHI, heap=1, Original Immediate=0, Max=8, SelfTuned Immediate=0, Max=8, needDedicatedBuffers=0, lateBinding=1, numBatched=1, deviceCount=0, devices=0, 0, flags=0x0 width=320, height=240, format=3, size=122880
04-23 16:16:08.655   1358   1358 I CHIUSECASE:  [CORE_CFG ] chifeature2base.cpp:12061 BuildLinkedPortListForPort() RealTime_0 LinkedPort:pPort_Raw_Out:(0,0,1)->rPort_Raw_Callback[4]:(0,0,4)
04-23 16:16:08.655   1358   1358 I CHIUSECASE:  [CORE_CFG ] chifeature2base.cpp:12061 BuildLinkedPortListForPort() RealTime_0 LinkedPort:pPort_Raw_Callback:(0,0,4)->rPort_Raw_Out[1]:(0,0,1)
04-23 16:16:08.655   1358   1358 I CHIUSECASE:  [CORE_CFG ] chifeature2featurepool.cpp:891 UpdateConfigStreams() [RealTime:0] Port {0, 0, 0} influences Config Stream {0xb400007b84857f78} - (Usage: 0x10020800 MaxBuffers: 8 HALStream: 0xb400007c148cea58)
04-23 16:16:08.655   1358   1358 I CHIUSECASE:  [CORE_CFG ] chifeature2featurepool.cpp:1217 FinalizeFeatureInstances() [RealTime:0] Output Port {0, 0, 1} influences [Bayer2Yuv:0] Input Port {0, 0, 0} - (Fmt: 0x25 Dimensions: [800 x 1364] Usage: 0x20002)
04-23 16:16:08.655   1358   1358 I CHIUSECASE:  [CORE_CFG ] chifeature2featurepool.cpp:1217 FinalizeFeatureInstances() [RealTime:0] Output Port {0, 0, 1} influences [RawHDR:1] Input Port {0, 0, 0} - (Fmt: 0x25 Dimensions: [800 x 1364] Usage: 0x20002)
04-23 16:16:08.655   1358   1358 I CHIUSECASE:  [CORE_CFG ] chifeature2featurepool.cpp:1217 FinalizeFeatureInstances() [RealTime:0] Output Port {0, 0, 1} influences [AnchorSync:0] Input Port {0, 0, 0} - (Fmt: 0x25 Dimensions: [800 x 1364] Usage: 0x20002)
04-23 16:16:08.655   1358   1358 I CHIUSECASE:  [CORE_CFG ] chifeature2featurepool.cpp:1217 FinalizeFeatureInstances() [RealTime:0] Output Port {0, 0, 2} influences [AnchorSync:0] Input Port {0, 0, 1} - (Fmt: 0x23 Dimensions: [640 x 480] Usage: 0x20000)
04-23 16:16:08.655   1358   1358 I CHIUSECASE:  [CORE_CFG ] chifeature2featurepool.cpp:1217 FinalizeFeatureInstances() [RealTime:0] Output Port {0, 0, 2} influences [Yuv2Yuv:0] Input Port {0, 0, 0} - (Fmt: 0x23 Dimensions: [640 x 480] Usage: 0x20000)
04-23 16:16:08.655   1358   1358 I CHIUSECASE:  [CORE_CFG ] chifeature2featurepool.cpp:1105 FinalizeFeatureInstances() RawHDR_1: Forward walk...
04-23 16:16:08.655   1358   1358 I CHIUSECASE:  [CORE_CFG ] chifeature2featurepool.cpp:1105 FinalizeFeatureInstances() AnchorSync_0: Forward walk...
04-23 16:16:08.655   1358   1358 I CHIUSECASE:  [CORE_CFG ] chifeature2featurepool.cpp:1105 FinalizeFeatureInstances() Bayer2Yuv_0: Forward walk...
04-23 16:16:08.655   1358   1358 I CHIUSECASE:  [CORE_CFG ] chifeature2featurepool.cpp:1105 FinalizeFeatureInstances() Bayer2Yuv_15: Forward walk...
04-23 16:16:08.655   1358   1358 I CHIUSECASE:  [CORE_CFG ] chifeature2featurepool.cpp:1105 FinalizeFeatureInstances() MFNRV2_0: Forward walk...
04-23 16:16:08.655   1358   1358 I CHIUSECASE:  [CORE_CFG ] chifeature2featurepool.cpp:1105 FinalizeFeatureInstances() MFNRV2_4: Forward walk...
04-23 16:16:08.655   1358   1358 I CHIUSECASE:  [CORE_CFG ] chifeature2featurepool.cpp:1105 FinalizeFeatureInstances() Yuv2Yuv_0: Forward walk...
04-23 16:16:08.655   1358   1358 I CHIUSECASE:  [CORE_CFG ] chxstreambuffermanager.cpp:302 ConfigureStreams() Add policy for stream 0xb400007b84857f78 opmode 0 (min,max,batch):(3,6,1) stream max_buffer 8 isPreview 1 isSnapshot 0 isVideo 0 isEIS2 0 isEIS3 0 isHDR10Plus:0 m_mode 2
04-23 16:16:08.655   1358   1358 I CamX:  [CORE_CFG][HAL    ] camxhal3.cpp:1155 configure_streams()  FINAL stream[0] = 0xb400007b84857f78 - info:
04-23 16:16:08.655   1358   1358 I CamX:  [CORE_CFG][HAL    ] camxhal3.cpp:1158 configure_streams()             format       : 34, HAL_PIXEL_FORMAT_IMPLEMENTATION_DEFINED
04-23 16:16:08.655   1358   1358 I CamX:  [CORE_CFG][HAL    ] camxhal3.cpp:1160 configure_streams()             width        : 320
04-23 16:16:08.656   1358   1358 I CamX:  [CORE_CFG][HAL    ] camxhal3.cpp:1162 configure_streams()             height       : 240
04-23 16:16:08.656   1358   1358 I CamX:  [CORE_CFG][HAL    ] camxhal3.cpp:1165 configure_streams()             stream_type  : 00000000, CAMERA3_STREAM_OUTPUT
04-23 16:16:08.656   1358   1358 I CamX:  [CORE_CFG][HAL    ] camxhal3.cpp:1167 configure_streams()             usage        : 10020800
04-23 16:16:08.656   1358   1358 I CamX:  [CORE_CFG][HAL    ] camxhal3.cpp:1171 configure_streams()             max_buffers  : 8
04-23 16:16:08.656   1358   1358 I CamX:  [CORE_CFG][HAL    ] camxhal3.cpp:1181 configure_streams()             rotation     : 00000000, CAMERA3_STREAM_ROTATION_0
04-23 16:16:08.656   1358   1358 I CamX:  [CORE_CFG][HAL    ] camxhal3.cpp:1184 configure_streams()             data_space   : 00000000, HAL_DATASPACE_UNKNOWN
04-23 16:16:08.656   1358   1358 I CamX:  [CORE_CFG][HAL    ] camxhal3.cpp:1186 configure_streams()             priv         : 0x0
04-23 16:16:08.656   1358   1358 I CamX:  [CORE_CFG][HAL    ] camxhal3.cpp:1188 configure_streams()             reserved[0]         : 0xb400007c148cea58
04-23 16:16:08.656   1358   1358 I CamX:  [CORE_CFG][HAL    ] camxhal3.cpp:1190 configure_streams()             reserved[1]         : 0x0
04-23 16:16:08.656   1358   1358 I CamX:  [CORE_CFG][HAL    ] camxhal3.cpp:1205 configure_streams()    pHalStream: 0xb400007c148cea58 format : 0x22, overrideFormat : 0x7fa30c06 consumer usage: 0, producer usage: 10020800
04-23 16:16:08.656   1358   1358 I CamX:  [CORE_CFG][HAL    ] camxhal3.cpp:1213 configure_streams() HalOp: End CONFIG, logicalCameraId: 1, cameraId: 1
04-23 16:16:08.656   1622   1622 D Camera3-Device:  Set real time priority for request queue thread (tid 32354)
04-23 16:16:08.656   1622   1622 D Camera3-Utils:  Set regular priority for thread (tid 1622)
04-23 16:16:08.656   5082  32350 E DL-CameraManagerNDK:  OnSessionClosed
04-23 16:16:08.656   1622   1622 D Camera2ClientBase:  Camera 1: start to disconnect
04-23 16:16:08.656   1622   1622 D Camera2ClientBase:  Camera 1: serializationLock acquired
04-23 16:16:08.657   1622   1622 D Camera2ClientBase:  Camera 1: Shutting down
04-23 16:16:08.657   1358  32739 I CamX:  [CORE_CFG][CSL    ] camxcslhw.cpp:1102 CSLAcquireDeviceHW() DeviceAcquired: Name=CSLHwICP phDevice=3473669 name:/dev/v4l-subdev12 dIndex 9 hIndex 5 sessionName RealTimeFeatureNZSLSnapshotRDI
04-23 16:16:08.659   1358  32737 I CamX:  [CORE_CFG][CSL    ] camxcslhw.cpp:1102 CSLAcquireDeviceHW() DeviceAcquired: Name=CSLHwICP phDevice=12910854 name:/dev/v4l-subdev12 dIndex 9 hIndex 6 sessionName RealTimeFeatureNZSLSnapshotRDI
04-23 16:16:08.660   1358  32736 I CamX:  [CORE_CFG][CORE   ] camxpipeline.h:3445 SetPipelineStatus() RealTimeFeatureZSLPreviewRaw_0_cam_1 status is now PipelineStatus::PRE_FINALIZED
04-23 16:16:08.660   1358   1358 I CamX:  [CORE_CFG][HAL    ] camxhal3.cpp:1432 flush() HalOp: Begin FLUSH: 0xb400007def8046c0, logicalCameraId: 1, cameraId: 1
04-23 16:16:08.660   1358   1358 I CamX:  [CORE_CFG][HAL    ] camxhal3.cpp:1444 flush() HalOp: End FLUSH: 0xb400007def8046c0 with result 0, logicalCameraId: 1, cameraId: 1
04-23 16:16:08.660   1622   1622 I Camera3-Device:  disconnectImpl: E
04-23 16:16:08.661   1358   1358 I CamX:  [CORE_CFG][HAL    ] camxhal3.cpp:847 close() HalOp: Begin CLOSE, logicalCameraId: 1, cameraId: 1
04-23 16:16:08.662   1364   1364 I SDM:  ResourceImpl::SetMaxBandwidthMode: new bandwidth mode=0
04-23 16:16:08.663   1358   1358 I CamX:  [CORE_CFG][CORE   ] camxsession.cpp:1191 Pause() Pause:0 session 0xb400007ae4d343d0 RealTimeFeatureZSLPreviewRaw
04-23 16:16:08.663   1358   1358 I CamX:  [CORE_CFG][CORE   ] camxdeferredrequestqueue.cpp:91 Pause() DRQ is resuming, session 0xb400007ae4d343d0
04-23 16:16:08.663   1358   1358 I CamX:  [CORE_CFG][CORE   ] camxpipeline.cpp:185 Pause() RealTimeFeatureZSLPreviewRaw_0_cam_1 is being Paused:0
04-23 16:16:08.663   1358   1358 I CamX:  [CORE_CFG][CORE   ] camxnode.cpp:236 Pause() RealTimeFeatureZSLPreviewRaw_Sensor0_cam1 is being paused:0
04-23 16:16:08.663   1358   1358 I CamX:  [CORE_CFG][CORE   ] camxnode.cpp:240 Pause() RealTimeFeatureZSLPreviewRaw_Sensor0_cam1 is being signalled
04-23 16:16:08.663   1358   1358 I CamX:  [CORE_CFG][CORE   ] camxnode.cpp:236 Pause() RealTimeFeatureZSLPreviewRaw_Stats0_cam1 is being paused:0
04-23 16:16:08.663   1358   1358 I CamX:  [CORE_CFG][CORE   ] camxnode.cpp:240 Pause() RealTimeFeatureZSLPreviewRaw_Stats0_cam1 is being signalled
04-23 16:16:08.663   1358   1358 I CamX:  [CORE_CFG][CORE   ] camxnode.cpp:236 Pause() RealTimeFeatureZSLPreviewRaw_AWB0_cam1 is being paused:0
04-23 16:16:08.663   1358   1358 I CamX:  [CORE_CFG][CORE   ] camxnode.cpp:240 Pause() RealTimeFeatureZSLPreviewRaw_AWB0_cam1 is being signalled
04-23 16:16:08.663   1358   1358 I CamX:  [CORE_CFG][CORE   ] camxnode.cpp:236 Pause() RealTimeFeatureZSLPreviewRaw_com.qti.node.gme0_cam1 is being paused:0
04-23 16:16:08.663   1358   1358 I CamX:  [CORE_CFG][CORE   ] camxnode.cpp:240 Pause() RealTimeFeatureZSLPreviewRaw_com.qti.node.gme0_cam1 is being signalled
04-23 16:16:08.663   1358   1358 I CamX:  [CORE_CFG][CORE   ] camxnode.cpp:236 Pause() RealTimeFeatureZSLPreviewRaw_com.qti.node.swhme4_cam1 is being paused:0
04-23 16:16:08.663   1358   1358 I CamX:  [CORE_CFG][CORE   ] camxnode.cpp:240 Pause() RealTimeFeatureZSLPreviewRaw_com.qti.node.swhme4_cam1 is being signalled
04-23 16:16:08.663   1358   1358 I CamX:  [CORE_CFG][CORE   ] camxnode.cpp:236 Pause() RealTimeFeatureZSLPreviewRaw_AutoFocus0_cam1 is being paused:0
04-23 16:16:08.663   1358   1358 I CamX:  [CORE_CFG][CORE   ] camxnode.cpp:240 Pause() RealTimeFeatureZSLPreviewRaw_AutoFocus0_cam1 is being signalled
04-23 16:16:08.663   1358   1358 I CamX:  [CORE_CFG][CORE   ] camxnode.cpp:236 Pause() RealTimeFeatureZSLPreviewRaw_IPE0_cam1 is being paused:0
04-23 16:16:08.663   1358   1358 I CamX:  [CORE_CFG][CORE   ] camxnode.cpp:240 Pause() RealTimeFeatureZSLPreviewRaw_IPE0_cam1 is being signalled
04-23 16:16:08.663   1358   1358 I CamX:  [CORE_CFG][CORE   ] camxnode.cpp:236 Pause() RealTimeFeatureZSLPreviewRaw_IPE1_cam1 is being paused:0
04-23 16:16:08.663   1358   1358 I CamX:  [CORE_CFG][CORE   ] camxnode.cpp:240 Pause() RealTimeFeatureZSLPreviewRaw_IPE1_cam1 is being signalled
04-23 16:16:08.663   1358   1358 I CamX:  [CORE_CFG][CORE   ] camxnode.cpp:236 Pause() RealTimeFeatureZSLPreviewRaw_IPE2_cam1 is being paused:0
04-23 16:16:08.663   1358   1358 I CamX:  [CORE_CFG][CORE   ] camxnode.cpp:240 Pause() RealTimeFeatureZSLPreviewRaw_IPE2_cam1 is being signalled
04-23 16:16:08.663   1358   1358 I CamX:  [CORE_CFG][CORE   ] camxnode.cpp:236 Pause() RealTimeFeatureZSLPreviewRaw_TFE0_cam1 is being paused:0
04-23 16:16:08.663   1358   1358 I CamX:  [CORE_CFG][CORE   ] camxnode.cpp:240 Pause() RealTimeFeatureZSLPreviewRaw_TFE0_cam1 is being signalled
04-23 16:16:08.663   1358   1358 I CamX:  [CORE_CFG][CORE   ] camxnode.cpp:236 Pause() RealTimeFeatureZSLPreviewRaw_FDManager0_cam1 is being paused:0
04-23 16:16:08.663   1358   1358 I CamX:  [CORE_CFG][CORE   ] camxnode.cpp:240 Pause() RealTimeFeatureZSLPreviewRaw_FDManager0_cam1 is being signalled
04-23 16:16:08.663   1358   1358 I CamX:  [CORE_CFG][CORE   ] camxnode.cpp:236 Pause() RealTimeFeatureZSLPreviewRaw_StatsParse0_cam1 is being paused:0
04-23 16:16:08.663   1358   1358 I CamX:  [CORE_CFG][CORE   ] camxnode.cpp:240 Pause() RealTimeFeatureZSLPreviewRaw_StatsParse0_cam1 is being signalled
04-23 16:16:08.663   1358   1358 I CHIUSECASE:  [CORE_CFG ] chifeature2base.cpp:1039 ExecuteFlushHelper() pSessionData isFlushInProgress FALSE Feature RealTime Session RealTime
04-23 16:16:08.664   1358   1358 I CamX:  [CORE_CFG][CORE   ] camxsession.cpp:1191 Pause() Pause:0 session 0xb400007ae4d343d0 RealTimeFeatureZSLPreviewRaw
04-23 16:16:08.664   1358   1358 I CamX:  [CORE_CFG][CORE   ] camxdeferredrequestqueue.cpp:91 Pause() DRQ is resuming, session 0xb400007ae4d343d0
04-23 16:16:08.664   1358   1358 I CamX:  [CORE_CFG][CORE   ] camxpipeline.cpp:185 Pause() RealTimeFeatureZSLPreviewRaw_0_cam_1 is being Paused:0
04-23 16:16:08.664   1358   1358 I CamX:  [CORE_CFG][CORE   ] camxnode.cpp:236 Pause() RealTimeFeatureZSLPreviewRaw_Sensor0_cam1 is being paused:0
04-23 16:16:08.664   1358   1358 I CamX:  [CORE_CFG][CORE   ] camxnode.cpp:240 Pause() RealTimeFeatureZSLPreviewRaw_Sensor0_cam1 is being signalled
04-23 16:16:08.664   1358   1358 I CamX:  [CORE_CFG][CORE   ] camxnode.cpp:236 Pause() RealTimeFeatureZSLPreviewRaw_Stats0_cam1 is being paused:0
04-23 16:16:08.664   1358   1358 I CamX:  [CORE_CFG][CORE   ] camxnode.cpp:240 Pause() RealTimeFeatureZSLPreviewRaw_Stats0_cam1 is being signalled
04-23 16:16:08.664   1358   1358 I CamX:  [CORE_CFG][CORE   ] camxnode.cpp:236 Pause() RealTimeFeatureZSLPreviewRaw_AWB0_cam1 is being paused:0
04-23 16:16:08.664   1358   1358 I CamX:  [CORE_CFG][CORE   ] camxnode.cpp:240 Pause() RealTimeFeatureZSLPreviewRaw_AWB0_cam1 is being signalled
04-23 16:16:08.664   1358   1358 I CamX:  [CORE_CFG][CORE   ] camxnode.cpp:236 Pause() RealTimeFeatureZSLPreviewRaw_com.qti.node.gme0_cam1 is being paused:0
04-23 16:16:08.664   1358   1358 I CamX:  [CORE_CFG][CORE   ] camxnode.cpp:240 Pause() RealTimeFeatureZSLPreviewRaw_com.qti.node.gme0_cam1 is being signalled
04-23 16:16:08.664   1358   1358 I CamX:  [CORE_CFG][CORE   ] camxnode.cpp:236 Pause() RealTimeFeatureZSLPreviewRaw_com.qti.node.swhme4_cam1 is being paused:0
04-23 16:16:08.664   1358   1358 I CamX:  [CORE_CFG][CORE   ] camxnode.cpp:240 Pause() RealTimeFeatureZSLPreviewRaw_com.qti.node.swhme4_cam1 is being signalled
04-23 16:16:08.664   1358   1358 I CamX:  [CORE_CFG][CORE   ] camxnode.cpp:236 Pause() RealTimeFeatureZSLPreviewRaw_AutoFocus0_cam1 is being paused:0
04-23 16:16:08.664   1358   1358 I CamX:  [CORE_CFG][CORE   ] camxnode.cpp:240 Pause() RealTimeFeatureZSLPreviewRaw_AutoFocus0_cam1 is being signalled
04-23 16:16:08.664   1358   1358 I CamX:  [CORE_CFG][CORE   ] camxnode.cpp:236 Pause() RealTimeFeatureZSLPreviewRaw_IPE0_cam1 is being paused:0
04-23 16:16:08.664   1358   1358 I CamX:  [CORE_CFG][CORE   ] camxnode.cpp:240 Pause() RealTimeFeatureZSLPreviewRaw_IPE0_cam1 is being signalled
04-23 16:16:08.664   1358   1358 I CamX:  [CORE_CFG][CORE   ] camxnode.cpp:236 Pause() RealTimeFeatureZSLPreviewRaw_IPE1_cam1 is being paused:0
04-23 16:16:08.664   1358   1358 I CamX:  [CORE_CFG][CORE   ] camxnode.cpp:240 Pause() RealTimeFeatureZSLPreviewRaw_IPE1_cam1 is being signalled
04-23 16:16:08.664   1358   1358 I CamX:  [CORE_CFG][CORE   ] camxnode.cpp:236 Pause() RealTimeFeatureZSLPreviewRaw_IPE2_cam1 is being paused:0
04-23 16:16:08.664   1358   1358 I CamX:  [CORE_CFG][CORE   ] camxnode.cpp:240 Pause() RealTimeFeatureZSLPreviewRaw_IPE2_cam1 is being signalled
04-23 16:16:08.664   1358   1358 I CamX:  [CORE_CFG][CORE   ] camxnode.cpp:236 Pause() RealTimeFeatureZSLPreviewRaw_TFE0_cam1 is being paused:0
04-23 16:16:08.664   1358   1358 I CamX:  [CORE_CFG][CORE   ] camxnode.cpp:240 Pause() RealTimeFeatureZSLPreviewRaw_TFE0_cam1 is being signalled
04-23 16:16:08.664   1358   1358 I CamX:  [CORE_CFG][CORE   ] camxnode.cpp:236 Pause() RealTimeFeatureZSLPreviewRaw_FDManager0_cam1 is being paused:0
04-23 16:16:08.664   1358   1358 I CamX:  [CORE_CFG][CORE   ] camxnode.cpp:240 Pause() RealTimeFeatureZSLPreviewRaw_FDManager0_cam1 is being signalled
04-23 16:16:08.664   1358   1358 I CamX:  [CORE_CFG][CORE   ] camxnode.cpp:236 Pause() RealTimeFeatureZSLPreviewRaw_StatsParse0_cam1 is being paused:0
04-23 16:16:08.664   1358   1358 I CamX:  [CORE_CFG][CORE   ] camxnode.cpp:240 Pause() RealTimeFeatureZSLPreviewRaw_StatsParse0_cam1 is being signalled
04-23 16:16:08.664   1358   1358 I CamX:  [CORE_CFG][CORE   ] camxsession.cpp:1191 Pause() Pause:0 session 0xb400007ae4d343d0 RealTimeFeatureZSLPreviewRaw
04-23 16:16:08.664   1358   1358 I CamX:  [CORE_CFG][CORE   ] camxdeferredrequestqueue.cpp:91 Pause() DRQ is resuming, session 0xb400007ae4d343d0
04-23 16:16:08.664   1358   1358 I CamX:  [CORE_CFG][CORE   ] camxpipeline.cpp:185 Pause() RealTimeFeatureZSLPreviewRaw_0_cam_1 is being Paused:0
04-23 16:16:08.664   1358   1358 I CamX:  [CORE_CFG][CORE   ] camxnode.cpp:236 Pause() RealTimeFeatureZSLPreviewRaw_Sensor0_cam1 is being paused:0
04-23 16:16:08.664   1358   1358 I CamX:  [CORE_CFG][CORE   ] camxnode.cpp:240 Pause() RealTimeFeatureZSLPreviewRaw_Sensor0_cam1 is being signalled
04-23 16:16:08.664   1358   1358 I CamX:  [CORE_CFG][CORE   ] camxnode.cpp:236 Pause() RealTimeFeatureZSLPreviewRaw_Stats0_cam1 is being paused:0
04-23 16:16:08.664   1358   1358 I CamX:  [CORE_CFG][CORE   ] camxnode.cpp:240 Pause() RealTimeFeatureZSLPreviewRaw_Stats0_cam1 is being signalled
04-23 16:16:08.664   1358   1358 I CamX:  [CORE_CFG][CORE   ] camxnode.cpp:236 Pause() RealTimeFeatureZSLPreviewRaw_AWB0_cam1 is being paused:0
04-23 16:16:08.664   1358   1358 I CamX:  [CORE_CFG][CORE   ] camxnode.cpp:240 Pause() RealTimeFeatureZSLPreviewRaw_AWB0_cam1 is being signalled
04-23 16:16:08.664   1358   1358 I CamX:  [CORE_CFG][CORE   ] camxnode.cpp:236 Pause() RealTimeFeatureZSLPreviewRaw_com.qti.node.gme0_cam1 is being paused:0
04-23 16:16:08.664   1358   1358 I CamX:  [CORE_CFG][CORE   ] camxnode.cpp:240 Pause() RealTimeFeatureZSLPreviewRaw_com.qti.node.gme0_cam1 is being signalled
04-23 16:16:08.664   1358   1358 I CamX:  [CORE_CFG][CORE   ] camxnode.cpp:236 Pause() RealTimeFeatureZSLPreviewRaw_com.qti.node.swhme4_cam1 is being paused:0
04-23 16:16:08.664   1358   1358 I CamX:  [CORE_CFG][CORE   ] camxnode.cpp:240 Pause() RealTimeFeatureZSLPreviewRaw_com.qti.node.swhme4_cam1 is being signalled
04-23 16:16:08.664   1358   1358 I CamX:  [CORE_CFG][CORE   ] camxnode.cpp:236 Pause() RealTimeFeatureZSLPreviewRaw_AutoFocus0_cam1 is being paused:0
04-23 16:16:08.664   1358   1358 I CamX:  [CORE_CFG][CORE   ] camxnode.cpp:240 Pause() RealTimeFeatureZSLPreviewRaw_AutoFocus0_cam1 is being signalled
04-23 16:16:08.664   1358   1358 I CamX:  [CORE_CFG][CORE   ] camxnode.cpp:236 Pause() RealTimeFeatureZSLPreviewRaw_IPE0_cam1 is being paused:0
04-23 16:16:08.664   1358   1358 I CamX:  [CORE_CFG][CORE   ] camxnode.cpp:240 Pause() RealTimeFeatureZSLPreviewRaw_IPE0_cam1 is being signalled
04-23 16:16:08.664   1358   1358 I CamX:  [CORE_CFG][CORE   ] camxnode.cpp:236 Pause() RealTimeFeatureZSLPreviewRaw_IPE1_cam1 is being paused:0
04-23 16:16:08.664   1358   1358 I CamX:  [CORE_CFG][CORE   ] camxnode.cpp:240 Pause() RealTimeFeatureZSLPreviewRaw_IPE1_cam1 is being signalled
04-23 16:16:08.664   1358   1358 I CamX:  [CORE_CFG][CORE   ] camxnode.cpp:236 Pause() RealTimeFeatureZSLPreviewRaw_IPE2_cam1 is being paused:0
04-23 16:16:08.664   1358   1358 I CamX:  [CORE_CFG][CORE   ] camxnode.cpp:240 Pause() RealTimeFeatureZSLPreviewRaw_IPE2_cam1 is being signalled
04-23 16:16:08.664   1358   1358 I CamX:  [CORE_CFG][CORE   ] camxnode.cpp:236 Pause() RealTimeFeatureZSLPreviewRaw_TFE0_cam1 is being paused:0
04-23 16:16:08.664   1358   1358 I CamX:  [CORE_CFG][CORE   ] camxnode.cpp:240 Pause() RealTimeFeatureZSLPreviewRaw_TFE0_cam1 is being signalled
04-23 16:16:08.664   1358   1358 I CamX:  [CORE_CFG][CORE   ] camxnode.cpp:236 Pause() RealTimeFeatureZSLPreviewRaw_FDManager0_cam1 is being paused:0
04-23 16:16:08.664   1358   1358 I CamX:  [CORE_CFG][CORE   ] camxnode.cpp:240 Pause() RealTimeFeatureZSLPreviewRaw_FDManager0_cam1 is being signalled
04-23 16:16:08.665   1358   1358 I CamX:  [CORE_CFG][CORE   ] camxnode.cpp:236 Pause() RealTimeFeatureZSLPreviewRaw_StatsParse0_cam1 is being paused:0
04-23 16:16:08.665   1358   1358 I CamX:  [CORE_CFG][CORE   ] camxnode.cpp:240 Pause() RealTimeFeatureZSLPreviewRaw_StatsParse0_cam1 is being signalled
04-23 16:16:08.665   1358   1358 I CamX:  [CORE_CFG][CORE   ] camxsession.cpp:1553 Destroy() Session (0xb400007ae4d343d0) Destroy RealTimeFeatureZSLPreviewRaw
04-23 16:16:08.666   1358  32700 I CamX:  [CORE_CFG][CORE   ] camxpipeline.cpp:236 Destroy() Destroying RealTimeFeatureZSLPreviewRaw_0
04-23 16:16:08.667   1358  32700 I CamX:  [CORE_CFG][SENSOR ] camxsensornode.cpp:641 ~SensorNode() Sensor[1] [xenon] jobName: xenon_camera_1, destroy pipeline[0]
04-23 16:16:08.667   1358  32700 I CamX:  [CORE_CFG][SENSOR ] camxsensornode.cpp:247 MustRelease() cameraId=1 subDevice: CSIPHY, bReleaseDevice=1
04-23 16:16:08.667   1358  32700 I CamX:  [CORE_CFG][CSL    ] camxcslhw.cpp:1401 CSLReleaseDeviceHW() hCSL release success: 4063744, cslDeviceIndex 2 oishandle, hDevice 852226 name:CSLHwCSIPHY
04-23 16:16:08.667   1358  32700 I CamX:  [CORE_CFG][SENSOR ] camxsensornode.cpp:278 ReleaseOneSubDevice() Released CameraId=1 CSLSession=0x3e0200 refCount=1 Subdevice: CSIPHY subDevHandle=0xd0102
04-23 16:16:08.667   1358  32700 I CamX:  [CORE_CFG][SENSOR ] camxsensornode.cpp:247 MustRelease() cameraId=1 subDevice: Sensor, bReleaseDevice=1
04-23 16:16:08.668   1358  32700 I CamX:  [CORE_CFG][CSL    ] camxcslhw.cpp:1401 CSLReleaseDeviceHW() hCSL release success: 4063744, cslDeviceIndex 12 oishandle, hDevice 1245441 name:CSLHwImageSensor
04-23 16:16:08.668   1358  32700 I CamX:  [CORE_CFG][SENSOR ] camxsensornode.cpp:278 ReleaseOneSubDevice() Released CameraId=1 CSLSession=0x3e0200 refCount=0 Subdevice: Sensor subDevHandle=0x130101
04-23 16:16:08.668   1358  32700 I CamX:  [CORE_CFG][SENSOR ] camxsensornode.cpp:283 ReleaseOneSubDevice() CameraId=1 CSLClose(0x3e0200)
04-23 16:16:08.656   2076   2076 I CAM_ERR:  CAM-SENSOR: cam_sensor_i2c_modes_util: 434 Skipping scanengine cam_sensor_i2c_modes_util
04-23 16:16:08.672   1266   1322 E minksocket:  MinkIPC_QRTR_Service: client with node 1 port 4697 went down
04-23 16:16:08.679   1266   1322 E minksocket:  MinkIPC_QRTR_Service: client with node 1 port 4692 went down
04-23 16:16:08.677  32742  32742 W cat:  type=1400 audit(0.0:3079): avc:  denied  { read } for  name="address" dev="sysfs" ino=111990 scontext=u:r:shell:s0 tcontext=u:object_r:sysfs_net:s0 tclass=file permissive=0 bug=b/329380904
04-23 16:16:08.684   1358  32700 I CamX:  [CORE_CFG][CSL    ] camxcslhw.cpp:1401 CSLReleaseDeviceHW() hCSL release success: 4063744, cslDeviceIndex 9 oishandle, hDevice 12910854 name:CSLHwICP
04-23 16:16:08.682  32700  32700 I CAM_INFO:  CAM-SENSOR: cam_sensor_driver_cmd: 1200 CAM_RELEASE_DEV Success for xenon sensor_id:0x4500, slave_addr:0xb8
04-23 16:16:08.689   1358  32700 I CamX:  [CORE_CFG][CSL    ] camxcslhw.cpp:1401 CSLReleaseDeviceHW() hCSL release success: 4063744, cslDeviceIndex 9 oishandle, hDevice 3473669 name:CSLHwICP
04-23 16:16:08.695   1358  32700 I CamX:  [CORE_CFG][CSL    ] camxcslhw.cpp:1401 CSLReleaseDeviceHW() hCSL release success: 4063744, cslDeviceIndex 9 oishandle, hDevice 10158340 name:CSLHwICP
04-23 16:16:08.698   1358  32700 I CamX:  [CORE_CFG][CSL    ] camxcslhw.cpp:1401 CSLReleaseDeviceHW() hCSL release success: 4063744, cslDeviceIndex 0 oishandle, hDevice 13369603 name:CSLHwTFE
04-23 16:16:08.699   1358  32700 I CamX:  [CORE_CFG][FD     ] camxfdmanagernode.cpp:118 ~FDManagerNode() Node[RealTimeFeatureZSLPreviewRaw_FDManager0_cam1] FD frames processed 0 skipped 0 total frames 0
04-23 16:16:08.701   1266   1322 E minksocket:  MinkIPC_QRTR_Service: client with node 1 port 469c went down
04-23 16:16:08.701   1358  32700 W CamX:  [ WARN][CSL    ] camxcslhw.cpp:490 CSLCloseHW() Current number of existing acquired devices: 7 for session: RealTimeFeatureNZSLSnapshotRDI(0x3e0200), Handle Index: 0
04-23 16:16:08.711   1358  32698 I CHIUSECASE:  [CORE_CFG ] chxextensionmodule.cpp:6134 RequestThreadProcessing() Terminating recovery thread for logical cameraId: 1
04-23 16:16:08.712   5949   6116 I ThermalEngine:  Thermal-Server: removing client on fd 80
04-23 16:16:08.712   1358   1358 I Thermal-Lib:  thermal_bandwidth_client_cancel_request: Removing all bw request for camera_bw_1
04-23 16:16:08.712   1358   1358 I CamX:  [CORE_CFG][HAL    ] camxhaldevice.cpp:2272 CloseCachedSensorHandles() Releasing resources for Logical CameraID=1, PhysicalID=1
04-23 16:16:08.712   1358   1358 I CamX:  [CORE_CFG][HAL    ] camxhal3.cpp:866 close() HalOp: End CLOSE, logicalCameraId: 1, cameraId: 1
04-23 16:16:08.712   1358   1358 I CamX:  [CORE_CFG][HAL    ] camxthermalmanager.cpp:183 UnregisterHALDevice() Unregistered pHALDevice=0xb400007def8046b0 CameraId=1
04-23 16:16:08.714   1622   1622 I Camera3-Device:  disconnectImpl: X
04-23 16:16:08.716   5082   5151 W libc:  Access denied finding property "vendor.camera.aux.packagelist"
04-23 16:16:08.717   1622   1622 I CameraService:  disconnect: Disconnected client for camera 1 for PID 5082
04-23 16:16:08.718   1622   1622 D cameraserver:  logFgsApiEnd: FGS Logger Transaction failed, -129
04-23 16:16:08.718   1622   5281 D Camera2ClientBase:  Camera 1: start to disconnect
04-23 16:16:08.718   1622   5281 D Camera2ClientBase:  Camera 1: serializationLock acquired
04-23 16:16:08.718   1622   5281 D Camera2ClientBase:  Camera 1: Shutting down
04-23 16:16:08.718   1622   5281 I Camera3-Device:  disconnectImpl: E
04-23 16:16:08.718   1622   5281 I Camera2ClientBase:  ~Camera2ClientBase: Client object's dtor for Camera Id 1 completed. Client was: client.pid<5082> (PID 5082, UID 1000)
04-23 16:16:08.718   1622   5281 I Camera3-Device:  disconnectImpl: E
04-23 16:16:08.718   1622   5281 I Camera3DeviceInjectionMethods:  injectionDisconnectImpl: Injection camera disconnect
04-23 16:16:08.721  32749  32749 W cat:  type=1400 audit(0.0:3080): avc:  denied  { read } for  name="address" dev="sysfs" ino=111990 scontext=u:r:shell:s0 tcontext=u:object_r:sysfs_net:s0 tclass=file permissive=0 bug=b/329380904
04-23 16:16:08.726   5082  23554 V DL-ScannerServer:  close() completed
04-23 16:16:08.727   5082  23554 V DL-ScannerServer:  srequestSuspend completed return 0 counter 1
04-23 16:16:08.727   2096   3787 V DL-NativeProxy:  suspend successfully completed
04-23 16:16:08.728   2096   2181 W system_server:  Long monitor contention with owner PhotonicModulator (3787) at void com.android.server.power.PowerManagerService$2.onDisplayStateChange(boolean, boolean)(PowerManagerService.java:3986) waiters=0 in void com.android.server.power.PowerManagerService.setScreenBrightnessOverrideFromWindowManagerInternal(float) for 185ms
04-23 16:16:08.903   4037   4037 I [dp_rx_][0xbf78abf9d][09: 16:08.889025] qca6490: [4037:I:QDF] DHCP-R RX: SA:a2:ef:80:08:d9:1e DA:ff:ff:ff:ff:ff:ff
04-23 16:16:08.958    394    394 I servicemanager:  Caller(pid=2096,uid=1000,sid=u:r:system_server:s0) Since 'artd' could not be found trying to start it as a lazy AIDL service. (if it's not configured to be a lazy service, it may be stuck starting or still starting).
04-23 16:16:08.987    321    321 I artd:  MMAP_TRYLOCK is supported in uffd errno:2 addr:0x7838dca000 size:4096
04-23 16:16:08.988    321    321 I artd:  Starting artd
04-23 16:16:08.989    321    321 I AidlLazyServiceRegistrar:  Registering service artd
04-23 16:16:08.991    321    321 I AidlLazyServiceRegistrar:  Process has 1 (of 1 available) client(s) in use after notification artd has clients: 1
04-23 16:16:09.005    394    394 I servicemanager:  Notifying artd they do (previously: don't) have clients when service is guaranteed to be in use
04-23 16:16:09.046    321    328 I artd:  Dex parent of /data/app/~~BLzfeNix6EWBNb8S9t5FBw==/com.google.android.gms-JAPluHI-vJ2Do9KMFPgF_Q==/base.apk is not writable: Permission denied
04-23 16:16:09.046    321    328 I artd:  GetBestInfo checking odex in dalvik-cache (/data/dalvik-cache/arm64/data@app@~~BLzfeNix6EWBNb8S9t5FBw==@com.google.android.gms-JAPluHI-vJ2Do9KMFPgF_Q==@base.apk@classes.dex)
04-23 16:16:09.046    321    328 I artd:  Loading /data/dalvik-cache/arm64/data@app@~~BLzfeNix6EWBNb8S9t5FBw==@com.google.android.gms-JAPluHI-vJ2Do9KMFPgF_Q==@base.apk@classes.dex with executable: 0
04-23 16:16:09.046    321    328 I artd:  OatFileAssistant test for existing oat file /data/dalvik-cache/arm64/data@app@~~BLzfeNix6EWBNb8S9t5FBw==@com.google.android.gms-JAPluHI-vJ2Do9KMFPgF_Q==@base.apk@classes.dex: File /data/dalvik-cache/arm64/data@app@~~BLzfeNix6EWBNb8S9t5FBw==@com.google.android.gms-JAPluHI-vJ2Do9KMFPgF_Q==@base.apk@classes.vdex does not exist.
04-23 16:16:09.046    321    328 I artd:  GetBestInfo checking odex next to the dex file (/data/app/~~BLzfeNix6EWBNb8S9t5FBw==/com.google.android.gms-JAPluHI-vJ2Do9KMFPgF_Q==/oat/arm64/base.odex)
04-23 16:16:09.046    321    328 I artd:  Loading /data/app/~~BLzfeNix6EWBNb8S9t5FBw==/com.google.android.gms-JAPluHI-vJ2Do9KMFPgF_Q==/oat/arm64/base.odex with executable: 0
04-23 16:16:09.047    321    328 I artd:  Successfully loaded /data/app/~~BLzfeNix6EWBNb8S9t5FBw==/com.google.android.gms-JAPluHI-vJ2Do9KMFPgF_Q==/oat/arm64/base.odex with executable: 0
04-23 16:16:09.048    321    328 I artd:  /data/app/~~BLzfeNix6EWBNb8S9t5FBw==/com.google.android.gms-JAPluHI-vJ2Do9KMFPgF_Q==/oat/arm64/base.odex is kOatUpToDate with filter speed-profile
04-23 16:16:09.048    321    328 I artd:  Dex parent of /data/app/~~BLzfeNix6EWBNb8S9t5FBw==/com.google.android.gms-JAPluHI-vJ2Do9KMFPgF_Q==/base.apk is not writable: Permission denied
04-23 16:16:09.048    321    328 I artd:  GetBestInfo checking odex in dalvik-cache (/data/dalvik-cache/arm/data@app@~~BLzfeNix6EWBNb8S9t5FBw==@com.google.android.gms-JAPluHI-vJ2Do9KMFPgF_Q==@base.apk@classes.dex)
04-23 16:16:09.049    321    328 I artd:  Loading /data/dalvik-cache/arm/data@app@~~BLzfeNix6EWBNb8S9t5FBw==@com.google.android.gms-JAPluHI-vJ2Do9KMFPgF_Q==@base.apk@classes.dex with executable: 0
04-23 16:16:09.049    321    328 I artd:  OatFileAssistant test for existing oat file /data/dalvik-cache/arm/data@app@~~BLzfeNix6EWBNb8S9t5FBw==@com.google.android.gms-JAPluHI-vJ2Do9KMFPgF_Q==@base.apk@classes.dex: File /data/dalvik-cache/arm/data@app@~~BLzfeNix6EWBNb8S9t5FBw==@com.google.android.gms-JAPluHI-vJ2Do9KMFPgF_Q==@base.apk@classes.vdex does not exist.
04-23 16:16:09.049    321    328 I artd:  GetBestInfo checking odex next to the dex file (/data/app/~~BLzfeNix6EWBNb8S9t5FBw==/com.google.android.gms-JAPluHI-vJ2Do9KMFPgF_Q==/oat/arm/base.odex)
04-23 16:16:09.049    321    328 I artd:  Loading /data/app/~~BLzfeNix6EWBNb8S9t5FBw==/com.google.android.gms-JAPluHI-vJ2Do9KMFPgF_Q==/oat/arm/base.odex with executable: 0
04-23 16:16:09.050    321    328 I artd:  Successfully loaded /data/app/~~BLzfeNix6EWBNb8S9t5FBw==/com.google.android.gms-JAPluHI-vJ2Do9KMFPgF_Q==/oat/arm/base.odex with executable: 0
04-23 16:16:09.050    321    328 I artd:  /data/app/~~BLzfeNix6EWBNb8S9t5FBw==/com.google.android.gms-JAPluHI-vJ2Do9KMFPgF_Q==/oat/arm/base.odex is kOatUpToDate with filter speed-profile
04-23 16:16:09.051    321    328 I artd:  Dex parent of /data/app/~~BLzfeNix6EWBNb8S9t5FBw==/com.google.android.gms-JAPluHI-vJ2Do9KMFPgF_Q==/split_AdsDynamite_installtime.apk is not writable: Permission denied
04-23 16:16:09.052    321    328 I artd:  GetBestInfo checking odex in dalvik-cache (/data/dalvik-cache/arm64/data@app@~~BLzfeNix6EWBNb8S9t5FBw==@com.google.android.gms-JAPluHI-vJ2Do9KMFPgF_Q==@split_AdsDynamite_installtime.apk@classes.dex)
04-23 16:16:09.052    321    328 I artd:  Loading /data/dalvik-cache/arm64/data@app@~~BLzfeNix6EWBNb8S9t5FBw==@com.google.android.gms-JAPluHI-vJ2Do9KMFPgF_Q==@split_AdsDynamite_installtime.apk@classes.dex with executable: 0
04-23 16:16:09.052    321    328 I artd:  OatFileAssistant test for existing oat file /data/dalvik-cache/arm64/data@app@~~BLzfeNix6EWBNb8S9t5FBw==@com.google.android.gms-JAPluHI-vJ2Do9KMFPgF_Q==@split_AdsDynamite_installtime.apk@classes.dex: File /data/dalvik-cache/arm64/data@app@~~BLzfeNix6EWBNb8S9t5FBw==@com.google.android.gms-JAPluHI-vJ2Do9KMFPgF_Q==@split_AdsDynamite_installtime.apk@classes.vdex does not exist.
04-23 16:16:09.052    321    328 I artd:  GetBestInfo checking odex next to the dex file (/data/app/~~BLzfeNix6EWBNb8S9t5FBw==/com.google.android.gms-JAPluHI-vJ2Do9KMFPgF_Q==/oat/arm64/split_AdsDynamite_installtime.odex)
04-23 16:16:09.052    321    328 I artd:  Loading /data/app/~~BLzfeNix6EWBNb8S9t5FBw==/com.google.android.gms-JAPluHI-vJ2Do9KMFPgF_Q==/oat/arm64/split_AdsDynamite_installtime.odex with executable: 0
04-23 16:16:09.052    321    328 I artd:  Successfully loaded /data/app/~~BLzfeNix6EWBNb8S9t5FBw==/com.google.android.gms-JAPluHI-vJ2Do9KMFPgF_Q==/oat/arm64/split_AdsDynamite_installtime.odex with executable: 0
04-23 16:16:09.052    321    328 I artd:  /data/app/~~BLzfeNix6EWBNb8S9t5FBw==/com.google.android.gms-JAPluHI-vJ2Do9KMFPgF_Q==/oat/arm64/split_AdsDynamite_installtime.odex is kOatUpToDate with filter speed
04-23 16:16:09.053    321    328 I artd:  Dex parent of /data/app/~~BLzfeNix6EWBNb8S9t5FBw==/com.google.android.gms-JAPluHI-vJ2Do9KMFPgF_Q==/split_AdsDynamite_installtime.apk is not writable: Permission denied
04-23 16:16:09.053    321    328 I artd:  GetBestInfo checking odex in dalvik-cache (/data/dalvik-cache/arm/data@app@~~BLzfeNix6EWBNb8S9t5FBw==@com.google.android.gms-JAPluHI-vJ2Do9KMFPgF_Q==@split_AdsDynamite_installtime.apk@classes.dex)
04-23 16:16:09.053    321    328 I artd:  Loading /data/dalvik-cache/arm/data@app@~~BLzfeNix6EWBNb8S9t5FBw==@com.google.android.gms-JAPluHI-vJ2Do9KMFPgF_Q==@split_AdsDynamite_installtime.apk@classes.dex with executable: 0
04-23 16:16:09.054    321    328 I artd:  OatFileAssistant test for existing oat file /data/dalvik-cache/arm/data@app@~~BLzfeNix6EWBNb8S9t5FBw==@com.google.android.gms-JAPluHI-vJ2Do9KMFPgF_Q==@split_AdsDynamite_installtime.apk@classes.dex: File /data/dalvik-cache/arm/data@app@~~BLzfeNix6EWBNb8S9t5FBw==@com.google.android.gms-JAPluHI-vJ2Do9KMFPgF_Q==@split_AdsDynamite_installtime.apk@classes.vdex does not exist.
04-23 16:16:09.054    321    328 I artd:  GetBestInfo checking odex next to the dex file (/data/app/~~BLzfeNix6EWBNb8S9t5FBw==/com.google.android.gms-JAPluHI-vJ2Do9KMFPgF_Q==/oat/arm/split_AdsDynamite_installtime.odex)
04-23 16:16:09.054    321    328 I artd:  Loading /data/app/~~BLzfeNix6EWBNb8S9t5FBw==/com.google.android.gms-JAPluHI-vJ2Do9KMFPgF_Q==/oat/arm/split_AdsDynamite_installtime.odex with executable: 0
04-23 16:16:09.054    321    328 I artd:  Successfully loaded /data/app/~~BLzfeNix6EWBNb8S9t5FBw==/com.google.android.gms-JAPluHI-vJ2Do9KMFPgF_Q==/oat/arm/split_AdsDynamite_installtime.odex with executable: 0
04-23 16:16:09.054    321    328 I artd:  /data/app/~~BLzfeNix6EWBNb8S9t5FBw==/com.google.android.gms-JAPluHI-vJ2Do9KMFPgF_Q==/oat/arm/split_AdsDynamite_installtime.odex is kOatUpToDate with filter speed
04-23 16:16:09.055    321    328 I artd:  Dex parent of /data/app/~~BLzfeNix6EWBNb8S9t5FBw==/com.google.android.gms-JAPluHI-vJ2Do9KMFPgF_Q==/split_CronetDynamite_installtime.apk is not writable: Permission denied
04-23 16:16:09.055    321    328 I artd:  GetBestInfo checking odex in dalvik-cache (/data/dalvik-cache/arm64/data@app@~~BLzfeNix6EWBNb8S9t5FBw==@com.google.android.gms-JAPluHI-vJ2Do9KMFPgF_Q==@split_CronetDynamite_installtime.apk@classes.dex)
04-23 16:16:09.055    321    328 I artd:  Loading /data/dalvik-cache/arm64/data@app@~~BLzfeNix6EWBNb8S9t5FBw==@com.google.android.gms-JAPluHI-vJ2Do9KMFPgF_Q==@split_CronetDynamite_installtime.apk@classes.dex with executable: 0
04-23 16:16:09.055    321    328 I artd:  OatFileAssistant test for existing oat file /data/dalvik-cache/arm64/data@app@~~BLzfeNix6EWBNb8S9t5FBw==@com.google.android.gms-JAPluHI-vJ2Do9KMFPgF_Q==@split_CronetDynamite_installtime.apk@classes.dex: File /data/dalvik-cache/arm64/data@app@~~BLzfeNix6EWBNb8S9t5FBw==@com.google.android.gms-JAPluHI-vJ2Do9KMFPgF_Q==@split_CronetDynamite_installtime.apk@classes.vdex does not exist.
04-23 16:16:09.055    321    328 I artd:  GetBestInfo checking odex next to the dex file (/data/app/~~BLzfeNix6EWBNb8S9t5FBw==/com.google.android.gms-JAPluHI-vJ2Do9KMFPgF_Q==/oat/arm64/split_CronetDynamite_installtime.odex)
04-23 16:16:09.055    321    328 I artd:  Loading /data/app/~~BLzfeNix6EWBNb8S9t5FBw==/com.google.android.gms-JAPluHI-vJ2Do9KMFPgF_Q==/oat/arm64/split_CronetDynamite_installtime.odex with executable: 0
04-23 16:16:09.056    321    328 I artd:  Successfully loaded /data/app/~~BLzfeNix6EWBNb8S9t5FBw==/com.google.android.gms-JAPluHI-vJ2Do9KMFPgF_Q==/oat/arm64/split_CronetDynamite_installtime.odex with executable: 0
04-23 16:16:09.056    321    328 I artd:  /data/app/~~BLzfeNix6EWBNb8S9t5FBw==/com.google.android.gms-JAPluHI-vJ2Do9KMFPgF_Q==/oat/arm64/split_CronetDynamite_installtime.odex is kOatUpToDate with filter speed-profile
04-23 16:16:09.057    321    328 I artd:  Dex parent of /data/app/~~BLzfeNix6EWBNb8S9t5FBw==/com.google.android.gms-JAPluHI-vJ2Do9KMFPgF_Q==/split_CronetDynamite_installtime.apk is not writable: Permission denied
04-23 16:16:09.057    321    328 I artd:  GetBestInfo checking odex in dalvik-cache (/data/dalvik-cache/arm/data@app@~~BLzfeNix6EWBNb8S9t5FBw==@com.google.android.gms-JAPluHI-vJ2Do9KMFPgF_Q==@split_CronetDynamite_installtime.apk@classes.dex)
04-23 16:16:09.057    321    328 I artd:  Loading /data/dalvik-cache/arm/data@app@~~BLzfeNix6EWBNb8S9t5FBw==@com.google.android.gms-JAPluHI-vJ2Do9KMFPgF_Q==@split_CronetDynamite_installtime.apk@classes.dex with executable: 0
04-23 16:16:09.057    321    328 I artd:  OatFileAssistant test for existing oat file /data/dalvik-cache/arm/data@app@~~BLzfeNix6EWBNb8S9t5FBw==@com.google.android.gms-JAPluHI-vJ2Do9KMFPgF_Q==@split_CronetDynamite_installtime.apk@classes.dex: File /data/dalvik-cache/arm/data@app@~~BLzfeNix6EWBNb8S9t5FBw==@com.google.android.gms-JAPluHI-vJ2Do9KMFPgF_Q==@split_CronetDynamite_installtime.apk@classes.vdex does not exist.
04-23 16:16:09.057    321    328 I artd:  GetBestInfo checking odex next to the dex file (/data/app/~~BLzfeNix6EWBNb8S9t5FBw==/com.google.android.gms-JAPluHI-vJ2Do9KMFPgF_Q==/oat/arm/split_CronetDynamite_installtime.odex)
04-23 16:16:09.057    321    328 I artd:  Loading /data/app/~~BLzfeNix6EWBNb8S9t5FBw==/com.google.android.gms-JAPluHI-vJ2Do9KMFPgF_Q==/oat/arm/split_CronetDynamite_installtime.odex with executable: 0
04-23 16:16:09.057    321    328 I artd:  Successfully loaded /data/app/~~BLzfeNix6EWBNb8S9t5FBw==/com.google.android.gms-JAPluHI-vJ2Do9KMFPgF_Q==/oat/arm/split_CronetDynamite_installtime.odex with executable: 0
04-23 16:16:09.057    321    328 I artd:  /data/app/~~BLzfeNix6EWBNb8S9t5FBw==/com.google.android.gms-JAPluHI-vJ2Do9KMFPgF_Q==/oat/arm/split_CronetDynamite_installtime.odex is kOatUpToDate with filter speed-profile
04-23 16:16:09.058    321    328 I artd:  Dex parent of /data/app/~~BLzfeNix6EWBNb8S9t5FBw==/com.google.android.gms-JAPluHI-vJ2Do9KMFPgF_Q==/split_DynamiteLoader_installtime.apk is not writable: Permission denied
04-23 16:16:09.059    321    328 I artd:  GetBestInfo checking odex in dalvik-cache (/data/dalvik-cache/arm64/data@app@~~BLzfeNix6EWBNb8S9t5FBw==@com.google.android.gms-JAPluHI-vJ2Do9KMFPgF_Q==@split_DynamiteLoader_installtime.apk@classes.dex)
04-23 16:16:09.059    321    328 I artd:  Loading /data/dalvik-cache/arm64/data@app@~~BLzfeNix6EWBNb8S9t5FBw==@com.google.android.gms-JAPluHI-vJ2Do9KMFPgF_Q==@split_DynamiteLoader_installtime.apk@classes.dex with executable: 0
04-23 16:16:09.059    321    328 I artd:  OatFileAssistant test for existing oat file /data/dalvik-cache/arm64/data@app@~~BLzfeNix6EWBNb8S9t5FBw==@com.google.android.gms-JAPluHI-vJ2Do9KMFPgF_Q==@split_DynamiteLoader_installtime.apk@classes.dex: File /data/dalvik-cache/arm64/data@app@~~BLzfeNix6EWBNb8S9t5FBw==@com.google.android.gms-JAPluHI-vJ2Do9KMFPgF_Q==@split_DynamiteLoader_installtime.apk@classes.vdex does not exist.
04-23 16:16:09.059    321    328 I artd:  GetBestInfo checking odex next to the dex file (/data/app/~~BLzfeNix6EWBNb8S9t5FBw==/com.google.android.gms-JAPluHI-vJ2Do9KMFPgF_Q==/oat/arm64/split_DynamiteLoader_installtime.odex)
04-23 16:16:09.059    321    328 I artd:  Loading /data/app/~~BLzfeNix6EWBNb8S9t5FBw==/com.google.android.gms-JAPluHI-vJ2Do9KMFPgF_Q==/oat/arm64/split_DynamiteLoader_installtime.odex with executable: 0
04-23 16:16:09.059    321    328 I artd:  Successfully loaded /data/app/~~BLzfeNix6EWBNb8S9t5FBw==/com.google.android.gms-JAPluHI-vJ2Do9KMFPgF_Q==/oat/arm64/split_DynamiteLoader_installtime.odex with executable: 0
04-23 16:16:09.059    321    328 I artd:  /data/app/~~BLzfeNix6EWBNb8S9t5FBw==/com.google.android.gms-JAPluHI-vJ2Do9KMFPgF_Q==/oat/arm64/split_DynamiteLoader_installtime.odex is kOatUpToDate with filter speed
04-23 16:16:09.060    321    328 I artd:  Dex parent of /data/app/~~BLzfeNix6EWBNb8S9t5FBw==/com.google.android.gms-JAPluHI-vJ2Do9KMFPgF_Q==/split_DynamiteLoader_installtime.apk is not writable: Permission denied
04-23 16:16:09.060    321    328 I artd:  GetBestInfo checking odex in dalvik-cache (/data/dalvik-cache/arm/data@app@~~BLzfeNix6EWBNb8S9t5FBw==@com.google.android.gms-JAPluHI-vJ2Do9KMFPgF_Q==@split_DynamiteLoader_installtime.apk@classes.dex)
04-23 16:16:09.060    321    328 I artd:  Loading /data/dalvik-cache/arm/data@app@~~BLzfeNix6EWBNb8S9t5FBw==@com.google.android.gms-JAPluHI-vJ2Do9KMFPgF_Q==@split_DynamiteLoader_installtime.apk@classes.dex with executable: 0
04-23 16:16:09.060    321    328 I artd:  OatFileAssistant test for existing oat file /data/dalvik-cache/arm/data@app@~~BLzfeNix6EWBNb8S9t5FBw==@com.google.android.gms-JAPluHI-vJ2Do9KMFPgF_Q==@split_DynamiteLoader_installtime.apk@classes.dex: File /data/dalvik-cache/arm/data@app@~~BLzfeNix6EWBNb8S9t5FBw==@com.google.android.gms-JAPluHI-vJ2Do9KMFPgF_Q==@split_DynamiteLoader_installtime.apk@classes.vdex does not exist.
04-23 16:16:09.060    321    328 I artd:  GetBestInfo checking odex next to the dex file (/data/app/~~BLzfeNix6EWBNb8S9t5FBw==/com.google.android.gms-JAPluHI-vJ2Do9KMFPgF_Q==/oat/arm/split_DynamiteLoader_installtime.odex)
04-23 16:16:09.060    321    328 I artd:  Loading /data/app/~~BLzfeNix6EWBNb8S9t5FBw==/com.google.android.gms-JAPluHI-vJ2Do9KMFPgF_Q==/oat/arm/split_DynamiteLoader_installtime.odex with executable: 0
04-23 16:16:09.060    321    328 I artd:  Successfully loaded /data/app/~~BLzfeNix6EWBNb8S9t5FBw==/com.google.android.gms-JAPluHI-vJ2Do9KMFPgF_Q==/oat/arm/split_DynamiteLoader_installtime.odex with executable: 0
04-23 16:16:09.061    321    328 I artd:  /data/app/~~BLzfeNix6EWBNb8S9t5FBw==/com.google.android.gms-JAPluHI-vJ2Do9KMFPgF_Q==/oat/arm/split_DynamiteLoader_installtime.odex is kOatUpToDate with filter speed
04-23 16:16:09.062    321    328 I artd:  Dex parent of /data/app/~~BLzfeNix6EWBNb8S9t5FBw==/com.google.android.gms-JAPluHI-vJ2Do9KMFPgF_Q==/split_DynamiteModulesA_installtime.apk is not writable: Permission denied
04-23 16:16:09.062    321    328 I artd:  GetBestInfo checking odex in dalvik-cache (/data/dalvik-cache/arm64/data@app@~~BLzfeNix6EWBNb8S9t5FBw==@com.google.android.gms-JAPluHI-vJ2Do9KMFPgF_Q==@split_DynamiteModulesA_installtime.apk@classes.dex)
04-23 16:16:09.062    321    328 I artd:  Loading /data/dalvik-cache/arm64/data@app@~~BLzfeNix6EWBNb8S9t5FBw==@com.google.android.gms-JAPluHI-vJ2Do9KMFPgF_Q==@split_DynamiteModulesA_installtime.apk@classes.dex with executable: 0
04-23 16:16:09.062    321    328 I artd:  OatFileAssistant test for existing oat file /data/dalvik-cache/arm64/data@app@~~BLzfeNix6EWBNb8S9t5FBw==@com.google.android.gms-JAPluHI-vJ2Do9KMFPgF_Q==@split_DynamiteModulesA_installtime.apk@classes.dex: File /data/dalvik-cache/arm64/data@app@~~BLzfeNix6EWBNb8S9t5FBw==@com.google.android.gms-JAPluHI-vJ2Do9KMFPgF_Q==@split_DynamiteModulesA_installtime.apk@classes.vdex does not exist.
04-23 16:16:09.062    321    328 I artd:  GetBestInfo checking odex next to the dex file (/data/app/~~BLzfeNix6EWBNb8S9t5FBw==/com.google.android.gms-JAPluHI-vJ2Do9KMFPgF_Q==/oat/arm64/split_DynamiteModulesA_installtime.odex)
04-23 16:16:09.062    321    328 I artd:  Loading /data/app/~~BLzfeNix6EWBNb8S9t5FBw==/com.google.android.gms-JAPluHI-vJ2Do9KMFPgF_Q==/oat/arm64/split_DynamiteModulesA_installtime.odex with executable: 0
04-23 16:16:09.062    321    328 I artd:  Successfully loaded /data/app/~~BLzfeNix6EWBNb8S9t5FBw==/com.google.android.gms-JAPluHI-vJ2Do9KMFPgF_Q==/oat/arm64/split_DynamiteModulesA_installtime.odex with executable: 0
04-23 16:16:09.062    321    328 I artd:  /data/app/~~BLzfeNix6EWBNb8S9t5FBw==/com.google.android.gms-JAPluHI-vJ2Do9KMFPgF_Q==/oat/arm64/split_DynamiteModulesA_installtime.odex is kOatUpToDate with filter speed
04-23 16:16:09.063    321    328 I artd:  Dex parent of /data/app/~~BLzfeNix6EWBNb8S9t5FBw==/com.google.android.gms-JAPluHI-vJ2Do9KMFPgF_Q==/split_DynamiteModulesA_installtime.apk is not writable: Permission denied
04-23 16:16:09.063    321    328 I artd:  GetBestInfo checking odex in dalvik-cache (/data/dalvik-cache/arm/data@app@~~BLzfeNix6EWBNb8S9t5FBw==@com.google.android.gms-JAPluHI-vJ2Do9KMFPgF_Q==@split_DynamiteModulesA_installtime.apk@classes.dex)
04-23 16:16:09.063    321    328 I artd:  Loading /data/dalvik-cache/arm/data@app@~~BLzfeNix6EWBNb8S9t5FBw==@com.google.android.gms-JAPluHI-vJ2Do9KMFPgF_Q==@split_DynamiteModulesA_installtime.apk@classes.dex with executable: 0
04-23 16:16:09.063    321    328 I artd:  OatFileAssistant test for existing oat file /data/dalvik-cache/arm/data@app@~~BLzfeNix6EWBNb8S9t5FBw==@com.google.android.gms-JAPluHI-vJ2Do9KMFPgF_Q==@split_DynamiteModulesA_installtime.apk@classes.dex: File /data/dalvik-cache/arm/data@app@~~BLzfeNix6EWBNb8S9t5FBw==@com.google.android.gms-JAPluHI-vJ2Do9KMFPgF_Q==@split_DynamiteModulesA_installtime.apk@classes.vdex does not exist.
04-23 16:16:09.063    321    328 I artd:  GetBestInfo checking odex next to the dex file (/data/app/~~BLzfeNix6EWBNb8S9t5FBw==/com.google.android.gms-JAPluHI-vJ2Do9KMFPgF_Q==/oat/arm/split_DynamiteModulesA_installtime.odex)
04-23 16:16:09.063    321    328 I artd:  Loading /data/app/~~BLzfeNix6EWBNb8S9t5FBw==/com.google.android.gms-JAPluHI-vJ2Do9KMFPgF_Q==/oat/arm/split_DynamiteModulesA_installtime.odex with executable: 0
04-23 16:16:09.064    321    328 I artd:  Successfully loaded /data/app/~~BLzfeNix6EWBNb8S9t5FBw==/com.google.android.gms-JAPluHI-vJ2Do9KMFPgF_Q==/oat/arm/split_DynamiteModulesA_installtime.odex with executable: 0
04-23 16:16:09.064    321    328 I artd:  /data/app/~~BLzfeNix6EWBNb8S9t5FBw==/com.google.android.gms-JAPluHI-vJ2Do9KMFPgF_Q==/oat/arm/split_DynamiteModulesA_installtime.odex is kOatUpToDate with filter speed
04-23 16:16:09.065    321    328 I artd:  Dex parent of /data/app/~~BLzfeNix6EWBNb8S9t5FBw==/com.google.android.gms-JAPluHI-vJ2Do9KMFPgF_Q==/split_DynamiteModulesC_installtime.apk is not writable: Permission denied
04-23 16:16:09.065    321    328 I artd:  GetBestInfo checking odex in dalvik-cache (/data/dalvik-cache/arm64/data@app@~~BLzfeNix6EWBNb8S9t5FBw==@com.google.android.gms-JAPluHI-vJ2Do9KMFPgF_Q==@split_DynamiteModulesC_installtime.apk@classes.dex)
04-23 16:16:09.065    321    328 I artd:  Loading /data/dalvik-cache/arm64/data@app@~~BLzfeNix6EWBNb8S9t5FBw==@com.google.android.gms-JAPluHI-vJ2Do9KMFPgF_Q==@split_DynamiteModulesC_installtime.apk@classes.dex with executable: 0
04-23 16:16:09.065    321    328 I artd:  OatFileAssistant test for existing oat file /data/dalvik-cache/arm64/data@app@~~BLzfeNix6EWBNb8S9t5FBw==@com.google.android.gms-JAPluHI-vJ2Do9KMFPgF_Q==@split_DynamiteModulesC_installtime.apk@classes.dex: File /data/dalvik-cache/arm64/data@app@~~BLzfeNix6EWBNb8S9t5FBw==@com.google.android.gms-JAPluHI-vJ2Do9KMFPgF_Q==@split_DynamiteModulesC_installtime.apk@classes.vdex does not exist.
04-23 16:16:09.065    321    328 I artd:  GetBestInfo checking odex next to the dex file (/data/app/~~BLzfeNix6EWBNb8S9t5FBw==/com.google.android.gms-JAPluHI-vJ2Do9KMFPgF_Q==/oat/arm64/split_DynamiteModulesC_installtime.odex)
04-23 16:16:09.065    321    328 I artd:  Loading /data/app/~~BLzfeNix6EWBNb8S9t5FBw==/com.google.android.gms-JAPluHI-vJ2Do9KMFPgF_Q==/oat/arm64/split_DynamiteModulesC_installtime.odex with executable: 0
04-23 16:16:09.065    321    328 I artd:  Successfully loaded /data/app/~~BLzfeNix6EWBNb8S9t5FBw==/com.google.android.gms-JAPluHI-vJ2Do9KMFPgF_Q==/oat/arm64/split_DynamiteModulesC_installtime.odex with executable: 0
04-23 16:16:09.066    321    328 I artd:  /data/app/~~BLzfeNix6EWBNb8S9t5FBw==/com.google.android.gms-JAPluHI-vJ2Do9KMFPgF_Q==/oat/arm64/split_DynamiteModulesC_installtime.odex is kOatUpToDate with filter speed
04-23 16:16:09.067    321    328 I artd:  Dex parent of /data/app/~~BLzfeNix6EWBNb8S9t5FBw==/com.google.android.gms-JAPluHI-vJ2Do9KMFPgF_Q==/split_DynamiteModulesC_installtime.apk is not writable: Permission denied
04-23 16:16:09.067    321    328 I artd:  GetBestInfo checking odex in dalvik-cache (/data/dalvik-cache/arm/data@app@~~BLzfeNix6EWBNb8S9t5FBw==@com.google.android.gms-JAPluHI-vJ2Do9KMFPgF_Q==@split_DynamiteModulesC_installtime.apk@classes.dex)
04-23 16:16:09.067    321    328 I artd:  Loading /data/dalvik-cache/arm/data@app@~~BLzfeNix6EWBNb8S9t5FBw==@com.google.android.gms-JAPluHI-vJ2Do9KMFPgF_Q==@split_DynamiteModulesC_installtime.apk@classes.dex with executable: 0
04-23 16:16:09.067    321    328 I artd:  OatFileAssistant test for existing oat file /data/dalvik-cache/arm/data@app@~~BLzfeNix6EWBNb8S9t5FBw==@com.google.android.gms-JAPluHI-vJ2Do9KMFPgF_Q==@split_DynamiteModulesC_installtime.apk@classes.dex: File /data/dalvik-cache/arm/data@app@~~BLzfeNix6EWBNb8S9t5FBw==@com.google.android.gms-JAPluHI-vJ2Do9KMFPgF_Q==@split_DynamiteModulesC_installtime.apk@classes.vdex does not exist.
04-23 16:16:09.067    321    328 I artd:  GetBestInfo checking odex next to the dex file (/data/app/~~BLzfeNix6EWBNb8S9t5FBw==/com.google.android.gms-JAPluHI-vJ2Do9KMFPgF_Q==/oat/arm/split_DynamiteModulesC_installtime.odex)
04-23 16:16:09.067    321    328 I artd:  Loading /data/app/~~BLzfeNix6EWBNb8S9t5FBw==/com.google.android.gms-JAPluHI-vJ2Do9KMFPgF_Q==/oat/arm/split_DynamiteModulesC_installtime.odex with executable: 0
04-23 16:16:09.067    321    328 I artd:  Successfully loaded /data/app/~~BLzfeNix6EWBNb8S9t5FBw==/com.google.android.gms-JAPluHI-vJ2Do9KMFPgF_Q==/oat/arm/split_DynamiteModulesC_installtime.odex with executable: 0
04-23 16:16:09.067    321    328 I artd:  /data/app/~~BLzfeNix6EWBNb8S9t5FBw==/com.google.android.gms-JAPluHI-vJ2Do9KMFPgF_Q==/oat/arm/split_DynamiteModulesC_installtime.odex is kOatUpToDate with filter speed
04-23 16:16:09.068    321    329 I artd:  Dex parent of /data/app/~~BLzfeNix6EWBNb8S9t5FBw==/com.google.android.gms-JAPluHI-vJ2Do9KMFPgF_Q==/split_GoogleCertificates_installtime.apk is not writable: Permission denied
04-23 16:16:09.068    321    329 I artd:  GetBestInfo checking odex in dalvik-cache (/data/dalvik-cache/arm64/data@app@~~BLzfeNix6EWBNb8S9t5FBw==@com.google.android.gms-JAPluHI-vJ2Do9KMFPgF_Q==@split_GoogleCertificates_installtime.apk@classes.dex)
04-23 16:16:09.069    321    329 I artd:  Loading /data/dalvik-cache/arm64/data@app@~~BLzfeNix6EWBNb8S9t5FBw==@com.google.android.gms-JAPluHI-vJ2Do9KMFPgF_Q==@split_GoogleCertificates_installtime.apk@classes.dex with executable: 0
04-23 16:16:09.069    321    329 I artd:  OatFileAssistant test for existing oat file /data/dalvik-cache/arm64/data@app@~~BLzfeNix6EWBNb8S9t5FBw==@com.google.android.gms-JAPluHI-vJ2Do9KMFPgF_Q==@split_GoogleCertificates_installtime.apk@classes.dex: File /data/dalvik-cache/arm64/data@app@~~BLzfeNix6EWBNb8S9t5FBw==@com.google.android.gms-JAPluHI-vJ2Do9KMFPgF_Q==@split_GoogleCertificates_installtime.apk@classes.vdex does not exist.
04-23 16:16:09.069    321    329 I artd:  GetBestInfo checking odex next to the dex file (/data/app/~~BLzfeNix6EWBNb8S9t5FBw==/com.google.android.gms-JAPluHI-vJ2Do9KMFPgF_Q==/oat/arm64/split_GoogleCertificates_installtime.odex)
04-23 16:16:09.069    321    329 I artd:  Loading /data/app/~~BLzfeNix6EWBNb8S9t5FBw==/com.google.android.gms-JAPluHI-vJ2Do9KMFPgF_Q==/oat/arm64/split_GoogleCertificates_installtime.odex with executable: 0
04-23 16:16:09.069    321    329 I artd:  Successfully loaded /data/app/~~BLzfeNix6EWBNb8S9t5FBw==/com.google.android.gms-JAPluHI-vJ2Do9KMFPgF_Q==/oat/arm64/split_GoogleCertificates_installtime.odex with executable: 0
04-23 16:16:09.069    321    329 I artd:  /data/app/~~BLzfeNix6EWBNb8S9t5FBw==/com.google.android.gms-JAPluHI-vJ2Do9KMFPgF_Q==/oat/arm64/split_GoogleCertificates_installtime.odex is kOatUpToDate with filter speed
04-23 16:16:09.070    321    328 I artd:  Dex parent of /data/app/~~BLzfeNix6EWBNb8S9t5FBw==/com.google.android.gms-JAPluHI-vJ2Do9KMFPgF_Q==/split_GoogleCertificates_installtime.apk is not writable: Permission denied
04-23 16:16:09.070    321    328 I artd:  GetBestInfo checking odex in dalvik-cache (/data/dalvik-cache/arm/data@app@~~BLzfeNix6EWBNb8S9t5FBw==@com.google.android.gms-JAPluHI-vJ2Do9KMFPgF_Q==@split_GoogleCertificates_installtime.apk@classes.dex)
04-23 16:16:09.070    321    328 I artd:  Loading /data/dalvik-cache/arm/data@app@~~BLzfeNix6EWBNb8S9t5FBw==@com.google.android.gms-JAPluHI-vJ2Do9KMFPgF_Q==@split_GoogleCertificates_installtime.apk@classes.dex with executable: 0
04-23 16:16:09.070    321    328 I artd:  OatFileAssistant test for existing oat file /data/dalvik-cache/arm/data@app@~~BLzfeNix6EWBNb8S9t5FBw==@com.google.android.gms-JAPluHI-vJ2Do9KMFPgF_Q==@split_GoogleCertificates_installtime.apk@classes.dex: File /data/dalvik-cache/arm/data@app@~~BLzfeNix6EWBNb8S9t5FBw==@com.google.android.gms-JAPluHI-vJ2Do9KMFPgF_Q==@split_GoogleCertificates_installtime.apk@classes.vdex does not exist.
04-23 16:16:09.070    321    328 I artd:  GetBestInfo checking odex next to the dex file (/data/app/~~BLzfeNix6EWBNb8S9t5FBw==/com.google.android.gms-JAPluHI-vJ2Do9KMFPgF_Q==/oat/arm/split_GoogleCertificates_installtime.odex)
04-23 16:16:09.070    321    328 I artd:  Loading /data/app/~~BLzfeNix6EWBNb8S9t5FBw==/com.google.android.gms-JAPluHI-vJ2Do9KMFPgF_Q==/oat/arm/split_GoogleCertificates_installtime.odex with executable: 0
04-23 16:16:09.071    321    328 I artd:  Successfully loaded /data/app/~~BLzfeNix6EWBNb8S9t5FBw==/com.google.android.gms-JAPluHI-vJ2Do9KMFPgF_Q==/oat/arm/split_GoogleCertificates_installtime.odex with executable: 0
04-23 16:16:09.071    321    328 I artd:  /data/app/~~BLzfeNix6EWBNb8S9t5FBw==/com.google.android.gms-JAPluHI-vJ2Do9KMFPgF_Q==/oat/arm/split_GoogleCertificates_installtime.odex is kOatUpToDate with filter speed
04-23 16:16:09.072    321    321 I artd:  Dex parent of /data/app/~~BLzfeNix6EWBNb8S9t5FBw==/com.google.android.gms-JAPluHI-vJ2Do9KMFPgF_Q==/split_MapsDynamite_installtime.apk is not writable: Permission denied
04-23 16:16:09.072    321    321 I artd:  GetBestInfo checking odex in dalvik-cache (/data/dalvik-cache/arm64/data@app@~~BLzfeNix6EWBNb8S9t5FBw==@com.google.android.gms-JAPluHI-vJ2Do9KMFPgF_Q==@split_MapsDynamite_installtime.apk@classes.dex)
04-23 16:16:09.072    321    321 I artd:  Loading /data/dalvik-cache/arm64/data@app@~~BLzfeNix6EWBNb8S9t5FBw==@com.google.android.gms-JAPluHI-vJ2Do9KMFPgF_Q==@split_MapsDynamite_installtime.apk@classes.dex with executable: 0
04-23 16:16:09.072    321    321 I artd:  OatFileAssistant test for existing oat file /data/dalvik-cache/arm64/data@app@~~BLzfeNix6EWBNb8S9t5FBw==@com.google.android.gms-JAPluHI-vJ2Do9KMFPgF_Q==@split_MapsDynamite_installtime.apk@classes.dex: File /data/dalvik-cache/arm64/data@app@~~BLzfeNix6EWBNb8S9t5FBw==@com.google.android.gms-JAPluHI-vJ2Do9KMFPgF_Q==@split_MapsDynamite_installtime.apk@classes.vdex does not exist.
04-23 16:16:09.072    321    321 I artd:  GetBestInfo checking odex next to the dex file (/data/app/~~BLzfeNix6EWBNb8S9t5FBw==/com.google.android.gms-JAPluHI-vJ2Do9KMFPgF_Q==/oat/arm64/split_MapsDynamite_installtime.odex)
04-23 16:16:09.072    321    321 I artd:  Loading /data/app/~~BLzfeNix6EWBNb8S9t5FBw==/com.google.android.gms-JAPluHI-vJ2Do9KMFPgF_Q==/oat/arm64/split_MapsDynamite_installtime.odex with executable: 0
04-23 16:16:09.072    321    321 I artd:  Successfully loaded /data/app/~~BLzfeNix6EWBNb8S9t5FBw==/com.google.android.gms-JAPluHI-vJ2Do9KMFPgF_Q==/oat/arm64/split_MapsDynamite_installtime.odex with executable: 0
04-23 16:16:09.073    321    321 I artd:  /data/app/~~BLzfeNix6EWBNb8S9t5FBw==/com.google.android.gms-JAPluHI-vJ2Do9KMFPgF_Q==/oat/arm64/split_MapsDynamite_installtime.odex is kOatUpToDate with filter speed
04-23 16:16:09.074    321    321 I artd:  Dex parent of /data/app/~~BLzfeNix6EWBNb8S9t5FBw==/com.google.android.gms-JAPluHI-vJ2Do9KMFPgF_Q==/split_MapsDynamite_installtime.apk is not writable: Permission denied
04-23 16:16:09.074    321    321 I artd:  GetBestInfo checking odex in dalvik-cache (/data/dalvik-cache/arm/data@app@~~BLzfeNix6EWBNb8S9t5FBw==@com.google.android.gms-JAPluHI-vJ2Do9KMFPgF_Q==@split_MapsDynamite_installtime.apk@classes.dex)
04-23 16:16:09.074    321    321 I artd:  Loading /data/dalvik-cache/arm/data@app@~~BLzfeNix6EWBNb8S9t5FBw==@com.google.android.gms-JAPluHI-vJ2Do9KMFPgF_Q==@split_MapsDynamite_installtime.apk@classes.dex with executable: 0
04-23 16:16:09.074    321    321 I artd:  OatFileAssistant test for existing oat file /data/dalvik-cache/arm/data@app@~~BLzfeNix6EWBNb8S9t5FBw==@com.google.android.gms-JAPluHI-vJ2Do9KMFPgF_Q==@split_MapsDynamite_installtime.apk@classes.dex: File /data/dalvik-cache/arm/data@app@~~BLzfeNix6EWBNb8S9t5FBw==@com.google.android.gms-JAPluHI-vJ2Do9KMFPgF_Q==@split_MapsDynamite_installtime.apk@classes.vdex does not exist.
04-23 16:16:09.074    321    321 I artd:  GetBestInfo checking odex next to the dex file (/data/app/~~BLzfeNix6EWBNb8S9t5FBw==/com.google.android.gms-JAPluHI-vJ2Do9KMFPgF_Q==/oat/arm/split_MapsDynamite_installtime.odex)
04-23 16:16:09.074    321    321 I artd:  Loading /data/app/~~BLzfeNix6EWBNb8S9t5FBw==/com.google.android.gms-JAPluHI-vJ2Do9KMFPgF_Q==/oat/arm/split_MapsDynamite_installtime.odex with executable: 0
04-23 16:16:09.074    321    321 I artd:  Successfully loaded /data/app/~~BLzfeNix6EWBNb8S9t5FBw==/com.google.android.gms-JAPluHI-vJ2Do9KMFPgF_Q==/oat/arm/split_MapsDynamite_installtime.odex with executable: 0
04-23 16:16:09.074    321    321 I artd:  /data/app/~~BLzfeNix6EWBNb8S9t5FBw==/com.google.android.gms-JAPluHI-vJ2Do9KMFPgF_Q==/oat/arm/split_MapsDynamite_installtime.odex is kOatUpToDate with filter speed
04-23 16:16:09.075    321    321 I artd:  Dex parent of /data/app/~~BLzfeNix6EWBNb8S9t5FBw==/com.google.android.gms-JAPluHI-vJ2Do9KMFPgF_Q==/split_MeasurementDynamite_installtime.apk is not writable: Permission denied
04-23 16:16:09.075    321    321 I artd:  GetBestInfo checking odex in dalvik-cache (/data/dalvik-cache/arm64/data@app@~~BLzfeNix6EWBNb8S9t5FBw==@com.google.android.gms-JAPluHI-vJ2Do9KMFPgF_Q==@split_MeasurementDynamite_installtime.apk@classes.dex)
04-23 16:16:09.075    321    321 I artd:  Loading /data/dalvik-cache/arm64/data@app@~~BLzfeNix6EWBNb8S9t5FBw==@com.google.android.gms-JAPluHI-vJ2Do9KMFPgF_Q==@split_MeasurementDynamite_installtime.apk@classes.dex with executable: 0
04-23 16:16:09.075    321    321 I artd:  OatFileAssistant test for existing oat file /data/dalvik-cache/arm64/data@app@~~BLzfeNix6EWBNb8S9t5FBw==@com.google.android.gms-JAPluHI-vJ2Do9KMFPgF_Q==@split_MeasurementDynamite_installtime.apk@classes.dex: File /data/dalvik-cache/arm64/data@app@~~BLzfeNix6EWBNb8S9t5FBw==@com.google.android.gms-JAPluHI-vJ2Do9KMFPgF_Q==@split_MeasurementDynamite_installtime.apk@classes.vdex does not exist.
04-23 16:16:09.075    321    321 I artd:  GetBestInfo checking odex next to the dex file (/data/app/~~BLzfeNix6EWBNb8S9t5FBw==/com.google.android.gms-JAPluHI-vJ2Do9KMFPgF_Q==/oat/arm64/split_MeasurementDynamite_installtime.odex)
04-23 16:16:09.075    321    321 I artd:  Loading /data/app/~~BLzfeNix6EWBNb8S9t5FBw==/com.google.android.gms-JAPluHI-vJ2Do9KMFPgF_Q==/oat/arm64/split_MeasurementDynamite_installtime.odex with executable: 0
04-23 16:16:09.076    321    321 I artd:  Successfully loaded /data/app/~~BLzfeNix6EWBNb8S9t5FBw==/com.google.android.gms-JAPluHI-vJ2Do9KMFPgF_Q==/oat/arm64/split_MeasurementDynamite_installtime.odex with executable: 0
04-23 16:16:09.076    321    321 I artd:  /data/app/~~BLzfeNix6EWBNb8S9t5FBw==/com.google.android.gms-JAPluHI-vJ2Do9KMFPgF_Q==/oat/arm64/split_MeasurementDynamite_installtime.odex is kOatUpToDate with filter speed
04-23 16:16:09.077    321    328 I artd:  Dex parent of /data/app/~~BLzfeNix6EWBNb8S9t5FBw==/com.google.android.gms-JAPluHI-vJ2Do9KMFPgF_Q==/split_MeasurementDynamite_installtime.apk is not writable: Permission denied
04-23 16:16:09.077    321    328 I artd:  GetBestInfo checking odex in dalvik-cache (/data/dalvik-cache/arm/data@app@~~BLzfeNix6EWBNb8S9t5FBw==@com.google.android.gms-JAPluHI-vJ2Do9KMFPgF_Q==@split_MeasurementDynamite_installtime.apk@classes.dex)
04-23 16:16:09.077    321    328 I artd:  Loading /data/dalvik-cache/arm/data@app@~~BLzfeNix6EWBNb8S9t5FBw==@com.google.android.gms-JAPluHI-vJ2Do9KMFPgF_Q==@split_MeasurementDynamite_installtime.apk@classes.dex with executable: 0
04-23 16:16:09.077    321    328 I artd:  OatFileAssistant test for existing oat file /data/dalvik-cache/arm/data@app@~~BLzfeNix6EWBNb8S9t5FBw==@com.google.android.gms-JAPluHI-vJ2Do9KMFPgF_Q==@split_MeasurementDynamite_installtime.apk@classes.dex: File /data/dalvik-cache/arm/data@app@~~BLzfeNix6EWBNb8S9t5FBw==@com.google.android.gms-JAPluHI-vJ2Do9KMFPgF_Q==@split_MeasurementDynamite_installtime.apk@classes.vdex does not exist.
04-23 16:16:09.077    321    328 I artd:  GetBestInfo checking odex next to the dex file (/data/app/~~BLzfeNix6EWBNb8S9t5FBw==/com.google.android.gms-JAPluHI-vJ2Do9KMFPgF_Q==/oat/arm/split_MeasurementDynamite_installtime.odex)
04-23 16:16:09.077    321    328 I artd:  Loading /data/app/~~BLzfeNix6EWBNb8S9t5FBw==/com.google.android.gms-JAPluHI-vJ2Do9KMFPgF_Q==/oat/arm/split_MeasurementDynamite_installtime.odex with executable: 0
04-23 16:16:09.077    321    328 I artd:  Successfully loaded /data/app/~~BLzfeNix6EWBNb8S9t5FBw==/com.google.android.gms-JAPluHI-vJ2Do9KMFPgF_Q==/oat/arm/split_MeasurementDynamite_installtime.odex with executable: 0
04-23 16:16:09.078    321    328 I artd:  /data/app/~~BLzfeNix6EWBNb8S9t5FBw==/com.google.android.gms-JAPluHI-vJ2Do9KMFPgF_Q==/oat/arm/split_MeasurementDynamite_installtime.odex is kOatUpToDate with filter speed
04-23 16:16:09.078    321    321 I artd:  Dex parent of /data/user_de/0/com.google.android.gms/app_chimera/m/00000001/CronetDynamite.apk is not writable: No such file or directory
04-23 16:16:09.078    321    321 I artd:  GetBestInfo checking odex in dalvik-cache (/data/dalvik-cache/arm64/data@user_de@0@com.google.android.gms@app_chimera@m@00000001@CronetDynamite.apk@classes.dex)
04-23 16:16:09.078    321    321 I artd:  Loading /data/dalvik-cache/arm64/data@user_de@0@com.google.android.gms@app_chimera@m@00000001@CronetDynamite.apk@classes.dex with executable: 0
04-23 16:16:09.078    321    321 I artd:  OatFileAssistant test for existing oat file /data/dalvik-cache/arm64/data@user_de@0@com.google.android.gms@app_chimera@m@00000001@CronetDynamite.apk@classes.dex: File /data/dalvik-cache/arm64/data@user_de@0@com.google.android.gms@app_chimera@m@00000001@CronetDynamite.apk@classes.vdex does not exist.
04-23 16:16:09.078    321    321 I artd:  GetBestInfo checking odex next to the dex file (/data/user_de/0/com.google.android.gms/app_chimera/m/00000001/oat/arm64/CronetDynamite.odex)
04-23 16:16:09.078    321    321 I artd:  Loading /data/user_de/0/com.google.android.gms/app_chimera/m/00000001/oat/arm64/CronetDynamite.odex with executable: 0
04-23 16:16:09.078    321    321 I artd:  OatFileAssistant test for existing oat file /data/user_de/0/com.google.android.gms/app_chimera/m/00000001/oat/arm64/CronetDynamite.odex: File /data/user_de/0/com.google.android.gms/app_chimera/m/00000001/oat/arm64/CronetDynamite.vdex does not exist.
04-23 16:16:09.078    321    321 I artd:  GetBestInfo checking vdex in dalvik-cache (/data/dalvik-cache/arm64/data@user_de@0@com.google.android.gms@app_chimera@m@00000001@CronetDynamite.apk@classes.vdex)
04-23 16:16:09.078    321    321 I artd:  unable to open vdex file /data/dalvik-cache/arm64/data@user_de@0@com.google.android.gms@app_chimera@m@00000001@CronetDynamite.apk@classes.vdex: File /data/dalvik-cache/arm64/data@user_de@0@com.google.android.gms@app_chimera@m@00000001@CronetDynamite.apk@classes.vdex does not exist.
04-23 16:16:09.078    321    321 I artd:  OatFileAssistant test for existing oat file /data/dalvik-cache/arm64/data@user_de@0@com.google.android.gms@app_chimera@m@00000001@CronetDynamite.apk@classes.vdex: File /data/dalvik-cache/arm64/data@user_de@0@com.google.android.gms@app_chimera@m@00000001@CronetDynamite.apk@classes.vdex does not exist.
04-23 16:16:09.078    321    321 I artd:  GetBestInfo checking vdex next to the dex file (/data/user_de/0/com.google.android.gms/app_chimera/m/00000001/oat/arm64/CronetDynamite.vdex)
04-23 16:16:09.078    321    321 I artd:  unable to open vdex file /data/user_de/0/com.google.android.gms/app_chimera/m/00000001/oat/arm64/CronetDynamite.vdex: File /data/user_de/0/com.google.android.gms/app_chimera/m/00000001/oat/arm64/CronetDynamite.vdex does not exist.
04-23 16:16:09.078    321    321 I artd:  OatFileAssistant test for existing oat file /data/user_de/0/com.google.android.gms/app_chimera/m/00000001/oat/arm64/CronetDynamite.vdex: File /data/user_de/0/com.google.android.gms/app_chimera/m/00000001/oat/arm64/CronetDynamite.vdex does not exist.
04-23 16:16:09.078    321    321 I artd:  GetBestInfo checking dm (/data/user_de/0/com.google.android.gms/app_chimera/m/00000001/CronetDynamite.dm)
04-23 16:16:09.078    321    321 W ziparchive:  Unable to open '/data/user_de/0/com.google.android.gms/app_chimera/m/00000001/CronetDynamite.dm': No such file or directory
04-23 16:16:09.078    321    321 I artd:  OatFileAssistant test for existing oat file /data/user_de/0/com.google.android.gms/app_chimera/m/00000001/CronetDynamite.dm: I/O error
04-23 16:16:09.078    321    321 I artd:  GetBestInfo checking dm (/data/user_de/0/com.google.android.gms/app_chimera/m/00000001/CronetDynamite.dm)
04-23 16:16:09.078    321    321 W ziparchive:  Unable to open '/data/user_de/0/com.google.android.gms/app_chimera/m/00000001/CronetDynamite.dm': No such file or directory
04-23 16:16:09.078    321    321 I artd:  OatFileAssistant test for existing oat file /data/user_de/0/com.google.android.gms/app_chimera/m/00000001/CronetDynamite.dm: I/O error
04-23 16:16:09.078    321    321 I artd:  GetBestInfo no usable artifacts
04-23 16:16:09.078    321    321 I artd:  Dex parent of /data/user_de/0/com.google.android.gms/app_chimera/m/00000002/DynamiteLoader.apk is not writable: No such file or directory
04-23 16:16:09.078    321    321 I artd:  GetBestInfo checking odex in dalvik-cache (/data/dalvik-cache/arm64/data@user_de@0@com.google.android.gms@app_chimera@m@00000002@DynamiteLoader.apk@classes.dex)
04-23 16:16:09.078    321    321 I artd:  Loading /data/dalvik-cache/arm64/data@user_de@0@com.google.android.gms@app_chimera@m@00000002@DynamiteLoader.apk@classes.dex with executable: 0
04-23 16:16:09.078    321    321 I artd:  OatFileAssistant test for existing oat file /data/dalvik-cache/arm64/data@user_de@0@com.google.android.gms@app_chimera@m@00000002@DynamiteLoader.apk@classes.dex: File /data/dalvik-cache/arm64/data@user_de@0@com.google.android.gms@app_chimera@m@00000002@DynamiteLoader.apk@classes.vdex does not exist.
04-23 16:16:09.078    321    321 I artd:  GetBestInfo checking odex next to the dex file (/data/user_de/0/com.google.android.gms/app_chimera/m/00000002/oat/arm64/DynamiteLoader.odex)
04-23 16:16:09.078    321    321 I artd:  Loading /data/user_de/0/com.google.android.gms/app_chimera/m/00000002/oat/arm64/DynamiteLoader.odex with executable: 0
04-23 16:16:09.078    321    321 I artd:  OatFileAssistant test for existing oat file /data/user_de/0/com.google.android.gms/app_chimera/m/00000002/oat/arm64/DynamiteLoader.odex: File /data/user_de/0/com.google.android.gms/app_chimera/m/00000002/oat/arm64/DynamiteLoader.vdex does not exist.
04-23 16:16:09.078    321    321 I artd:  GetBestInfo checking vdex in dalvik-cache (/data/dalvik-cache/arm64/data@user_de@0@com.google.android.gms@app_chimera@m@00000002@DynamiteLoader.apk@classes.vdex)
04-23 16:16:09.078    321    321 I artd:  unable to open vdex file /data/dalvik-cache/arm64/data@user_de@0@com.google.android.gms@app_chimera@m@00000002@DynamiteLoader.apk@classes.vdex: File /data/dalvik-cache/arm64/data@user_de@0@com.google.android.gms@app_chimera@m@00000002@DynamiteLoader.apk@classes.vdex does not exist.
04-23 16:16:09.078    321    321 I artd:  OatFileAssistant test for existing oat file /data/dalvik-cache/arm64/data@user_de@0@com.google.android.gms@app_chimera@m@00000002@DynamiteLoader.apk@classes.vdex: File /data/dalvik-cache/arm64/data@user_de@0@com.google.android.gms@app_chimera@m@00000002@DynamiteLoader.apk@classes.vdex does not exist.
04-23 16:16:09.078    321    321 I artd:  GetBestInfo checking vdex next to the dex file (/data/user_de/0/com.google.android.gms/app_chimera/m/00000002/oat/arm64/DynamiteLoader.vdex)
04-23 16:16:09.078    321    321 I artd:  unable to open vdex file /data/user_de/0/com.google.android.gms/app_chimera/m/00000002/oat/arm64/DynamiteLoader.vdex: File /data/user_de/0/com.google.android.gms/app_chimera/m/00000002/oat/arm64/DynamiteLoader.vdex does not exist.
04-23 16:16:09.078    321    321 I artd:  OatFileAssistant test for existing oat file /data/user_de/0/com.google.android.gms/app_chimera/m/00000002/oat/arm64/DynamiteLoader.vdex: File /data/user_de/0/com.google.android.gms/app_chimera/m/00000002/oat/arm64/DynamiteLoader.vdex does not exist.
04-23 16:16:09.078    321    321 I artd:  GetBestInfo checking dm (/data/user_de/0/com.google.android.gms/app_chimera/m/00000002/DynamiteLoader.dm)
04-23 16:16:09.078    321    321 W ziparchive:  Unable to open '/data/user_de/0/com.google.android.gms/app_chimera/m/00000002/DynamiteLoader.dm': No such file or directory
04-23 16:16:09.079    321    321 I artd:  OatFileAssistant test for existing oat file /data/user_de/0/com.google.android.gms/app_chimera/m/00000002/DynamiteLoader.dm: I/O error
04-23 16:16:09.079    321    321 I artd:  GetBestInfo checking dm (/data/user_de/0/com.google.android.gms/app_chimera/m/00000002/DynamiteLoader.dm)
04-23 16:16:09.079    321    321 W ziparchive:  Unable to open '/data/user_de/0/com.google.android.gms/app_chimera/m/00000002/DynamiteLoader.dm': No such file or directory
04-23 16:16:09.079    321    321 I artd:  OatFileAssistant test for existing oat file /data/user_de/0/com.google.android.gms/app_chimera/m/00000002/DynamiteLoader.dm: I/O error
04-23 16:16:09.079    321    321 I artd:  GetBestInfo no usable artifacts
04-23 16:16:09.079    321    321 I artd:  Dex parent of /data/user_de/0/com.google.android.gms/app_chimera/m/00000002/DynamiteLoader.apk is not writable: No such file or directory
04-23 16:16:09.079    321    321 I artd:  GetBestInfo checking odex in dalvik-cache (/data/dalvik-cache/arm/data@user_de@0@com.google.android.gms@app_chimera@m@00000002@DynamiteLoader.apk@classes.dex)
04-23 16:16:09.079    321    321 I artd:  Loading /data/dalvik-cache/arm/data@user_de@0@com.google.android.gms@app_chimera@m@00000002@DynamiteLoader.apk@classes.dex with executable: 0
04-23 16:16:09.079    321    321 I artd:  OatFileAssistant test for existing oat file /data/dalvik-cache/arm/data@user_de@0@com.google.android.gms@app_chimera@m@00000002@DynamiteLoader.apk@classes.dex: File /data/dalvik-cache/arm/data@user_de@0@com.google.android.gms@app_chimera@m@00000002@DynamiteLoader.apk@classes.vdex does not exist.
04-23 16:16:09.079    321    321 I artd:  GetBestInfo checking odex next to the dex file (/data/user_de/0/com.google.android.gms/app_chimera/m/00000002/oat/arm/DynamiteLoader.odex)
04-23 16:16:09.079    321    321 I artd:  Loading /data/user_de/0/com.google.android.gms/app_chimera/m/00000002/oat/arm/DynamiteLoader.odex with executable: 0
04-23 16:16:09.079    321    321 I artd:  OatFileAssistant test for existing oat file /data/user_de/0/com.google.android.gms/app_chimera/m/00000002/oat/arm/DynamiteLoader.odex: File /data/user_de/0/com.google.android.gms/app_chimera/m/00000002/oat/arm/DynamiteLoader.vdex does not exist.
04-23 16:16:09.079    321    321 I artd:  GetBestInfo checking vdex in dalvik-cache (/data/dalvik-cache/arm/data@user_de@0@com.google.android.gms@app_chimera@m@00000002@DynamiteLoader.apk@classes.vdex)
04-23 16:16:09.079    321    321 I artd:  unable to open vdex file /data/dalvik-cache/arm/data@user_de@0@com.google.android.gms@app_chimera@m@00000002@DynamiteLoader.apk@classes.vdex: File /data/dalvik-cache/arm/data@user_de@0@com.google.android.gms@app_chimera@m@00000002@DynamiteLoader.apk@classes.vdex does not exist.
04-23 16:16:09.079    321    321 I artd:  OatFileAssistant test for existing oat file /data/dalvik-cache/arm/data@user_de@0@com.google.android.gms@app_chimera@m@00000002@DynamiteLoader.apk@classes.vdex: File /data/dalvik-cache/arm/data@user_de@0@com.google.android.gms@app_chimera@m@00000002@DynamiteLoader.apk@classes.vdex does not exist.
04-23 16:16:09.079    321    321 I artd:  GetBestInfo checking vdex next to the dex file (/data/user_de/0/com.google.android.gms/app_chimera/m/00000002/oat/arm/DynamiteLoader.vdex)
04-23 16:16:09.079    321    321 I artd:  unable to open vdex file /data/user_de/0/com.google.android.gms/app_chimera/m/00000002/oat/arm/DynamiteLoader.vdex: File /data/user_de/0/com.google.android.gms/app_chimera/m/00000002/oat/arm/DynamiteLoader.vdex does not exist.
04-23 16:16:09.079    321    321 I artd:  OatFileAssistant test for existing oat file /data/user_de/0/com.google.android.gms/app_chimera/m/00000002/oat/arm/DynamiteLoader.vdex: File /data/user_de/0/com.google.android.gms/app_chimera/m/00000002/oat/arm/DynamiteLoader.vdex does not exist.
04-23 16:16:09.079    321    321 I artd:  GetBestInfo checking dm (/data/user_de/0/com.google.android.gms/app_chimera/m/00000002/DynamiteLoader.dm)
04-23 16:16:09.079    321    321 W ziparchive:  Unable to open '/data/user_de/0/com.google.android.gms/app_chimera/m/00000002/DynamiteLoader.dm': No such file or directory
04-23 16:16:09.079    321    321 I artd:  OatFileAssistant test for existing oat file /data/user_de/0/com.google.android.gms/app_chimera/m/00000002/DynamiteLoader.dm: I/O error
04-23 16:16:09.079    321    321 I artd:  GetBestInfo checking dm (/data/user_de/0/com.google.android.gms/app_chimera/m/00000002/DynamiteLoader.dm)
04-23 16:16:09.079    321    321 W ziparchive:  Unable to open '/data/user_de/0/com.google.android.gms/app_chimera/m/00000002/DynamiteLoader.dm': No such file or directory
04-23 16:16:09.079    321    321 I artd:  OatFileAssistant test for existing oat file /data/user_de/0/com.google.android.gms/app_chimera/m/00000002/DynamiteLoader.dm: I/O error
04-23 16:16:09.079    321    321 I artd:  GetBestInfo no usable artifacts
04-23 16:16:09.079    321    329 I artd:  Dex parent of /data/user_de/0/com.google.android.gms/app_chimera/m/00000005/GoogleCertificates.apk is not writable: No such file or directory
04-23 16:16:09.079    321    329 I artd:  GetBestInfo checking odex in dalvik-cache (/data/dalvik-cache/arm64/data@user_de@0@com.google.android.gms@app_chimera@m@00000005@GoogleCertificates.apk@classes.dex)
04-23 16:16:09.079    321    329 I artd:  Loading /data/dalvik-cache/arm64/data@user_de@0@com.google.android.gms@app_chimera@m@00000005@GoogleCertificates.apk@classes.dex with executable: 0
04-23 16:16:09.079    321    329 I artd:  OatFileAssistant test for existing oat file /data/dalvik-cache/arm64/data@user_de@0@com.google.android.gms@app_chimera@m@00000005@GoogleCertificates.apk@classes.dex: File /data/dalvik-cache/arm64/data@user_de@0@com.google.android.gms@app_chimera@m@00000005@GoogleCertificates.apk@classes.vdex does not exist.
04-23 16:16:09.079    321    329 I artd:  GetBestInfo checking odex next to the dex file (/data/user_de/0/com.google.android.gms/app_chimera/m/00000005/oat/arm64/GoogleCertificates.odex)
04-23 16:16:09.079    321    329 I artd:  Loading /data/user_de/0/com.google.android.gms/app_chimera/m/00000005/oat/arm64/GoogleCertificates.odex with executable: 0
04-23 16:16:09.079    321    329 I artd:  OatFileAssistant test for existing oat file /data/user_de/0/com.google.android.gms/app_chimera/m/00000005/oat/arm64/GoogleCertificates.odex: File /data/user_de/0/com.google.android.gms/app_chimera/m/00000005/oat/arm64/GoogleCertificates.vdex does not exist.
04-23 16:16:09.079    321    329 I artd:  GetBestInfo checking vdex in dalvik-cache (/data/dalvik-cache/arm64/data@user_de@0@com.google.android.gms@app_chimera@m@00000005@GoogleCertificates.apk@classes.vdex)
04-23 16:16:09.079    321    329 I artd:  unable to open vdex file /data/dalvik-cache/arm64/data@user_de@0@com.google.android.gms@app_chimera@m@00000005@GoogleCertificates.apk@classes.vdex: File /data/dalvik-cache/arm64/data@user_de@0@com.google.android.gms@app_chimera@m@00000005@GoogleCertificates.apk@classes.vdex does not exist.
04-23 16:16:09.079    321    329 I artd:  OatFileAssistant test for existing oat file /data/dalvik-cache/arm64/data@user_de@0@com.google.android.gms@app_chimera@m@00000005@GoogleCertificates.apk@classes.vdex: File /data/dalvik-cache/arm64/data@user_de@0@com.google.android.gms@app_chimera@m@00000005@GoogleCertificates.apk@classes.vdex does not exist.
04-23 16:16:09.079    321    329 I artd:  GetBestInfo checking vdex next to the dex file (/data/user_de/0/com.google.android.gms/app_chimera/m/00000005/oat/arm64/GoogleCertificates.vdex)
04-23 16:16:09.079    321    329 I artd:  unable to open vdex file /data/user_de/0/com.google.android.gms/app_chimera/m/00000005/oat/arm64/GoogleCertificates.vdex: File /data/user_de/0/com.google.android.gms/app_chimera/m/00000005/oat/arm64/GoogleCertificates.vdex does not exist.
04-23 16:16:09.079    321    329 I artd:  OatFileAssistant test for existing oat file /data/user_de/0/com.google.android.gms/app_chimera/m/00000005/oat/arm64/GoogleCertificates.vdex: File /data/user_de/0/com.google.android.gms/app_chimera/m/00000005/oat/arm64/GoogleCertificates.vdex does not exist.
04-23 16:16:09.079    321    329 I artd:  GetBestInfo checking dm (/data/user_de/0/com.google.android.gms/app_chimera/m/00000005/GoogleCertificates.dm)
04-23 16:16:09.079    321    329 W ziparchive:  Unable to open '/data/user_de/0/com.google.android.gms/app_chimera/m/00000005/GoogleCertificates.dm': No such file or directory
04-23 16:16:09.079    321    329 I artd:  OatFileAssistant test for existing oat file /data/user_de/0/com.google.android.gms/app_chimera/m/00000005/GoogleCertificates.dm: I/O error
04-23 16:16:09.079    321    329 I artd:  GetBestInfo checking dm (/data/user_de/0/com.google.android.gms/app_chimera/m/00000005/GoogleCertificates.dm)
04-23 16:16:09.079    321    329 W ziparchive:  Unable to open '/data/user_de/0/com.google.android.gms/app_chimera/m/00000005/GoogleCertificates.dm': No such file or directory
04-23 16:16:09.079    321    329 I artd:  OatFileAssistant test for existing oat file /data/user_de/0/com.google.android.gms/app_chimera/m/00000005/GoogleCertificates.dm: I/O error
04-23 16:16:09.079    321    329 I artd:  GetBestInfo no usable artifacts
04-23 16:16:09.079    321    328 I artd:  Dex parent of /data/user_de/0/com.google.android.gms/app_chimera/m/00000005/GoogleCertificates.apk is not writable: No such file or directory
04-23 16:16:09.079    321    328 I artd:  GetBestInfo checking odex in dalvik-cache (/data/dalvik-cache/arm/data@user_de@0@com.google.android.gms@app_chimera@m@00000005@GoogleCertificates.apk@classes.dex)
04-23 16:16:09.079    321    328 I artd:  Loading /data/dalvik-cache/arm/data@user_de@0@com.google.android.gms@app_chimera@m@00000005@GoogleCertificates.apk@classes.dex with executable: 0
04-23 16:16:09.079    321    328 I artd:  OatFileAssistant test for existing oat file /data/dalvik-cache/arm/data@user_de@0@com.google.android.gms@app_chimera@m@00000005@GoogleCertificates.apk@classes.dex: File /data/dalvik-cache/arm/data@user_de@0@com.google.android.gms@app_chimera@m@00000005@GoogleCertificates.apk@classes.vdex does not exist.
04-23 16:16:09.079    321    328 I artd:  GetBestInfo checking odex next to the dex file (/data/user_de/0/com.google.android.gms/app_chimera/m/00000005/oat/arm/GoogleCertificates.odex)
04-23 16:16:09.079    321    328 I artd:  Loading /data/user_de/0/com.google.android.gms/app_chimera/m/00000005/oat/arm/GoogleCertificates.odex with executable: 0
04-23 16:16:09.079    321    328 I artd:  OatFileAssistant test for existing oat file /data/user_de/0/com.google.android.gms/app_chimera/m/00000005/oat/arm/GoogleCertificates.odex: File /data/user_de/0/com.google.android.gms/app_chimera/m/00000005/oat/arm/GoogleCertificates.vdex does not exist.
04-23 16:16:09.079    321    328 I artd:  GetBestInfo checking vdex in dalvik-cache (/data/dalvik-cache/arm/data@user_de@0@com.google.android.gms@app_chimera@m@00000005@GoogleCertificates.apk@classes.vdex)
04-23 16:16:09.079    321    328 I artd:  unable to open vdex file /data/dalvik-cache/arm/data@user_de@0@com.google.android.gms@app_chimera@m@00000005@GoogleCertificates.apk@classes.vdex: File /data/dalvik-cache/arm/data@user_de@0@com.google.android.gms@app_chimera@m@00000005@GoogleCertificates.apk@classes.vdex does not exist.
04-23 16:16:09.079    321    328 I artd:  OatFileAssistant test for existing oat file /data/dalvik-cache/arm/data@user_de@0@com.google.android.gms@app_chimera@m@00000005@GoogleCertificates.apk@classes.vdex: File /data/dalvik-cache/arm/data@user_de@0@com.google.android.gms@app_chimera@m@00000005@GoogleCertificates.apk@classes.vdex does not exist.
04-23 16:16:09.079    321    328 I artd:  GetBestInfo checking vdex next to the dex file (/data/user_de/0/com.google.android.gms/app_chimera/m/00000005/oat/arm/GoogleCertificates.vdex)
04-23 16:16:09.079    321    328 I artd:  unable to open vdex file /data/user_de/0/com.google.android.gms/app_chimera/m/00000005/oat/arm/GoogleCertificates.vdex: File /data/user_de/0/com.google.android.gms/app_chimera/m/00000005/oat/arm/GoogleCertificates.vdex does not exist.
04-23 16:16:09.079    321    328 I artd:  OatFileAssistant test for existing oat file /data/user_de/0/com.google.android.gms/app_chimera/m/00000005/oat/arm/GoogleCertificates.vdex: File /data/user_de/0/com.google.android.gms/app_chimera/m/00000005/oat/arm/GoogleCertificates.vdex does not exist.
04-23 16:16:09.079    321    328 I artd:  GetBestInfo checking dm (/data/user_de/0/com.google.android.gms/app_chimera/m/00000005/GoogleCertificates.dm)
04-23 16:16:09.079    321    328 W ziparchive:  Unable to open '/data/user_de/0/com.google.android.gms/app_chimera/m/00000005/GoogleCertificates.dm': No such file or directory
04-23 16:16:09.079    321    328 I artd:  OatFileAssistant test for existing oat file /data/user_de/0/com.google.android.gms/app_chimera/m/00000005/GoogleCertificates.dm: I/O error
04-23 16:16:09.079    321    328 I artd:  GetBestInfo checking dm (/data/user_de/0/com.google.android.gms/app_chimera/m/00000005/GoogleCertificates.dm)
04-23 16:16:09.079    321    328 W ziparchive:  Unable to open '/data/user_de/0/com.google.android.gms/app_chimera/m/00000005/GoogleCertificates.dm': No such file or directory
04-23 16:16:09.079    321    328 I artd:  OatFileAssistant test for existing oat file /data/user_de/0/com.google.android.gms/app_chimera/m/00000005/GoogleCertificates.dm: I/O error
04-23 16:16:09.080    321    328 I artd:  GetBestInfo no usable artifacts
04-23 16:16:09.080    321    321 I artd:  Dex parent of /data/user_de/0/com.google.android.gms/app_chimera/m/0000000f/dl-Appsearch.optional_251731100400.apk is not writable: Permission denied
04-23 16:16:09.080    321    321 I artd:  GetBestInfo checking odex in dalvik-cache (/data/dalvik-cache/arm64/data@user_de@0@com.google.android.gms@app_chimera@m@0000000f@dl-Appsearch.optional_251731100400.apk@classes.dex)
04-23 16:16:09.080    321    321 I artd:  Loading /data/dalvik-cache/arm64/data@user_de@0@com.google.android.gms@app_chimera@m@0000000f@dl-Appsearch.optional_251731100400.apk@classes.dex with executable: 0
04-23 16:16:09.080    321    321 I artd:  OatFileAssistant test for existing oat file /data/dalvik-cache/arm64/data@user_de@0@com.google.android.gms@app_chimera@m@0000000f@dl-Appsearch.optional_251731100400.apk@classes.dex: File /data/dalvik-cache/arm64/data@user_de@0@com.google.android.gms@app_chimera@m@0000000f@dl-Appsearch.optional_251731100400.apk@classes.vdex does not exist.
04-23 16:16:09.080    321    321 I artd:  GetBestInfo checking odex next to the dex file (/data/user_de/0/com.google.android.gms/app_chimera/m/0000000f/oat/arm64/dl-Appsearch.optional_251731100400.odex)
04-23 16:16:09.080    321    321 I artd:  Loading /data/user_de/0/com.google.android.gms/app_chimera/m/0000000f/oat/arm64/dl-Appsearch.optional_251731100400.odex with executable: 0
04-23 16:16:09.080    321    321 I artd:  OatFileAssistant test for existing oat file /data/user_de/0/com.google.android.gms/app_chimera/m/0000000f/oat/arm64/dl-Appsearch.optional_251731100400.odex: File /data/user_de/0/com.google.android.gms/app_chimera/m/0000000f/oat/arm64/dl-Appsearch.optional_251731100400.vdex does not exist.
04-23 16:16:09.080    321    321 I artd:  GetBestInfo checking vdex in dalvik-cache (/data/dalvik-cache/arm64/data@user_de@0@com.google.android.gms@app_chimera@m@0000000f@dl-Appsearch.optional_251731100400.apk@classes.vdex)
04-23 16:16:09.081    321    321 I artd:  unable to open vdex file /data/dalvik-cache/arm64/data@user_de@0@com.google.android.gms@app_chimera@m@0000000f@dl-Appsearch.optional_251731100400.apk@classes.vdex: File /data/dalvik-cache/arm64/data@user_de@0@com.google.android.gms@app_chimera@m@0000000f@dl-Appsearch.optional_251731100400.apk@classes.vdex does not exist.
04-23 16:16:09.081    321    321 I artd:  OatFileAssistant test for existing oat file /data/dalvik-cache/arm64/data@user_de@0@com.google.android.gms@app_chimera@m@0000000f@dl-Appsearch.optional_251731100400.apk@classes.vdex: File /data/dalvik-cache/arm64/data@user_de@0@com.google.android.gms@app_chimera@m@0000000f@dl-Appsearch.optional_251731100400.apk@classes.vdex does not exist.
04-23 16:16:09.081    321    321 I artd:  GetBestInfo checking vdex next to the dex file (/data/user_de/0/com.google.android.gms/app_chimera/m/0000000f/oat/arm64/dl-Appsearch.optional_251731100400.vdex)
04-23 16:16:09.081    321    321 I artd:  unable to open vdex file /data/user_de/0/com.google.android.gms/app_chimera/m/0000000f/oat/arm64/dl-Appsearch.optional_251731100400.vdex: File /data/user_de/0/com.google.android.gms/app_chimera/m/0000000f/oat/arm64/dl-Appsearch.optional_251731100400.vdex does not exist.
04-23 16:16:09.081    321    321 I artd:  OatFileAssistant test for existing oat file /data/user_de/0/com.google.android.gms/app_chimera/m/0000000f/oat/arm64/dl-Appsearch.optional_251731100400.vdex: File /data/user_de/0/com.google.android.gms/app_chimera/m/0000000f/oat/arm64/dl-Appsearch.optional_251731100400.vdex does not exist.
04-23 16:16:09.081    321    321 I artd:  GetBestInfo checking dm (/data/user_de/0/com.google.android.gms/app_chimera/m/0000000f/dl-Appsearch.optional_251731100400.dm)
04-23 16:16:09.081    321    321 W ziparchive:  Unable to open '/data/user_de/0/com.google.android.gms/app_chimera/m/0000000f/dl-Appsearch.optional_251731100400.dm': No such file or directory
04-23 16:16:09.081    321    321 I artd:  OatFileAssistant test for existing oat file /data/user_de/0/com.google.android.gms/app_chimera/m/0000000f/dl-Appsearch.optional_251731100400.dm: I/O error
04-23 16:16:09.081    321    321 I artd:  GetBestInfo checking dm (/data/user_de/0/com.google.android.gms/app_chimera/m/0000000f/dl-Appsearch.optional_251731100400.dm)
04-23 16:16:09.081    321    321 W ziparchive:  Unable to open '/data/user_de/0/com.google.android.gms/app_chimera/m/0000000f/dl-Appsearch.optional_251731100400.dm': No such file or directory
04-23 16:16:09.081    321    321 I artd:  OatFileAssistant test for existing oat file /data/user_de/0/com.google.android.gms/app_chimera/m/0000000f/dl-Appsearch.optional_251731100400.dm: I/O error
04-23 16:16:09.081    321    321 I artd:  GetBestInfo no usable artifacts
04-23 16:16:09.082    321    334 I artd:  Dex parent of /data/user_de/0/com.google.android.gms/app_chimera/m/0000000b/dl-MlkitOcrCommon.optional_251731100400.apk is not writable: Permission denied
04-23 16:16:09.082    321    334 I artd:  GetBestInfo checking odex in dalvik-cache (/data/dalvik-cache/arm64/data@user_de@0@com.google.android.gms@app_chimera@m@0000000b@dl-MlkitOcrCommon.optional_251731100400.apk@classes.dex)
04-23 16:16:09.082    321    334 I artd:  Loading /data/dalvik-cache/arm64/data@user_de@0@com.google.android.gms@app_chimera@m@0000000b@dl-MlkitOcrCommon.optional_251731100400.apk@classes.dex with executable: 0
04-23 16:16:09.082    321    334 I artd:  OatFileAssistant test for existing oat file /data/dalvik-cache/arm64/data@user_de@0@com.google.android.gms@app_chimera@m@0000000b@dl-MlkitOcrCommon.optional_251731100400.apk@classes.dex: File /data/dalvik-cache/arm64/data@user_de@0@com.google.android.gms@app_chimera@m@0000000b@dl-MlkitOcrCommon.optional_251731100400.apk@classes.vdex does not exist.
04-23 16:16:09.082    321    334 I artd:  GetBestInfo checking odex next to the dex file (/data/user_de/0/com.google.android.gms/app_chimera/m/0000000b/oat/arm64/dl-MlkitOcrCommon.optional_251731100400.odex)
04-23 16:16:09.082    321    334 I artd:  Loading /data/user_de/0/com.google.android.gms/app_chimera/m/0000000b/oat/arm64/dl-MlkitOcrCommon.optional_251731100400.odex with executable: 0
04-23 16:16:09.082    321    334 I artd:  OatFileAssistant test for existing oat file /data/user_de/0/com.google.android.gms/app_chimera/m/0000000b/oat/arm64/dl-MlkitOcrCommon.optional_251731100400.odex: File /data/user_de/0/com.google.android.gms/app_chimera/m/0000000b/oat/arm64/dl-MlkitOcrCommon.optional_251731100400.vdex does not exist.
04-23 16:16:09.082    321    334 I artd:  GetBestInfo checking vdex in dalvik-cache (/data/dalvik-cache/arm64/data@user_de@0@com.google.android.gms@app_chimera@m@0000000b@dl-MlkitOcrCommon.optional_251731100400.apk@classes.vdex)
04-23 16:16:09.082    321    334 I artd:  unable to open vdex file /data/dalvik-cache/arm64/data@user_de@0@com.google.android.gms@app_chimera@m@0000000b@dl-MlkitOcrCommon.optional_251731100400.apk@classes.vdex: File /data/dalvik-cache/arm64/data@user_de@0@com.google.android.gms@app_chimera@m@0000000b@dl-MlkitOcrCommon.optional_251731100400.apk@classes.vdex does not exist.
04-23 16:16:09.082    321    334 I artd:  OatFileAssistant test for existing oat file /data/dalvik-cache/arm64/data@user_de@0@com.google.android.gms@app_chimera@m@0000000b@dl-MlkitOcrCommon.optional_251731100400.apk@classes.vdex: File /data/dalvik-cache/arm64/data@user_de@0@com.google.android.gms@app_chimera@m@0000000b@dl-MlkitOcrCommon.optional_251731100400.apk@classes.vdex does not exist.
04-23 16:16:09.082    321    334 I artd:  GetBestInfo checking vdex next to the dex file (/data/user_de/0/com.google.android.gms/app_chimera/m/0000000b/oat/arm64/dl-MlkitOcrCommon.optional_251731100400.vdex)
04-23 16:16:09.082    321    334 I artd:  unable to open vdex file /data/user_de/0/com.google.android.gms/app_chimera/m/0000000b/oat/arm64/dl-MlkitOcrCommon.optional_251731100400.vdex: File /data/user_de/0/com.google.android.gms/app_chimera/m/0000000b/oat/arm64/dl-MlkitOcrCommon.optional_251731100400.vdex does not exist.
04-23 16:16:09.082    321    334 I artd:  OatFileAssistant test for existing oat file /data/user_de/0/com.google.android.gms/app_chimera/m/0000000b/oat/arm64/dl-MlkitOcrCommon.optional_251731100400.vdex: File /data/user_de/0/com.google.android.gms/app_chimera/m/0000000b/oat/arm64/dl-MlkitOcrCommon.optional_251731100400.vdex does not exist.
04-23 16:16:09.082    321    334 I artd:  GetBestInfo checking dm (/data/user_de/0/com.google.android.gms/app_chimera/m/0000000b/dl-MlkitOcrCommon.optional_251731100400.dm)
04-23 16:16:09.082    321    334 W ziparchive:  Unable to open '/data/user_de/0/com.google.android.gms/app_chimera/m/0000000b/dl-MlkitOcrCommon.optional_251731100400.dm': No such file or directory
04-23 16:16:09.082    321    334 I artd:  OatFileAssistant test for existing oat file /data/user_de/0/com.google.android.gms/app_chimera/m/0000000b/dl-MlkitOcrCommon.optional_251731100400.dm: I/O error
04-23 16:16:09.082    321    334 I artd:  GetBestInfo checking dm (/data/user_de/0/com.google.android.gms/app_chimera/m/0000000b/dl-MlkitOcrCommon.optional_251731100400.dm)
04-23 16:16:09.082    321    334 W ziparchive:  Unable to open '/data/user_de/0/com.google.android.gms/app_chimera/m/0000000b/dl-MlkitOcrCommon.optional_251731100400.dm': No such file or directory
04-23 16:16:09.082    321    334 I artd:  OatFileAssistant test for existing oat file /data/user_de/0/com.google.android.gms/app_chimera/m/0000000b/dl-MlkitOcrCommon.optional_251731100400.dm: I/O error
04-23 16:16:09.082    321    334 I artd:  GetBestInfo no usable artifacts
04-23 16:16:09.083    321    334 I artd:  Dex parent of /data/user_de/0/com.google.android.gms/app_chimera/m/00000012/dl-MlkitOcrCommon.optional_261533100400.apk is not writable: Permission denied
04-23 16:16:09.083    321    334 I artd:  GetBestInfo checking odex in dalvik-cache (/data/dalvik-cache/arm64/data@user_de@0@com.google.android.gms@app_chimera@m@00000012@dl-MlkitOcrCommon.optional_261533100400.apk@classes.dex)
04-23 16:16:09.083    321    334 I artd:  Loading /data/dalvik-cache/arm64/data@user_de@0@com.google.android.gms@app_chimera@m@00000012@dl-MlkitOcrCommon.optional_261533100400.apk@classes.dex with executable: 0
04-23 16:16:09.083    321    334 I artd:  OatFileAssistant test for existing oat file /data/dalvik-cache/arm64/data@user_de@0@com.google.android.gms@app_chimera@m@00000012@dl-MlkitOcrCommon.optional_261533100400.apk@classes.dex: File /data/dalvik-cache/arm64/data@user_de@0@com.google.android.gms@app_chimera@m@00000012@dl-MlkitOcrCommon.optional_261533100400.apk@classes.vdex does not exist.
04-23 16:16:09.083    321    334 I artd:  GetBestInfo checking odex next to the dex file (/data/user_de/0/com.google.android.gms/app_chimera/m/00000012/oat/arm64/dl-MlkitOcrCommon.optional_261533100400.odex)
04-23 16:16:09.083    321    334 I artd:  Loading /data/user_de/0/com.google.android.gms/app_chimera/m/00000012/oat/arm64/dl-MlkitOcrCommon.optional_261533100400.odex with executable: 0
04-23 16:16:09.083    321    334 I artd:  OatFileAssistant test for existing oat file /data/user_de/0/com.google.android.gms/app_chimera/m/00000012/oat/arm64/dl-MlkitOcrCommon.optional_261533100400.odex: File /data/user_de/0/com.google.android.gms/app_chimera/m/00000012/oat/arm64/dl-MlkitOcrCommon.optional_261533100400.vdex does not exist.
04-23 16:16:09.083    321    334 I artd:  GetBestInfo checking vdex in dalvik-cache (/data/dalvik-cache/arm64/data@user_de@0@com.google.android.gms@app_chimera@m@00000012@dl-MlkitOcrCommon.optional_261533100400.apk@classes.vdex)
04-23 16:16:09.083    321    334 I artd:  unable to open vdex file /data/dalvik-cache/arm64/data@user_de@0@com.google.android.gms@app_chimera@m@00000012@dl-MlkitOcrCommon.optional_261533100400.apk@classes.vdex: File /data/dalvik-cache/arm64/data@user_de@0@com.google.android.gms@app_chimera@m@00000012@dl-MlkitOcrCommon.optional_261533100400.apk@classes.vdex does not exist.
04-23 16:16:09.083    321    334 I artd:  OatFileAssistant test for existing oat file /data/dalvik-cache/arm64/data@user_de@0@com.google.android.gms@app_chimera@m@00000012@dl-MlkitOcrCommon.optional_261533100400.apk@classes.vdex: File /data/dalvik-cache/arm64/data@user_de@0@com.google.android.gms@app_chimera@m@00000012@dl-MlkitOcrCommon.optional_261533100400.apk@classes.vdex does not exist.
04-23 16:16:09.083    321    334 I artd:  GetBestInfo checking vdex next to the dex file (/data/user_de/0/com.google.android.gms/app_chimera/m/00000012/oat/arm64/dl-MlkitOcrCommon.optional_261533100400.vdex)
04-23 16:16:09.083    321    334 I artd:  unable to open vdex file /data/user_de/0/com.google.android.gms/app_chimera/m/00000012/oat/arm64/dl-MlkitOcrCommon.optional_261533100400.vdex: File /data/user_de/0/com.google.android.gms/app_chimera/m/00000012/oat/arm64/dl-MlkitOcrCommon.optional_261533100400.vdex does not exist.
04-23 16:16:09.083    321    334 I artd:  OatFileAssistant test for existing oat file /data/user_de/0/com.google.android.gms/app_chimera/m/00000012/oat/arm64/dl-MlkitOcrCommon.optional_261533100400.vdex: File /data/user_de/0/com.google.android.gms/app_chimera/m/00000012/oat/arm64/dl-MlkitOcrCommon.optional_261533100400.vdex does not exist.
04-23 16:16:09.083    321    334 I artd:  GetBestInfo checking dm (/data/user_de/0/com.google.android.gms/app_chimera/m/00000012/dl-MlkitOcrCommon.optional_261533100400.dm)
04-23 16:16:09.083    321    334 W ziparchive:  Unable to open '/data/user_de/0/com.google.android.gms/app_chimera/m/00000012/dl-MlkitOcrCommon.optional_261533100400.dm': No such file or directory
04-23 16:16:09.083    321    334 I artd:  OatFileAssistant test for existing oat file /data/user_de/0/com.google.android.gms/app_chimera/m/00000012/dl-MlkitOcrCommon.optional_261533100400.dm: I/O error
04-23 16:16:09.083    321    334 I artd:  GetBestInfo checking dm (/data/user_de/0/com.google.android.gms/app_chimera/m/00000012/dl-MlkitOcrCommon.optional_261533100400.dm)
04-23 16:16:09.083    321    334 W ziparchive:  Unable to open '/data/user_de/0/com.google.android.gms/app_chimera/m/00000012/dl-MlkitOcrCommon.optional_261533100400.dm': No such file or directory
04-23 16:16:09.083    321    334 I artd:  OatFileAssistant test for existing oat file /data/user_de/0/com.google.android.gms/app_chimera/m/00000012/dl-MlkitOcrCommon.optional_261533100400.dm: I/O error
04-23 16:16:09.083    321    334 I artd:  GetBestInfo no usable artifacts
04-23 16:16:09.084    321    334 I artd:  Dex parent of /data/user_de/0/com.google.android.gms/app_chimera/m/00000009/dl-VisionOcr.optional_251731100000.apk is not writable: Permission denied
04-23 16:16:09.084    321    334 I artd:  GetBestInfo checking odex in dalvik-cache (/data/dalvik-cache/arm64/data@user_de@0@com.google.android.gms@app_chimera@m@00000009@dl-VisionOcr.optional_251731100000.apk@classes.dex)
04-23 16:16:09.084    321    334 I artd:  Loading /data/dalvik-cache/arm64/data@user_de@0@com.google.android.gms@app_chimera@m@00000009@dl-VisionOcr.optional_251731100000.apk@classes.dex with executable: 0
04-23 16:16:09.084    321    334 I artd:  OatFileAssistant test for existing oat file /data/dalvik-cache/arm64/data@user_de@0@com.google.android.gms@app_chimera@m@00000009@dl-VisionOcr.optional_251731100000.apk@classes.dex: File /data/dalvik-cache/arm64/data@user_de@0@com.google.android.gms@app_chimera@m@00000009@dl-VisionOcr.optional_251731100000.apk@classes.vdex does not exist.
04-23 16:16:09.084    321    334 I artd:  GetBestInfo checking odex next to the dex file (/data/user_de/0/com.google.android.gms/app_chimera/m/00000009/oat/arm64/dl-VisionOcr.optional_251731100000.odex)
04-23 16:16:09.084    321    334 I artd:  Loading /data/user_de/0/com.google.android.gms/app_chimera/m/00000009/oat/arm64/dl-VisionOcr.optional_251731100000.odex with executable: 0
04-23 16:16:09.084    321    334 I artd:  OatFileAssistant test for existing oat file /data/user_de/0/com.google.android.gms/app_chimera/m/00000009/oat/arm64/dl-VisionOcr.optional_251731100000.odex: File /data/user_de/0/com.google.android.gms/app_chimera/m/00000009/oat/arm64/dl-VisionOcr.optional_251731100000.vdex does not exist.
04-23 16:16:09.084    321    334 I artd:  GetBestInfo checking vdex in dalvik-cache (/data/dalvik-cache/arm64/data@user_de@0@com.google.android.gms@app_chimera@m@00000009@dl-VisionOcr.optional_251731100000.apk@classes.vdex)
04-23 16:16:09.084    321    334 I artd:  unable to open vdex file /data/dalvik-cache/arm64/data@user_de@0@com.google.android.gms@app_chimera@m@00000009@dl-VisionOcr.optional_251731100000.apk@classes.vdex: File /data/dalvik-cache/arm64/data@user_de@0@com.google.android.gms@app_chimera@m@00000009@dl-VisionOcr.optional_251731100000.apk@classes.vdex does not exist.
04-23 16:16:09.084    321    334 I artd:  OatFileAssistant test for existing oat file /data/dalvik-cache/arm64/data@user_de@0@com.google.android.gms@app_chimera@m@00000009@dl-VisionOcr.optional_251731100000.apk@classes.vdex: File /data/dalvik-cache/arm64/data@user_de@0@com.google.android.gms@app_chimera@m@00000009@dl-VisionOcr.optional_251731100000.apk@classes.vdex does not exist.
04-23 16:16:09.084    321    334 I artd:  GetBestInfo checking vdex next to the dex file (/data/user_de/0/com.google.android.gms/app_chimera/m/00000009/oat/arm64/dl-VisionOcr.optional_251731100000.vdex)
04-23 16:16:09.084    321    334 I artd:  unable to open vdex file /data/user_de/0/com.google.android.gms/app_chimera/m/00000009/oat/arm64/dl-VisionOcr.optional_251731100000.vdex: File /data/user_de/0/com.google.android.gms/app_chimera/m/00000009/oat/arm64/dl-VisionOcr.optional_251731100000.vdex does not exist.
04-23 16:16:09.084    321    334 I artd:  OatFileAssistant test for existing oat file /data/user_de/0/com.google.android.gms/app_chimera/m/00000009/oat/arm64/dl-VisionOcr.optional_251731100000.vdex: File /data/user_de/0/com.google.android.gms/app_chimera/m/00000009/oat/arm64/dl-VisionOcr.optional_251731100000.vdex does not exist.
04-23 16:16:09.084    321    334 I artd:  GetBestInfo checking dm (/data/user_de/0/com.google.android.gms/app_chimera/m/00000009/dl-VisionOcr.optional_251731100000.dm)
04-23 16:16:09.084    321    334 W ziparchive:  Unable to open '/data/user_de/0/com.google.android.gms/app_chimera/m/00000009/dl-VisionOcr.optional_251731100000.dm': No such file or directory
04-23 16:16:09.084    321    334 I artd:  OatFileAssistant test for existing oat file /data/user_de/0/com.google.android.gms/app_chimera/m/00000009/dl-VisionOcr.optional_251731100000.dm: I/O error
04-23 16:16:09.084    321    334 I artd:  GetBestInfo checking dm (/data/user_de/0/com.google.android.gms/app_chimera/m/00000009/dl-VisionOcr.optional_251731100000.dm)
04-23 16:16:09.084    321    334 W ziparchive:  Unable to open '/data/user_de/0/com.google.android.gms/app_chimera/m/00000009/dl-VisionOcr.optional_251731100000.dm': No such file or directory
04-23 16:16:09.084    321    334 I artd:  OatFileAssistant test for existing oat file /data/user_de/0/com.google.android.gms/app_chimera/m/00000009/dl-VisionOcr.optional_251731100000.dm: I/O error
04-23 16:16:09.084    321    334 I artd:  GetBestInfo no usable artifacts
04-23 16:16:09.085    321    334 I artd:  Dex parent of /data/user/0/com.google.android.gms/app_dg_cache/A8F89F306FD1BA172E06F6F2B9F79826D0309BB6/the.apk is not writable: Permission denied
04-23 16:16:09.085    321    334 I artd:  GetBestInfo checking odex in dalvik-cache (/data/dalvik-cache/arm64/data@user@0@com.google.android.gms@app_dg_cache@A8F89F306FD1BA172E06F6F2B9F79826D0309BB6@the.apk@classes.dex)
04-23 16:16:09.085    321    334 I artd:  Loading /data/dalvik-cache/arm64/data@user@0@com.google.android.gms@app_dg_cache@A8F89F306FD1BA172E06F6F2B9F79826D0309BB6@the.apk@classes.dex with executable: 0
04-23 16:16:09.086    321    334 I artd:  OatFileAssistant test for existing oat file /data/dalvik-cache/arm64/data@user@0@com.google.android.gms@app_dg_cache@A8F89F306FD1BA172E06F6F2B9F79826D0309BB6@the.apk@classes.dex: File /data/dalvik-cache/arm64/data@user@0@com.google.android.gms@app_dg_cache@A8F89F306FD1BA172E06F6F2B9F79826D0309BB6@the.apk@classes.vdex does not exist.
04-23 16:16:09.086    321    334 I artd:  GetBestInfo checking odex next to the dex file (/data/user/0/com.google.android.gms/app_dg_cache/A8F89F306FD1BA172E06F6F2B9F79826D0309BB6/oat/arm64/the.odex)
04-23 16:16:09.086    321    334 I artd:  Loading /data/user/0/com.google.android.gms/app_dg_cache/A8F89F306FD1BA172E06F6F2B9F79826D0309BB6/oat/arm64/the.odex with executable: 0
04-23 16:16:09.086    321    334 I artd:  OatFileAssistant test for existing oat file /data/user/0/com.google.android.gms/app_dg_cache/A8F89F306FD1BA172E06F6F2B9F79826D0309BB6/oat/arm64/the.odex: Failed to open oat filename for reading: No such file or directory
04-23 16:16:09.086    321    334 I artd:  GetBestInfo checking vdex in dalvik-cache (/data/dalvik-cache/arm64/data@user@0@com.google.android.gms@app_dg_cache@A8F89F306FD1BA172E06F6F2B9F79826D0309BB6@the.apk@classes.vdex)
04-23 16:16:09.086    321    334 I artd:  unable to open vdex file /data/dalvik-cache/arm64/data@user@0@com.google.android.gms@app_dg_cache@A8F89F306FD1BA172E06F6F2B9F79826D0309BB6@the.apk@classes.vdex: File /data/dalvik-cache/arm64/data@user@0@com.google.android.gms@app_dg_cache@A8F89F306FD1BA172E06F6F2B9F79826D0309BB6@the.apk@classes.vdex does not exist.
04-23 16:16:09.086    321    334 I artd:  OatFileAssistant test for existing oat file /data/dalvik-cache/arm64/data@user@0@com.google.android.gms@app_dg_cache@A8F89F306FD1BA172E06F6F2B9F79826D0309BB6@the.apk@classes.vdex: File /data/dalvik-cache/arm64/data@user@0@com.google.android.gms@app_dg_cache@A8F89F306FD1BA172E06F6F2B9F79826D0309BB6@the.apk@classes.vdex does not exist.
04-23 16:16:09.086    321    334 I artd:  GetBestInfo checking vdex next to the dex file (/data/user/0/com.google.android.gms/app_dg_cache/A8F89F306FD1BA172E06F6F2B9F79826D0309BB6/oat/arm64/the.vdex)
04-23 16:16:09.086    321    334 I artd:  Successfully loaded /data/user/0/com.google.android.gms/app_dg_cache/A8F89F306FD1BA172E06F6F2B9F79826D0309BB6/oat/arm64/the.vdex with executable: 0
04-23 16:16:09.086    321    334 I artd:  Image checksum test skipped for vdex file /data/user/0/com.google.android.gms/app_dg_cache/A8F89F306FD1BA172E06F6F2B9F79826D0309BB6/oat/arm64/the.vdex
04-23 16:16:09.086    321    334 I artd:  /data/user/0/com.google.android.gms/app_dg_cache/A8F89F306FD1BA172E06F6F2B9F79826D0309BB6/oat/arm64/the.vdex is kOatUpToDate with filter verify
04-23 16:16:09.087    321    334 I artd:  Dex parent of /data/user_de/0/com.google.android.gms/app_chimera/m/0000000e/dl-MlkitBarcodeUi.optional_251731100400.apk is not writable: Permission denied
04-23 16:16:09.087    321    334 I artd:  GetBestInfo checking odex in dalvik-cache (/data/dalvik-cache/arm64/data@user_de@0@com.google.android.gms@app_chimera@m@0000000e@dl-MlkitBarcodeUi.optional_251731100400.apk@classes.dex)
04-23 16:16:09.087    321    334 I artd:  Loading /data/dalvik-cache/arm64/data@user_de@0@com.google.android.gms@app_chimera@m@0000000e@dl-MlkitBarcodeUi.optional_251731100400.apk@classes.dex with executable: 0
04-23 16:16:09.087    321    334 I artd:  OatFileAssistant test for existing oat file /data/dalvik-cache/arm64/data@user_de@0@com.google.android.gms@app_chimera@m@0000000e@dl-MlkitBarcodeUi.optional_251731100400.apk@classes.dex: File /data/dalvik-cache/arm64/data@user_de@0@com.google.android.gms@app_chimera@m@0000000e@dl-MlkitBarcodeUi.optional_251731100400.apk@classes.vdex does not exist.
04-23 16:16:09.087    321    334 I artd:  GetBestInfo checking odex next to the dex file (/data/user_de/0/com.google.android.gms/app_chimera/m/0000000e/oat/arm64/dl-MlkitBarcodeUi.optional_251731100400.odex)
04-23 16:16:09.087    321    334 I artd:  Loading /data/user_de/0/com.google.android.gms/app_chimera/m/0000000e/oat/arm64/dl-MlkitBarcodeUi.optional_251731100400.odex with executable: 0
04-23 16:16:09.087    321    334 I artd:  OatFileAssistant test for existing oat file /data/user_de/0/com.google.android.gms/app_chimera/m/0000000e/oat/arm64/dl-MlkitBarcodeUi.optional_251731100400.odex: File /data/user_de/0/com.google.android.gms/app_chimera/m/0000000e/oat/arm64/dl-MlkitBarcodeUi.optional_251731100400.vdex does not exist.
04-23 16:16:09.087    321    334 I artd:  GetBestInfo checking vdex in dalvik-cache (/data/dalvik-cache/arm64/data@user_de@0@com.google.android.gms@app_chimera@m@0000000e@dl-MlkitBarcodeUi.optional_251731100400.apk@classes.vdex)
04-23 16:16:09.087    321    334 I artd:  unable to open vdex file /data/dalvik-cache/arm64/data@user_de@0@com.google.android.gms@app_chimera@m@0000000e@dl-MlkitBarcodeUi.optional_251731100400.apk@classes.vdex: File /data/dalvik-cache/arm64/data@user_de@0@com.google.android.gms@app_chimera@m@0000000e@dl-MlkitBarcodeUi.optional_251731100400.apk@classes.vdex does not exist.
04-23 16:16:09.087    321    334 I artd:  OatFileAssistant test for existing oat file /data/dalvik-cache/arm64/data@user_de@0@com.google.android.gms@app_chimera@m@0000000e@dl-MlkitBarcodeUi.optional_251731100400.apk@classes.vdex: File /data/dalvik-cache/arm64/data@user_de@0@com.google.android.gms@app_chimera@m@0000000e@dl-MlkitBarcodeUi.optional_251731100400.apk@classes.vdex does not exist.
04-23 16:16:09.087    321    334 I artd:  GetBestInfo checking vdex next to the dex file (/data/user_de/0/com.google.android.gms/app_chimera/m/0000000e/oat/arm64/dl-MlkitBarcodeUi.optional_251731100400.vdex)
04-23 16:16:09.087    321    334 I artd:  unable to open vdex file /data/user_de/0/com.google.android.gms/app_chimera/m/0000000e/oat/arm64/dl-MlkitBarcodeUi.optional_251731100400.vdex: File /data/user_de/0/com.google.android.gms/app_chimera/m/0000000e/oat/arm64/dl-MlkitBarcodeUi.optional_251731100400.vdex does not exist.
04-23 16:16:09.087    321    334 I artd:  OatFileAssistant test for existing oat file /data/user_de/0/com.google.android.gms/app_chimera/m/0000000e/oat/arm64/dl-MlkitBarcodeUi.optional_251731100400.vdex: File /data/user_de/0/com.google.android.gms/app_chimera/m/0000000e/oat/arm64/dl-MlkitBarcodeUi.optional_251731100400.vdex does not exist.
04-23 16:16:09.087    321    334 I artd:  GetBestInfo checking dm (/data/user_de/0/com.google.android.gms/app_chimera/m/0000000e/dl-MlkitBarcodeUi.optional_251731100400.dm)
04-23 16:16:09.087    321    334 W ziparchive:  Unable to open '/data/user_de/0/com.google.android.gms/app_chimera/m/0000000e/dl-MlkitBarcodeUi.optional_251731100400.dm': No such file or directory
04-23 16:16:09.087    321    334 I artd:  OatFileAssistant test for existing oat file /data/user_de/0/com.google.android.gms/app_chimera/m/0000000e/dl-MlkitBarcodeUi.optional_251731100400.dm: I/O error
04-23 16:16:09.087    321    334 I artd:  GetBestInfo checking dm (/data/user_de/0/com.google.android.gms/app_chimera/m/0000000e/dl-MlkitBarcodeUi.optional_251731100400.dm)
04-23 16:16:09.087    321    334 W ziparchive:  Unable to open '/data/user_de/0/com.google.android.gms/app_chimera/m/0000000e/dl-MlkitBarcodeUi.optional_251731100400.dm': No such file or directory
04-23 16:16:09.087    321    334 I artd:  OatFileAssistant test for existing oat file /data/user_de/0/com.google.android.gms/app_chimera/m/0000000e/dl-MlkitBarcodeUi.optional_251731100400.dm: I/O error
04-23 16:16:09.087    321    334 I artd:  GetBestInfo no usable artifacts
04-23 16:16:09.088    321    321 I artd:  Dex parent of /data/user_de/0/com.google.android.gms/app_chimera/m/00000016/dl-Appsearch.optional_261533100400.apk is not writable: Permission denied
04-23 16:16:09.089    321    321 I artd:  GetBestInfo checking odex in dalvik-cache (/data/dalvik-cache/arm64/data@user_de@0@com.google.android.gms@app_chimera@m@00000016@dl-Appsearch.optional_261533100400.apk@classes.dex)
04-23 16:16:09.089    321    321 I artd:  Loading /data/dalvik-cache/arm64/data@user_de@0@com.google.android.gms@app_chimera@m@00000016@dl-Appsearch.optional_261533100400.apk@classes.dex with executable: 0
04-23 16:16:09.089    321    321 I artd:  OatFileAssistant test for existing oat file /data/dalvik-cache/arm64/data@user_de@0@com.google.android.gms@app_chimera@m@00000016@dl-Appsearch.optional_261533100400.apk@classes.dex: File /data/dalvik-cache/arm64/data@user_de@0@com.google.android.gms@app_chimera@m@00000016@dl-Appsearch.optional_261533100400.apk@classes.vdex does not exist.
04-23 16:16:09.089    321    321 I artd:  GetBestInfo checking odex next to the dex file (/data/user_de/0/com.google.android.gms/app_chimera/m/00000016/oat/arm64/dl-Appsearch.optional_261533100400.odex)
04-23 16:16:09.089    321    321 I artd:  Loading /data/user_de/0/com.google.android.gms/app_chimera/m/00000016/oat/arm64/dl-Appsearch.optional_261533100400.odex with executable: 0
04-23 16:16:09.089    321    321 I artd:  OatFileAssistant test for existing oat file /data/user_de/0/com.google.android.gms/app_chimera/m/00000016/oat/arm64/dl-Appsearch.optional_261533100400.odex: File /data/user_de/0/com.google.android.gms/app_chimera/m/00000016/oat/arm64/dl-Appsearch.optional_261533100400.vdex does not exist.
04-23 16:16:09.089    321    321 I artd:  GetBestInfo checking vdex in dalvik-cache (/data/dalvik-cache/arm64/data@user_de@0@com.google.android.gms@app_chimera@m@00000016@dl-Appsearch.optional_261533100400.apk@classes.vdex)
04-23 16:16:09.089    321    321 I artd:  unable to open vdex file /data/dalvik-cache/arm64/data@user_de@0@com.google.android.gms@app_chimera@m@00000016@dl-Appsearch.optional_261533100400.apk@classes.vdex: File /data/dalvik-cache/arm64/data@user_de@0@com.google.android.gms@app_chimera@m@00000016@dl-Appsearch.optional_261533100400.apk@classes.vdex does not exist.
04-23 16:16:09.089    321    321 I artd:  OatFileAssistant test for existing oat file /data/dalvik-cache/arm64/data@user_de@0@com.google.android.gms@app_chimera@m@00000016@dl-Appsearch.optional_261533100400.apk@classes.vdex: File /data/dalvik-cache/arm64/data@user_de@0@com.google.android.gms@app_chimera@m@00000016@dl-Appsearch.optional_261533100400.apk@classes.vdex does not exist.
04-23 16:16:09.089    321    321 I artd:  GetBestInfo checking vdex next to the dex file (/data/user_de/0/com.google.android.gms/app_chimera/m/00000016/oat/arm64/dl-Appsearch.optional_261533100400.vdex)
04-23 16:16:09.089    321    321 I artd:  unable to open vdex file /data/user_de/0/com.google.android.gms/app_chimera/m/00000016/oat/arm64/dl-Appsearch.optional_261533100400.vdex: File /data/user_de/0/com.google.android.gms/app_chimera/m/00000016/oat/arm64/dl-Appsearch.optional_261533100400.vdex does not exist.
04-23 16:16:09.089    321    321 I artd:  OatFileAssistant test for existing oat file /data/user_de/0/com.google.android.gms/app_chimera/m/00000016/oat/arm64/dl-Appsearch.optional_261533100400.vdex: File /data/user_de/0/com.google.android.gms/app_chimera/m/00000016/oat/arm64/dl-Appsearch.optional_261533100400.vdex does not exist.
04-23 16:16:09.089    321    321 I artd:  GetBestInfo checking dm (/data/user_de/0/com.google.android.gms/app_chimera/m/00000016/dl-Appsearch.optional_261533100400.dm)
04-23 16:16:09.089    321    321 W ziparchive:  Unable to open '/data/user_de/0/com.google.android.gms/app_chimera/m/00000016/dl-Appsearch.optional_261533100400.dm': No such file or directory
04-23 16:16:09.089    321    321 I artd:  OatFileAssistant test for existing oat file /data/user_de/0/com.google.android.gms/app_chimera/m/00000016/dl-Appsearch.optional_261533100400.dm: I/O error
04-23 16:16:09.089    321    321 I artd:  GetBestInfo checking dm (/data/user_de/0/com.google.android.gms/app_chimera/m/00000016/dl-Appsearch.optional_261533100400.dm)
04-23 16:16:09.089    321    321 W ziparchive:  Unable to open '/data/user_de/0/com.google.android.gms/app_chimera/m/00000016/dl-Appsearch.optional_261533100400.dm': No such file or directory
04-23 16:16:09.089    321    321 I artd:  OatFileAssistant test for existing oat file /data/user_de/0/com.google.android.gms/app_chimera/m/00000016/dl-Appsearch.optional_261533100400.dm: I/O error
04-23 16:16:09.089    321    321 I artd:  GetBestInfo no usable artifacts
04-23 16:16:09.090    321    328 I artd:  Dex parent of /data/user_de/0/com.google.android.gms/app_chimera/m/00000013/dl-MlkitBarcodeUi.optional_261533100400.apk is not writable: Permission denied
04-23 16:16:09.090    321    328 I artd:  GetBestInfo checking odex in dalvik-cache (/data/dalvik-cache/arm64/data@user_de@0@com.google.android.gms@app_chimera@m@00000013@dl-MlkitBarcodeUi.optional_261533100400.apk@classes.dex)
04-23 16:16:09.090    321    328 I artd:  Loading /data/dalvik-cache/arm64/data@user_de@0@com.google.android.gms@app_chimera@m@00000013@dl-MlkitBarcodeUi.optional_261533100400.apk@classes.dex with executable: 0
04-23 16:16:09.090    321    328 I artd:  OatFileAssistant test for existing oat file /data/dalvik-cache/arm64/data@user_de@0@com.google.android.gms@app_chimera@m@00000013@dl-MlkitBarcodeUi.optional_261533100400.apk@classes.dex: File /data/dalvik-cache/arm64/data@user_de@0@com.google.android.gms@app_chimera@m@00000013@dl-MlkitBarcodeUi.optional_261533100400.apk@classes.vdex does not exist.
04-23 16:16:09.090    321    328 I artd:  GetBestInfo checking odex next to the dex file (/data/user_de/0/com.google.android.gms/app_chimera/m/00000013/oat/arm64/dl-MlkitBarcodeUi.optional_261533100400.odex)
04-23 16:16:09.090    321    328 I artd:  Loading /data/user_de/0/com.google.android.gms/app_chimera/m/00000013/oat/arm64/dl-MlkitBarcodeUi.optional_261533100400.odex with executable: 0
04-23 16:16:09.090    321    328 I artd:  OatFileAssistant test for existing oat file /data/user_de/0/com.google.android.gms/app_chimera/m/00000013/oat/arm64/dl-MlkitBarcodeUi.optional_261533100400.odex: File /data/user_de/0/com.google.android.gms/app_chimera/m/00000013/oat/arm64/dl-MlkitBarcodeUi.optional_261533100400.vdex does not exist.
04-23 16:16:09.090    321    328 I artd:  GetBestInfo checking vdex in dalvik-cache (/data/dalvik-cache/arm64/data@user_de@0@com.google.android.gms@app_chimera@m@00000013@dl-MlkitBarcodeUi.optional_261533100400.apk@classes.vdex)
04-23 16:16:09.090    321    328 I artd:  unable to open vdex file /data/dalvik-cache/arm64/data@user_de@0@com.google.android.gms@app_chimera@m@00000013@dl-MlkitBarcodeUi.optional_261533100400.apk@classes.vdex: File /data/dalvik-cache/arm64/data@user_de@0@com.google.android.gms@app_chimera@m@00000013@dl-MlkitBarcodeUi.optional_261533100400.apk@classes.vdex does not exist.
04-23 16:16:09.090    321    328 I artd:  OatFileAssistant test for existing oat file /data/dalvik-cache/arm64/data@user_de@0@com.google.android.gms@app_chimera@m@00000013@dl-MlkitBarcodeUi.optional_261533100400.apk@classes.vdex: File /data/dalvik-cache/arm64/data@user_de@0@com.google.android.gms@app_chimera@m@00000013@dl-MlkitBarcodeUi.optional_261533100400.apk@classes.vdex does not exist.
04-23 16:16:09.090    321    328 I artd:  GetBestInfo checking vdex next to the dex file (/data/user_de/0/com.google.android.gms/app_chimera/m/00000013/oat/arm64/dl-MlkitBarcodeUi.optional_261533100400.vdex)
04-23 16:16:09.090    321    328 I artd:  unable to open vdex file /data/user_de/0/com.google.android.gms/app_chimera/m/00000013/oat/arm64/dl-MlkitBarcodeUi.optional_261533100400.vdex: File /data/user_de/0/com.google.android.gms/app_chimera/m/00000013/oat/arm64/dl-MlkitBarcodeUi.optional_261533100400.vdex does not exist.
04-23 16:16:09.090    321    328 I artd:  OatFileAssistant test for existing oat file /data/user_de/0/com.google.android.gms/app_chimera/m/00000013/oat/arm64/dl-MlkitBarcodeUi.optional_261533100400.vdex: File /data/user_de/0/com.google.android.gms/app_chimera/m/00000013/oat/arm64/dl-MlkitBarcodeUi.optional_261533100400.vdex does not exist.
04-23 16:16:09.090    321    328 I artd:  GetBestInfo checking dm (/data/user_de/0/com.google.android.gms/app_chimera/m/00000013/dl-MlkitBarcodeUi.optional_261533100400.dm)
04-23 16:16:09.090    321    328 W ziparchive:  Unable to open '/data/user_de/0/com.google.android.gms/app_chimera/m/00000013/dl-MlkitBarcodeUi.optional_261533100400.dm': No such file or directory
04-23 16:16:09.090    321    328 I artd:  OatFileAssistant test for existing oat file /data/user_de/0/com.google.android.gms/app_chimera/m/00000013/dl-MlkitBarcodeUi.optional_261533100400.dm: I/O error
04-23 16:16:09.090    321    328 I artd:  GetBestInfo checking dm (/data/user_de/0/com.google.android.gms/app_chimera/m/00000013/dl-MlkitBarcodeUi.optional_261533100400.dm)
04-23 16:16:09.090    321    328 W ziparchive:  Unable to open '/data/user_de/0/com.google.android.gms/app_chimera/m/00000013/dl-MlkitBarcodeUi.optional_261533100400.dm': No such file or directory
04-23 16:16:09.090    321    328 I artd:  OatFileAssistant test for existing oat file /data/user_de/0/com.google.android.gms/app_chimera/m/00000013/dl-MlkitBarcodeUi.optional_261533100400.dm: I/O error
04-23 16:16:09.090    321    328 I artd:  GetBestInfo no usable artifacts
04-23 16:16:09.091    321    321 I artd:  Dex parent of /data/user_de/0/com.google.android.gms/app_chimera/m/00000014/dl-VisionOcr.optional_261533100000.apk is not writable: Permission denied
04-23 16:16:09.091    321    321 I artd:  GetBestInfo checking odex in dalvik-cache (/data/dalvik-cache/arm64/data@user_de@0@com.google.android.gms@app_chimera@m@00000014@dl-VisionOcr.optional_261533100000.apk@classes.dex)
04-23 16:16:09.091    321    321 I artd:  Loading /data/dalvik-cache/arm64/data@user_de@0@com.google.android.gms@app_chimera@m@00000014@dl-VisionOcr.optional_261533100000.apk@classes.dex with executable: 0
04-23 16:16:09.091    321    321 I artd:  OatFileAssistant test for existing oat file /data/dalvik-cache/arm64/data@user_de@0@com.google.android.gms@app_chimera@m@00000014@dl-VisionOcr.optional_261533100000.apk@classes.dex: File /data/dalvik-cache/arm64/data@user_de@0@com.google.android.gms@app_chimera@m@00000014@dl-VisionOcr.optional_261533100000.apk@classes.vdex does not exist.
04-23 16:16:09.091    321    321 I artd:  GetBestInfo checking odex next to the dex file (/data/user_de/0/com.google.android.gms/app_chimera/m/00000014/oat/arm64/dl-VisionOcr.optional_261533100000.odex)
04-23 16:16:09.091    321    321 I artd:  Loading /data/user_de/0/com.google.android.gms/app_chimera/m/00000014/oat/arm64/dl-VisionOcr.optional_261533100000.odex with executable: 0
04-23 16:16:09.091    321    321 I artd:  OatFileAssistant test for existing oat file /data/user_de/0/com.google.android.gms/app_chimera/m/00000014/oat/arm64/dl-VisionOcr.optional_261533100000.odex: File /data/user_de/0/com.google.android.gms/app_chimera/m/00000014/oat/arm64/dl-VisionOcr.optional_261533100000.vdex does not exist.
04-23 16:16:09.091    321    321 I artd:  GetBestInfo checking vdex in dalvik-cache (/data/dalvik-cache/arm64/data@user_de@0@com.google.android.gms@app_chimera@m@00000014@dl-VisionOcr.optional_261533100000.apk@classes.vdex)
04-23 16:16:09.091    321    321 I artd:  unable to open vdex file /data/dalvik-cache/arm64/data@user_de@0@com.google.android.gms@app_chimera@m@00000014@dl-VisionOcr.optional_261533100000.apk@classes.vdex: File /data/dalvik-cache/arm64/data@user_de@0@com.google.android.gms@app_chimera@m@00000014@dl-VisionOcr.optional_261533100000.apk@classes.vdex does not exist.
04-23 16:16:09.091    321    321 I artd:  OatFileAssistant test for existing oat file /data/dalvik-cache/arm64/data@user_de@0@com.google.android.gms@app_chimera@m@00000014@dl-VisionOcr.optional_261533100000.apk@classes.vdex: File /data/dalvik-cache/arm64/data@user_de@0@com.google.android.gms@app_chimera@m@00000014@dl-VisionOcr.optional_261533100000.apk@classes.vdex does not exist.
04-23 16:16:09.091    321    321 I artd:  GetBestInfo checking vdex next to the dex file (/data/user_de/0/com.google.android.gms/app_chimera/m/00000014/oat/arm64/dl-VisionOcr.optional_261533100000.vdex)
04-23 16:16:09.091    321    321 I artd:  unable to open vdex file /data/user_de/0/com.google.android.gms/app_chimera/m/00000014/oat/arm64/dl-VisionOcr.optional_261533100000.vdex: File /data/user_de/0/com.google.android.gms/app_chimera/m/00000014/oat/arm64/dl-VisionOcr.optional_261533100000.vdex does not exist.
04-23 16:16:09.091    321    321 I artd:  OatFileAssistant test for existing oat file /data/user_de/0/com.google.android.gms/app_chimera/m/00000014/oat/arm64/dl-VisionOcr.optional_261533100000.vdex: File /data/user_de/0/com.google.android.gms/app_chimera/m/00000014/oat/arm64/dl-VisionOcr.optional_261533100000.vdex does not exist.
04-23 16:16:09.091    321    321 I artd:  GetBestInfo checking dm (/data/user_de/0/com.google.android.gms/app_chimera/m/00000014/dl-VisionOcr.optional_261533100000.dm)
04-23 16:16:09.091    321    321 W ziparchive:  Unable to open '/data/user_de/0/com.google.android.gms/app_chimera/m/00000014/dl-VisionOcr.optional_261533100000.dm': No such file or directory
04-23 16:16:09.091    321    321 I artd:  OatFileAssistant test for existing oat file /data/user_de/0/com.google.android.gms/app_chimera/m/00000014/dl-VisionOcr.optional_261533100000.dm: I/O error
04-23 16:16:09.091    321    321 I artd:  GetBestInfo checking dm (/data/user_de/0/com.google.android.gms/app_chimera/m/00000014/dl-VisionOcr.optional_261533100000.dm)
04-23 16:16:09.091    321    321 W ziparchive:  Unable to open '/data/user_de/0/com.google.android.gms/app_chimera/m/00000014/dl-VisionOcr.optional_261533100000.dm': No such file or directory
04-23 16:16:09.091    321    321 I artd:  OatFileAssistant test for existing oat file /data/user_de/0/com.google.android.gms/app_chimera/m/00000014/dl-VisionOcr.optional_261533100000.dm: I/O error
04-23 16:16:09.091    321    321 I artd:  GetBestInfo no usable artifacts
04-23 16:16:09.092    321    328 I artd:  Dex parent of /data/user_de/0/com.google.android.gms/app_chimera/m/00000015/dl-PlayCloudSearch.optional_261533100000.apk is not writable: Permission denied
04-23 16:16:09.092    321    328 I artd:  GetBestInfo checking odex in dalvik-cache (/data/dalvik-cache/arm64/data@user_de@0@com.google.android.gms@app_chimera@m@00000015@dl-PlayCloudSearch.optional_261533100000.apk@classes.dex)
04-23 16:16:09.092    321    328 I artd:  Loading /data/dalvik-cache/arm64/data@user_de@0@com.google.android.gms@app_chimera@m@00000015@dl-PlayCloudSearch.optional_261533100000.apk@classes.dex with executable: 0
04-23 16:16:09.093    321    328 I artd:  OatFileAssistant test for existing oat file /data/dalvik-cache/arm64/data@user_de@0@com.google.android.gms@app_chimera@m@00000015@dl-PlayCloudSearch.optional_261533100000.apk@classes.dex: File /data/dalvik-cache/arm64/data@user_de@0@com.google.android.gms@app_chimera@m@00000015@dl-PlayCloudSearch.optional_261533100000.apk@classes.vdex does not exist.
04-23 16:16:09.093    321    328 I artd:  GetBestInfo checking odex next to the dex file (/data/user_de/0/com.google.android.gms/app_chimera/m/00000015/oat/arm64/dl-PlayCloudSearch.optional_261533100000.odex)
04-23 16:16:09.093    321    328 I artd:  Loading /data/user_de/0/com.google.android.gms/app_chimera/m/00000015/oat/arm64/dl-PlayCloudSearch.optional_261533100000.odex with executable: 0
04-23 16:16:09.093    321    328 I artd:  OatFileAssistant test for existing oat file /data/user_de/0/com.google.android.gms/app_chimera/m/00000015/oat/arm64/dl-PlayCloudSearch.optional_261533100000.odex: File /data/user_de/0/com.google.android.gms/app_chimera/m/00000015/oat/arm64/dl-PlayCloudSearch.optional_261533100000.vdex does not exist.
04-23 16:16:09.093    321    328 I artd:  GetBestInfo checking vdex in dalvik-cache (/data/dalvik-cache/arm64/data@user_de@0@com.google.android.gms@app_chimera@m@00000015@dl-PlayCloudSearch.optional_261533100000.apk@classes.vdex)
04-23 16:16:09.093    321    328 I artd:  unable to open vdex file /data/dalvik-cache/arm64/data@user_de@0@com.google.android.gms@app_chimera@m@00000015@dl-PlayCloudSearch.optional_261533100000.apk@classes.vdex: File /data/dalvik-cache/arm64/data@user_de@0@com.google.android.gms@app_chimera@m@00000015@dl-PlayCloudSearch.optional_261533100000.apk@classes.vdex does not exist.
04-23 16:16:09.093    321    328 I artd:  OatFileAssistant test for existing oat file /data/dalvik-cache/arm64/data@user_de@0@com.google.android.gms@app_chimera@m@00000015@dl-PlayCloudSearch.optional_261533100000.apk@classes.vdex: File /data/dalvik-cache/arm64/data@user_de@0@com.google.android.gms@app_chimera@m@00000015@dl-PlayCloudSearch.optional_261533100000.apk@classes.vdex does not exist.
04-23 16:16:09.093    321    328 I artd:  GetBestInfo checking vdex next to the dex file (/data/user_de/0/com.google.android.gms/app_chimera/m/00000015/oat/arm64/dl-PlayCloudSearch.optional_261533100000.vdex)
04-23 16:16:09.093    321    328 I artd:  unable to open vdex file /data/user_de/0/com.google.android.gms/app_chimera/m/00000015/oat/arm64/dl-PlayCloudSearch.optional_261533100000.vdex: File /data/user_de/0/com.google.android.gms/app_chimera/m/00000015/oat/arm64/dl-PlayCloudSearch.optional_261533100000.vdex does not exist.
04-23 16:16:09.093    321    328 I artd:  OatFileAssistant test for existing oat file /data/user_de/0/com.google.android.gms/app_chimera/m/00000015/oat/arm64/dl-PlayCloudSearch.optional_261533100000.vdex: File /data/user_de/0/com.google.android.gms/app_chimera/m/00000015/oat/arm64/dl-PlayCloudSearch.optional_261533100000.vdex does not exist.
04-23 16:16:09.093    321    328 I artd:  GetBestInfo checking dm (/data/user_de/0/com.google.android.gms/app_chimera/m/00000015/dl-PlayCloudSearch.optional_261533100000.dm)
04-23 16:16:09.093    321    328 W ziparchive:  Unable to open '/data/user_de/0/com.google.android.gms/app_chimera/m/00000015/dl-PlayCloudSearch.optional_261533100000.dm': No such file or directory
04-23 16:16:09.093    321    328 I artd:  OatFileAssistant test for existing oat file /data/user_de/0/com.google.android.gms/app_chimera/m/00000015/dl-PlayCloudSearch.optional_261533100000.dm: I/O error
04-23 16:16:09.093    321    328 I artd:  GetBestInfo checking dm (/data/user_de/0/com.google.android.gms/app_chimera/m/00000015/dl-PlayCloudSearch.optional_261533100000.dm)
04-23 16:16:09.093    321    328 W ziparchive:  Unable to open '/data/user_de/0/com.google.android.gms/app_chimera/m/00000015/dl-PlayCloudSearch.optional_261533100000.dm': No such file or directory
04-23 16:16:09.093    321    328 I artd:  OatFileAssistant test for existing oat file /data/user_de/0/com.google.android.gms/app_chimera/m/00000015/dl-PlayCloudSearch.optional_261533100000.dm: I/O error
04-23 16:16:09.093    321    328 I artd:  GetBestInfo no usable artifacts
04-23 16:16:09.093    321    329 I artd:  Dex parent of /data/user_de/0/com.google.android.gms/app_chimera/m/00000007/MeasurementDynamite.apk is not writable: No such file or directory
04-23 16:16:09.093    321    329 I artd:  GetBestInfo checking odex in dalvik-cache (/data/dalvik-cache/arm64/data@user_de@0@com.google.android.gms@app_chimera@m@00000007@MeasurementDynamite.apk@classes.dex)
04-23 16:16:09.093    321    329 I artd:  Loading /data/dalvik-cache/arm64/data@user_de@0@com.google.android.gms@app_chimera@m@00000007@MeasurementDynamite.apk@classes.dex with executable: 0
04-23 16:16:09.093    321    329 I artd:  OatFileAssistant test for existing oat file /data/dalvik-cache/arm64/data@user_de@0@com.google.android.gms@app_chimera@m@00000007@MeasurementDynamite.apk@classes.dex: File /data/dalvik-cache/arm64/data@user_de@0@com.google.android.gms@app_chimera@m@00000007@MeasurementDynamite.apk@classes.vdex does not exist.
04-23 16:16:09.093    321    329 I artd:  GetBestInfo checking odex next to the dex file (/data/user_de/0/com.google.android.gms/app_chimera/m/00000007/oat/arm64/MeasurementDynamite.odex)
04-23 16:16:09.093    321    329 I artd:  Loading /data/user_de/0/com.google.android.gms/app_chimera/m/00000007/oat/arm64/MeasurementDynamite.odex with executable: 0
04-23 16:16:09.093    321    329 I artd:  OatFileAssistant test for existing oat file /data/user_de/0/com.google.android.gms/app_chimera/m/00000007/oat/arm64/MeasurementDynamite.odex: File /data/user_de/0/com.google.android.gms/app_chimera/m/00000007/oat/arm64/MeasurementDynamite.vdex does not exist.
04-23 16:16:09.093    321    329 I artd:  GetBestInfo checking vdex in dalvik-cache (/data/dalvik-cache/arm64/data@user_de@0@com.google.android.gms@app_chimera@m@00000007@MeasurementDynamite.apk@classes.vdex)
04-23 16:16:09.093    321    329 I artd:  unable to open vdex file /data/dalvik-cache/arm64/data@user_de@0@com.google.android.gms@app_chimera@m@00000007@MeasurementDynamite.apk@classes.vdex: File /data/dalvik-cache/arm64/data@user_de@0@com.google.android.gms@app_chimera@m@00000007@MeasurementDynamite.apk@classes.vdex does not exist.
04-23 16:16:09.093    321    329 I artd:  OatFileAssistant test for existing oat file /data/dalvik-cache/arm64/data@user_de@0@com.google.android.gms@app_chimera@m@00000007@MeasurementDynamite.apk@classes.vdex: File /data/dalvik-cache/arm64/data@user_de@0@com.google.android.gms@app_chimera@m@00000007@MeasurementDynamite.apk@classes.vdex does not exist.
04-23 16:16:09.093    321    329 I artd:  GetBestInfo checking vdex next to the dex file (/data/user_de/0/com.google.android.gms/app_chimera/m/00000007/oat/arm64/MeasurementDynamite.vdex)
04-23 16:16:09.093    321    329 I artd:  unable to open vdex file /data/user_de/0/com.google.android.gms/app_chimera/m/00000007/oat/arm64/MeasurementDynamite.vdex: File /data/user_de/0/com.google.android.gms/app_chimera/m/00000007/oat/arm64/MeasurementDynamite.vdex does not exist.
04-23 16:16:09.093    321    329 I artd:  OatFileAssistant test for existing oat file /data/user_de/0/com.google.android.gms/app_chimera/m/00000007/oat/arm64/MeasurementDynamite.vdex: File /data/user_de/0/com.google.android.gms/app_chimera/m/00000007/oat/arm64/MeasurementDynamite.vdex does not exist.
04-23 16:16:09.093    321    329 I artd:  GetBestInfo checking dm (/data/user_de/0/com.google.android.gms/app_chimera/m/00000007/MeasurementDynamite.dm)
04-23 16:16:09.093    321    329 W ziparchive:  Unable to open '/data/user_de/0/com.google.android.gms/app_chimera/m/00000007/MeasurementDynamite.dm': No such file or directory
04-23 16:16:09.093    321    329 I artd:  OatFileAssistant test for existing oat file /data/user_de/0/com.google.android.gms/app_chimera/m/00000007/MeasurementDynamite.dm: I/O error
04-23 16:16:09.093    321    329 I artd:  GetBestInfo checking dm (/data/user_de/0/com.google.android.gms/app_chimera/m/00000007/MeasurementDynamite.dm)
04-23 16:16:09.093    321    329 W ziparchive:  Unable to open '/data/user_de/0/com.google.android.gms/app_chimera/m/00000007/MeasurementDynamite.dm': No such file or directory
04-23 16:16:09.093    321    329 I artd:  OatFileAssistant test for existing oat file /data/user_de/0/com.google.android.gms/app_chimera/m/00000007/MeasurementDynamite.dm: I/O error
04-23 16:16:09.093    321    329 I artd:  GetBestInfo no usable artifacts
04-23 16:16:09.094    321    329 I artd:  Dex parent of /data/user_de/0/com.google.android.gms/app_chimera/m/0000000a/dl-TfliteDynamiteDynamite.integ_252130102100400.apk is not writable: Permission denied
04-23 16:16:09.094    321    329 I artd:  GetBestInfo checking odex in dalvik-cache (/data/dalvik-cache/arm64/data@user_de@0@com.google.android.gms@app_chimera@m@0000000a@dl-TfliteDynamiteDynamite.integ_252130102100400.apk@classes.dex)
04-23 16:16:09.094    321    329 I artd:  Loading /data/dalvik-cache/arm64/data@user_de@0@com.google.android.gms@app_chimera@m@0000000a@dl-TfliteDynamiteDynamite.integ_252130102100400.apk@classes.dex with executable: 0
04-23 16:16:09.094    321    329 I artd:  OatFileAssistant test for existing oat file /data/dalvik-cache/arm64/data@user_de@0@com.google.android.gms@app_chimera@m@0000000a@dl-TfliteDynamiteDynamite.integ_252130102100400.apk@classes.dex: File /data/dalvik-cache/arm64/data@user_de@0@com.google.android.gms@app_chimera@m@0000000a@dl-TfliteDynamiteDynamite.integ_252130102100400.apk@classes.vdex does not exist.
04-23 16:16:09.094    321    329 I artd:  GetBestInfo checking odex next to the dex file (/data/user_de/0/com.google.android.gms/app_chimera/m/0000000a/oat/arm64/dl-TfliteDynamiteDynamite.integ_252130102100400.odex)
04-23 16:16:09.094    321    329 I artd:  Loading /data/user_de/0/com.google.android.gms/app_chimera/m/0000000a/oat/arm64/dl-TfliteDynamiteDynamite.integ_252130102100400.odex with executable: 0
04-23 16:16:09.094    321    329 I artd:  OatFileAssistant test for existing oat file /data/user_de/0/com.google.android.gms/app_chimera/m/0000000a/oat/arm64/dl-TfliteDynamiteDynamite.integ_252130102100400.odex: File /data/user_de/0/com.google.android.gms/app_chimera/m/0000000a/oat/arm64/dl-TfliteDynamiteDynamite.integ_252130102100400.vdex does not exist.
04-23 16:16:09.094    321    329 I artd:  GetBestInfo checking vdex in dalvik-cache (/data/dalvik-cache/arm64/data@user_de@0@com.google.android.gms@app_chimera@m@0000000a@dl-TfliteDynamiteDynamite.integ_252130102100400.apk@classes.vdex)
04-23 16:16:09.094    321    329 I artd:  unable to open vdex file /data/dalvik-cache/arm64/data@user_de@0@com.google.android.gms@app_chimera@m@0000000a@dl-TfliteDynamiteDynamite.integ_252130102100400.apk@classes.vdex: File /data/dalvik-cache/arm64/data@user_de@0@com.google.android.gms@app_chimera@m@0000000a@dl-TfliteDynamiteDynamite.integ_252130102100400.apk@classes.vdex does not exist.
04-23 16:16:09.094    321    329 I artd:  OatFileAssistant test for existing oat file /data/dalvik-cache/arm64/data@user_de@0@com.google.android.gms@app_chimera@m@0000000a@dl-TfliteDynamiteDynamite.integ_252130102100400.apk@classes.vdex: File /data/dalvik-cache/arm64/data@user_de@0@com.google.android.gms@app_chimera@m@0000000a@dl-TfliteDynamiteDynamite.integ_252130102100400.apk@classes.vdex does not exist.
04-23 16:16:09.094    321    329 I artd:  GetBestInfo checking vdex next to the dex file (/data/user_de/0/com.google.android.gms/app_chimera/m/0000000a/oat/arm64/dl-TfliteDynamiteDynamite.integ_252130102100400.vdex)
04-23 16:16:09.094    321    329 I artd:  unable to open vdex file /data/user_de/0/com.google.android.gms/app_chimera/m/0000000a/oat/arm64/dl-TfliteDynamiteDynamite.integ_252130102100400.vdex: File /data/user_de/0/com.google.android.gms/app_chimera/m/0000000a/oat/arm64/dl-TfliteDynamiteDynamite.integ_252130102100400.vdex does not exist.
04-23 16:16:09.094    321    329 I artd:  OatFileAssistant test for existing oat file /data/user_de/0/com.google.android.gms/app_chimera/m/0000000a/oat/arm64/dl-TfliteDynamiteDynamite.integ_252130102100400.vdex: File /data/user_de/0/com.google.android.gms/app_chimera/m/0000000a/oat/arm64/dl-TfliteDynamiteDynamite.integ_252130102100400.vdex does not exist.
04-23 16:16:09.094    321    329 I artd:  GetBestInfo checking dm (/data/user_de/0/com.google.android.gms/app_chimera/m/0000000a/dl-TfliteDynamiteDynamite.integ_252130102100400.dm)
04-23 16:16:09.094    321    329 W ziparchive:  Unable to open '/data/user_de/0/com.google.android.gms/app_chimera/m/0000000a/dl-TfliteDynamiteDynamite.integ_252130102100400.dm': No such file or directory
04-23 16:16:09.094    321    329 I artd:  OatFileAssistant test for existing oat file /data/user_de/0/com.google.android.gms/app_chimera/m/0000000a/dl-TfliteDynamiteDynamite.integ_252130102100400.dm: I/O error
04-23 16:16:09.094    321    329 I artd:  GetBestInfo checking dm (/data/user_de/0/com.google.android.gms/app_chimera/m/0000000a/dl-TfliteDynamiteDynamite.integ_252130102100400.dm)
04-23 16:16:09.094    321    329 W ziparchive:  Unable to open '/data/user_de/0/com.google.android.gms/app_chimera/m/0000000a/dl-TfliteDynamiteDynamite.integ_252130102100400.dm': No such file or directory
04-23 16:16:09.094    321    329 I artd:  OatFileAssistant test for existing oat file /data/user_de/0/com.google.android.gms/app_chimera/m/0000000a/dl-TfliteDynamiteDynamite.integ_252130102100400.dm: I/O error
04-23 16:16:09.094    321    329 I artd:  GetBestInfo no usable artifacts
04-23 16:16:09.152   1619   1619 I CNSS:  /sys/wifi/dump_in_progress file read permission doesn't exist
04-23 16:16:09.152   1619   1619 I CNSS:  /sys/wifi/max_chipset_log_size doesn't exist
04-23 16:16:09.224   1300   1300 W healthd:  battery l=80 v=4029 t=27.1 h=2 st=4 c=0 fc=3125000 chg=a
04-23 16:16:09.341    321    328 I artd:  Dex parent of /data/app/~~BLzfeNix6EWBNb8S9t5FBw==/com.google.android.gms-JAPluHI-vJ2Do9KMFPgF_Q==/base.apk is not writable: Permission denied
04-23 16:16:09.341    321    328 I artd:  GetBestInfo checking odex in dalvik-cache (/data/dalvik-cache/arm64/data@app@~~BLzfeNix6EWBNb8S9t5FBw==@com.google.android.gms-JAPluHI-vJ2Do9KMFPgF_Q==@base.apk@classes.dex)
04-23 16:16:09.342    321    328 I artd:  Loading /data/dalvik-cache/arm64/data@app@~~BLzfeNix6EWBNb8S9t5FBw==@com.google.android.gms-JAPluHI-vJ2Do9KMFPgF_Q==@base.apk@classes.dex with executable: 0
04-23 16:16:09.342    321    328 I artd:  OatFileAssistant test for existing oat file /data/dalvik-cache/arm64/data@app@~~BLzfeNix6EWBNb8S9t5FBw==@com.google.android.gms-JAPluHI-vJ2Do9KMFPgF_Q==@base.apk@classes.dex: File /data/dalvik-cache/arm64/data@app@~~BLzfeNix6EWBNb8S9t5FBw==@com.google.android.gms-JAPluHI-vJ2Do9KMFPgF_Q==@base.apk@classes.vdex does not exist.
04-23 16:16:09.342    321    328 I artd:  GetBestInfo checking odex next to the dex file (/data/app/~~BLzfeNix6EWBNb8S9t5FBw==/com.google.android.gms-JAPluHI-vJ2Do9KMFPgF_Q==/oat/arm64/base.odex)
04-23 16:16:09.342    321    328 I artd:  Loading /data/app/~~BLzfeNix6EWBNb8S9t5FBw==/com.google.android.gms-JAPluHI-vJ2Do9KMFPgF_Q==/oat/arm64/base.odex with executable: 0
04-23 16:16:09.343    321    328 I artd:  Successfully loaded /data/app/~~BLzfeNix6EWBNb8S9t5FBw==/com.google.android.gms-JAPluHI-vJ2Do9KMFPgF_Q==/oat/arm64/base.odex with executable: 0
04-23 16:16:09.343    321    328 I artd:  /data/app/~~BLzfeNix6EWBNb8S9t5FBw==/com.google.android.gms-JAPluHI-vJ2Do9KMFPgF_Q==/oat/arm64/base.odex is kOatUpToDate with filter speed-profile
04-23 16:16:09.344    321    328 I artd:  Dex parent of /data/app/~~BLzfeNix6EWBNb8S9t5FBw==/com.google.android.gms-JAPluHI-vJ2Do9KMFPgF_Q==/base.apk is not writable: Permission denied
04-23 16:16:09.344    321    328 I artd:  GetBestInfo checking odex in dalvik-cache (/data/dalvik-cache/arm/data@app@~~BLzfeNix6EWBNb8S9t5FBw==@com.google.android.gms-JAPluHI-vJ2Do9KMFPgF_Q==@base.apk@classes.dex)
04-23 16:16:09.344    321    328 I artd:  Loading /data/dalvik-cache/arm/data@app@~~BLzfeNix6EWBNb8S9t5FBw==@com.google.android.gms-JAPluHI-vJ2Do9KMFPgF_Q==@base.apk@classes.dex with executable: 0
04-23 16:16:09.344    321    328 I artd:  OatFileAssistant test for existing oat file /data/dalvik-cache/arm/data@app@~~BLzfeNix6EWBNb8S9t5FBw==@com.google.android.gms-JAPluHI-vJ2Do9KMFPgF_Q==@base.apk@classes.dex: File /data/dalvik-cache/arm/data@app@~~BLzfeNix6EWBNb8S9t5FBw==@com.google.android.gms-JAPluHI-vJ2Do9KMFPgF_Q==@base.apk@classes.vdex does not exist.
04-23 16:16:09.344    321    328 I artd:  GetBestInfo checking odex next to the dex file (/data/app/~~BLzfeNix6EWBNb8S9t5FBw==/com.google.android.gms-JAPluHI-vJ2Do9KMFPgF_Q==/oat/arm/base.odex)
04-23 16:16:09.344    321    328 I artd:  Loading /data/app/~~BLzfeNix6EWBNb8S9t5FBw==/com.google.android.gms-JAPluHI-vJ2Do9KMFPgF_Q==/oat/arm/base.odex with executable: 0
04-23 16:16:09.346    321    328 I artd:  Successfully loaded /data/app/~~BLzfeNix6EWBNb8S9t5FBw==/com.google.android.gms-JAPluHI-vJ2Do9KMFPgF_Q==/oat/arm/base.odex with executable: 0
04-23 16:16:09.346    321    328 I artd:  /data/app/~~BLzfeNix6EWBNb8S9t5FBw==/com.google.android.gms-JAPluHI-vJ2Do9KMFPgF_Q==/oat/arm/base.odex is kOatUpToDate with filter speed-profile
04-23 16:16:09.348    321    328 I artd:  Dex parent of /data/app/~~BLzfeNix6EWBNb8S9t5FBw==/com.google.android.gms-JAPluHI-vJ2Do9KMFPgF_Q==/split_AdsDynamite_installtime.apk is not writable: Permission denied
04-23 16:16:09.348    321    328 I artd:  GetBestInfo checking odex in dalvik-cache (/data/dalvik-cache/arm64/data@app@~~BLzfeNix6EWBNb8S9t5FBw==@com.google.android.gms-JAPluHI-vJ2Do9KMFPgF_Q==@split_AdsDynamite_installtime.apk@classes.dex)
04-23 16:16:09.348    321    328 I artd:  Loading /data/dalvik-cache/arm64/data@app@~~BLzfeNix6EWBNb8S9t5FBw==@com.google.android.gms-JAPluHI-vJ2Do9KMFPgF_Q==@split_AdsDynamite_installtime.apk@classes.dex with executable: 0
04-23 16:16:09.348    321    328 I artd:  OatFileAssistant test for existing oat file /data/dalvik-cache/arm64/data@app@~~BLzfeNix6EWBNb8S9t5FBw==@com.google.android.gms-JAPluHI-vJ2Do9KMFPgF_Q==@split_AdsDynamite_installtime.apk@classes.dex: File /data/dalvik-cache/arm64/data@app@~~BLzfeNix6EWBNb8S9t5FBw==@com.google.android.gms-JAPluHI-vJ2Do9KMFPgF_Q==@split_AdsDynamite_installtime.apk@classes.vdex does not exist.
04-23 16:16:09.348    321    328 I artd:  GetBestInfo checking odex next to the dex file (/data/app/~~BLzfeNix6EWBNb8S9t5FBw==/com.google.android.gms-JAPluHI-vJ2Do9KMFPgF_Q==/oat/arm64/split_AdsDynamite_installtime.odex)
04-23 16:16:09.348    321    328 I artd:  Loading /data/app/~~BLzfeNix6EWBNb8S9t5FBw==/com.google.android.gms-JAPluHI-vJ2Do9KMFPgF_Q==/oat/arm64/split_AdsDynamite_installtime.odex with executable: 0
04-23 16:16:09.348    321    328 I artd:  Successfully loaded /data/app/~~BLzfeNix6EWBNb8S9t5FBw==/com.google.android.gms-JAPluHI-vJ2Do9KMFPgF_Q==/oat/arm64/split_AdsDynamite_installtime.odex with executable: 0
04-23 16:16:09.348    321    328 I artd:  /data/app/~~BLzfeNix6EWBNb8S9t5FBw==/com.google.android.gms-JAPluHI-vJ2Do9KMFPgF_Q==/oat/arm64/split_AdsDynamite_installtime.odex is kOatUpToDate with filter speed
04-23 16:16:09.350    321    328 I artd:  Dex parent of /data/app/~~BLzfeNix6EWBNb8S9t5FBw==/com.google.android.gms-JAPluHI-vJ2Do9KMFPgF_Q==/split_AdsDynamite_installtime.apk is not writable: Permission denied
04-23 16:16:09.350    321    328 I artd:  GetBestInfo checking odex in dalvik-cache (/data/dalvik-cache/arm/data@app@~~BLzfeNix6EWBNb8S9t5FBw==@com.google.android.gms-JAPluHI-vJ2Do9KMFPgF_Q==@split_AdsDynamite_installtime.apk@classes.dex)
04-23 16:16:09.350    321    328 I artd:  Loading /data/dalvik-cache/arm/data@app@~~BLzfeNix6EWBNb8S9t5FBw==@com.google.android.gms-JAPluHI-vJ2Do9KMFPgF_Q==@split_AdsDynamite_installtime.apk@classes.dex with executable: 0
04-23 16:16:09.350    321    328 I artd:  OatFileAssistant test for existing oat file /data/dalvik-cache/arm/data@app@~~BLzfeNix6EWBNb8S9t5FBw==@com.google.android.gms-JAPluHI-vJ2Do9KMFPgF_Q==@split_AdsDynamite_installtime.apk@classes.dex: File /data/dalvik-cache/arm/data@app@~~BLzfeNix6EWBNb8S9t5FBw==@com.google.android.gms-JAPluHI-vJ2Do9KMFPgF_Q==@split_AdsDynamite_installtime.apk@classes.vdex does not exist.
04-23 16:16:09.350    321    328 I artd:  GetBestInfo checking odex next to the dex file (/data/app/~~BLzfeNix6EWBNb8S9t5FBw==/com.google.android.gms-JAPluHI-vJ2Do9KMFPgF_Q==/oat/arm/split_AdsDynamite_installtime.odex)
04-23 16:16:09.350    321    328 I artd:  Loading /data/app/~~BLzfeNix6EWBNb8S9t5FBw==/com.google.android.gms-JAPluHI-vJ2Do9KMFPgF_Q==/oat/arm/split_AdsDynamite_installtime.odex with executable: 0
04-23 16:16:09.350    321    328 I artd:  Successfully loaded /data/app/~~BLzfeNix6EWBNb8S9t5FBw==/com.google.android.gms-JAPluHI-vJ2Do9KMFPgF_Q==/oat/arm/split_AdsDynamite_installtime.odex with executable: 0
04-23 16:16:09.351    321    328 I artd:  /data/app/~~BLzfeNix6EWBNb8S9t5FBw==/com.google.android.gms-JAPluHI-vJ2Do9KMFPgF_Q==/oat/arm/split_AdsDynamite_installtime.odex is kOatUpToDate with filter speed
04-23 16:16:09.352    321    328 I artd:  Dex parent of /data/app/~~BLzfeNix6EWBNb8S9t5FBw==/com.google.android.gms-JAPluHI-vJ2Do9KMFPgF_Q==/split_CronetDynamite_installtime.apk is not writable: Permission denied
04-23 16:16:09.352    321    328 I artd:  GetBestInfo checking odex in dalvik-cache (/data/dalvik-cache/arm64/data@app@~~BLzfeNix6EWBNb8S9t5FBw==@com.google.android.gms-JAPluHI-vJ2Do9KMFPgF_Q==@split_CronetDynamite_installtime.apk@classes.dex)
04-23 16:16:09.352    321    328 I artd:  Loading /data/dalvik-cache/arm64/data@app@~~BLzfeNix6EWBNb8S9t5FBw==@com.google.android.gms-JAPluHI-vJ2Do9KMFPgF_Q==@split_CronetDynamite_installtime.apk@classes.dex with executable: 0
04-23 16:16:09.352    321    328 I artd:  OatFileAssistant test for existing oat file /data/dalvik-cache/arm64/data@app@~~BLzfeNix6EWBNb8S9t5FBw==@com.google.android.gms-JAPluHI-vJ2Do9KMFPgF_Q==@split_CronetDynamite_installtime.apk@classes.dex: File /data/dalvik-cache/arm64/data@app@~~BLzfeNix6EWBNb8S9t5FBw==@com.google.android.gms-JAPluHI-vJ2Do9KMFPgF_Q==@split_CronetDynamite_installtime.apk@classes.vdex does not exist.
04-23 16:16:09.352    321    328 I artd:  GetBestInfo checking odex next to the dex file (/data/app/~~BLzfeNix6EWBNb8S9t5FBw==/com.google.android.gms-JAPluHI-vJ2Do9KMFPgF_Q==/oat/arm64/split_CronetDynamite_installtime.odex)
04-23 16:16:09.352    321    328 I artd:  Loading /data/app/~~BLzfeNix6EWBNb8S9t5FBw==/com.google.android.gms-JAPluHI-vJ2Do9KMFPgF_Q==/oat/arm64/split_CronetDynamite_installtime.odex with executable: 0
04-23 16:16:09.352    321    328 I artd:  Successfully loaded /data/app/~~BLzfeNix6EWBNb8S9t5FBw==/com.google.android.gms-JAPluHI-vJ2Do9KMFPgF_Q==/oat/arm64/split_CronetDynamite_installtime.odex with executable: 0
04-23 16:16:09.353    321    328 I artd:  /data/app/~~BLzfeNix6EWBNb8S9t5FBw==/com.google.android.gms-JAPluHI-vJ2Do9KMFPgF_Q==/oat/arm64/split_CronetDynamite_installtime.odex is kOatUpToDate with filter speed-profile
04-23 16:16:09.354    321    321 I artd:  Dex parent of /data/app/~~BLzfeNix6EWBNb8S9t5FBw==/com.google.android.gms-JAPluHI-vJ2Do9KMFPgF_Q==/split_CronetDynamite_installtime.apk is not writable: Permission denied
04-23 16:16:09.354    321    321 I artd:  GetBestInfo checking odex in dalvik-cache (/data/dalvik-cache/arm/data@app@~~BLzfeNix6EWBNb8S9t5FBw==@com.google.android.gms-JAPluHI-vJ2Do9KMFPgF_Q==@split_CronetDynamite_installtime.apk@classes.dex)
04-23 16:16:09.354    321    321 I artd:  Loading /data/dalvik-cache/arm/data@app@~~BLzfeNix6EWBNb8S9t5FBw==@com.google.android.gms-JAPluHI-vJ2Do9KMFPgF_Q==@split_CronetDynamite_installtime.apk@classes.dex with executable: 0
04-23 16:16:09.354    321    321 I artd:  OatFileAssistant test for existing oat file /data/dalvik-cache/arm/data@app@~~BLzfeNix6EWBNb8S9t5FBw==@com.google.android.gms-JAPluHI-vJ2Do9KMFPgF_Q==@split_CronetDynamite_installtime.apk@classes.dex: File /data/dalvik-cache/arm/data@app@~~BLzfeNix6EWBNb8S9t5FBw==@com.google.android.gms-JAPluHI-vJ2Do9KMFPgF_Q==@split_CronetDynamite_installtime.apk@classes.vdex does not exist.
04-23 16:16:09.354    321    321 I artd:  GetBestInfo checking odex next to the dex file (/data/app/~~BLzfeNix6EWBNb8S9t5FBw==/com.google.android.gms-JAPluHI-vJ2Do9KMFPgF_Q==/oat/arm/split_CronetDynamite_installtime.odex)
04-23 16:16:09.354    321    321 I artd:  Loading /data/app/~~BLzfeNix6EWBNb8S9t5FBw==/com.google.android.gms-JAPluHI-vJ2Do9KMFPgF_Q==/oat/arm/split_CronetDynamite_installtime.odex with executable: 0
04-23 16:16:09.354    321    321 I artd:  Successfully loaded /data/app/~~BLzfeNix6EWBNb8S9t5FBw==/com.google.android.gms-JAPluHI-vJ2Do9KMFPgF_Q==/oat/arm/split_CronetDynamite_installtime.odex with executable: 0
04-23 16:16:09.355    321    321 I artd:  /data/app/~~BLzfeNix6EWBNb8S9t5FBw==/com.google.android.gms-JAPluHI-vJ2Do9KMFPgF_Q==/oat/arm/split_CronetDynamite_installtime.odex is kOatUpToDate with filter speed-profile
04-23 16:16:09.356    321    321 I artd:  Dex parent of /data/app/~~BLzfeNix6EWBNb8S9t5FBw==/com.google.android.gms-JAPluHI-vJ2Do9KMFPgF_Q==/split_DynamiteLoader_installtime.apk is not writable: Permission denied
04-23 16:16:09.356    321    321 I artd:  GetBestInfo checking odex in dalvik-cache (/data/dalvik-cache/arm64/data@app@~~BLzfeNix6EWBNb8S9t5FBw==@com.google.android.gms-JAPluHI-vJ2Do9KMFPgF_Q==@split_DynamiteLoader_installtime.apk@classes.dex)
04-23 16:16:09.356    321    321 I artd:  Loading /data/dalvik-cache/arm64/data@app@~~BLzfeNix6EWBNb8S9t5FBw==@com.google.android.gms-JAPluHI-vJ2Do9KMFPgF_Q==@split_DynamiteLoader_installtime.apk@classes.dex with executable: 0
04-23 16:16:09.356    321    321 I artd:  OatFileAssistant test for existing oat file /data/dalvik-cache/arm64/data@app@~~BLzfeNix6EWBNb8S9t5FBw==@com.google.android.gms-JAPluHI-vJ2Do9KMFPgF_Q==@split_DynamiteLoader_installtime.apk@classes.dex: File /data/dalvik-cache/arm64/data@app@~~BLzfeNix6EWBNb8S9t5FBw==@com.google.android.gms-JAPluHI-vJ2Do9KMFPgF_Q==@split_DynamiteLoader_installtime.apk@classes.vdex does not exist.
04-23 16:16:09.356    321    321 I artd:  GetBestInfo checking odex next to the dex file (/data/app/~~BLzfeNix6EWBNb8S9t5FBw==/com.google.android.gms-JAPluHI-vJ2Do9KMFPgF_Q==/oat/arm64/split_DynamiteLoader_installtime.odex)
04-23 16:16:09.356    321    321 I artd:  Loading /data/app/~~BLzfeNix6EWBNb8S9t5FBw==/com.google.android.gms-JAPluHI-vJ2Do9KMFPgF_Q==/oat/arm64/split_DynamiteLoader_installtime.odex with executable: 0
04-23 16:16:09.356    321    321 I artd:  Successfully loaded /data/app/~~BLzfeNix6EWBNb8S9t5FBw==/com.google.android.gms-JAPluHI-vJ2Do9KMFPgF_Q==/oat/arm64/split_DynamiteLoader_installtime.odex with executable: 0
04-23 16:16:09.357    321    321 I artd:  /data/app/~~BLzfeNix6EWBNb8S9t5FBw==/com.google.android.gms-JAPluHI-vJ2Do9KMFPgF_Q==/oat/arm64/split_DynamiteLoader_installtime.odex is kOatUpToDate with filter speed
04-23 16:16:09.358    321    321 I artd:  Dex parent of /data/app/~~BLzfeNix6EWBNb8S9t5FBw==/com.google.android.gms-JAPluHI-vJ2Do9KMFPgF_Q==/split_DynamiteLoader_installtime.apk is not writable: Permission denied
04-23 16:16:09.358    321    321 I artd:  GetBestInfo checking odex in dalvik-cache (/data/dalvik-cache/arm/data@app@~~BLzfeNix6EWBNb8S9t5FBw==@com.google.android.gms-JAPluHI-vJ2Do9KMFPgF_Q==@split_DynamiteLoader_installtime.apk@classes.dex)
04-23 16:16:09.358    321    321 I artd:  Loading /data/dalvik-cache/arm/data@app@~~BLzfeNix6EWBNb8S9t5FBw==@com.google.android.gms-JAPluHI-vJ2Do9KMFPgF_Q==@split_DynamiteLoader_installtime.apk@classes.dex with executable: 0
04-23 16:16:09.358    321    321 I artd:  OatFileAssistant test for existing oat file /data/dalvik-cache/arm/data@app@~~BLzfeNix6EWBNb8S9t5FBw==@com.google.android.gms-JAPluHI-vJ2Do9KMFPgF_Q==@split_DynamiteLoader_installtime.apk@classes.dex: File /data/dalvik-cache/arm/data@app@~~BLzfeNix6EWBNb8S9t5FBw==@com.google.android.gms-JAPluHI-vJ2Do9KMFPgF_Q==@split_DynamiteLoader_installtime.apk@classes.vdex does not exist.
04-23 16:16:09.358    321    321 I artd:  GetBestInfo checking odex next to the dex file (/data/app/~~BLzfeNix6EWBNb8S9t5FBw==/com.google.android.gms-JAPluHI-vJ2Do9KMFPgF_Q==/oat/arm/split_DynamiteLoader_installtime.odex)
04-23 16:16:09.358    321    321 I artd:  Loading /data/app/~~BLzfeNix6EWBNb8S9t5FBw==/com.google.android.gms-JAPluHI-vJ2Do9KMFPgF_Q==/oat/arm/split_DynamiteLoader_installtime.odex with executable: 0
04-23 16:16:09.358    321    321 I artd:  Successfully loaded /data/app/~~BLzfeNix6EWBNb8S9t5FBw==/com.google.android.gms-JAPluHI-vJ2Do9KMFPgF_Q==/oat/arm/split_DynamiteLoader_installtime.odex with executable: 0
04-23 16:16:09.359    321    321 I artd:  /data/app/~~BLzfeNix6EWBNb8S9t5FBw==/com.google.android.gms-JAPluHI-vJ2Do9KMFPgF_Q==/oat/arm/split_DynamiteLoader_installtime.odex is kOatUpToDate with filter speed
04-23 16:16:09.360    321    329 I artd:  Dex parent of /data/app/~~BLzfeNix6EWBNb8S9t5FBw==/com.google.android.gms-JAPluHI-vJ2Do9KMFPgF_Q==/split_DynamiteModulesA_installtime.apk is not writable: Permission denied
04-23 16:16:09.360    321    329 I artd:  GetBestInfo checking odex in dalvik-cache (/data/dalvik-cache/arm64/data@app@~~BLzfeNix6EWBNb8S9t5FBw==@com.google.android.gms-JAPluHI-vJ2Do9KMFPgF_Q==@split_DynamiteModulesA_installtime.apk@classes.dex)
04-23 16:16:09.360    321    329 I artd:  Loading /data/dalvik-cache/arm64/data@app@~~BLzfeNix6EWBNb8S9t5FBw==@com.google.android.gms-JAPluHI-vJ2Do9KMFPgF_Q==@split_DynamiteModulesA_installtime.apk@classes.dex with executable: 0
04-23 16:16:09.360    321    329 I artd:  OatFileAssistant test for existing oat file /data/dalvik-cache/arm64/data@app@~~BLzfeNix6EWBNb8S9t5FBw==@com.google.android.gms-JAPluHI-vJ2Do9KMFPgF_Q==@split_DynamiteModulesA_installtime.apk@classes.dex: File /data/dalvik-cache/arm64/data@app@~~BLzfeNix6EWBNb8S9t5FBw==@com.google.android.gms-JAPluHI-vJ2Do9KMFPgF_Q==@split_DynamiteModulesA_installtime.apk@classes.vdex does not exist.
04-23 16:16:09.360    321    329 I artd:  GetBestInfo checking odex next to the dex file (/data/app/~~BLzfeNix6EWBNb8S9t5FBw==/com.google.android.gms-JAPluHI-vJ2Do9KMFPgF_Q==/oat/arm64/split_DynamiteModulesA_installtime.odex)
04-23 16:16:09.360    321    329 I artd:  Loading /data/app/~~BLzfeNix6EWBNb8S9t5FBw==/com.google.android.gms-JAPluHI-vJ2Do9KMFPgF_Q==/oat/arm64/split_DynamiteModulesA_installtime.odex with executable: 0
04-23 16:16:09.360    321    329 I artd:  Successfully loaded /data/app/~~BLzfeNix6EWBNb8S9t5FBw==/com.google.android.gms-JAPluHI-vJ2Do9KMFPgF_Q==/oat/arm64/split_DynamiteModulesA_installtime.odex with executable: 0
04-23 16:16:09.361    321    329 I artd:  /data/app/~~BLzfeNix6EWBNb8S9t5FBw==/com.google.android.gms-JAPluHI-vJ2Do9KMFPgF_Q==/oat/arm64/split_DynamiteModulesA_installtime.odex is kOatUpToDate with filter speed
04-23 16:16:09.362    321    329 I artd:  Dex parent of /data/app/~~BLzfeNix6EWBNb8S9t5FBw==/com.google.android.gms-JAPluHI-vJ2Do9KMFPgF_Q==/split_DynamiteModulesA_installtime.apk is not writable: Permission denied
04-23 16:16:09.362    321    329 I artd:  GetBestInfo checking odex in dalvik-cache (/data/dalvik-cache/arm/data@app@~~BLzfeNix6EWBNb8S9t5FBw==@com.google.android.gms-JAPluHI-vJ2Do9KMFPgF_Q==@split_DynamiteModulesA_installtime.apk@classes.dex)
04-23 16:16:09.362    321    329 I artd:  Loading /data/dalvik-cache/arm/data@app@~~BLzfeNix6EWBNb8S9t5FBw==@com.google.android.gms-JAPluHI-vJ2Do9KMFPgF_Q==@split_DynamiteModulesA_installtime.apk@classes.dex with executable: 0
04-23 16:16:09.362    321    329 I artd:  OatFileAssistant test for existing oat file /data/dalvik-cache/arm/data@app@~~BLzfeNix6EWBNb8S9t5FBw==@com.google.android.gms-JAPluHI-vJ2Do9KMFPgF_Q==@split_DynamiteModulesA_installtime.apk@classes.dex: File /data/dalvik-cache/arm/data@app@~~BLzfeNix6EWBNb8S9t5FBw==@com.google.android.gms-JAPluHI-vJ2Do9KMFPgF_Q==@split_DynamiteModulesA_installtime.apk@classes.vdex does not exist.
04-23 16:16:09.362    321    329 I artd:  GetBestInfo checking odex next to the dex file (/data/app/~~BLzfeNix6EWBNb8S9t5FBw==/com.google.android.gms-JAPluHI-vJ2Do9KMFPgF_Q==/oat/arm/split_DynamiteModulesA_installtime.odex)
04-23 16:16:09.362    321    329 I artd:  Loading /data/app/~~BLzfeNix6EWBNb8S9t5FBw==/com.google.android.gms-JAPluHI-vJ2Do9KMFPgF_Q==/oat/arm/split_DynamiteModulesA_installtime.odex with executable: 0
04-23 16:16:09.363    321    329 I artd:  Successfully loaded /data/app/~~BLzfeNix6EWBNb8S9t5FBw==/com.google.android.gms-JAPluHI-vJ2Do9KMFPgF_Q==/oat/arm/split_DynamiteModulesA_installtime.odex with executable: 0
04-23 16:16:09.363    321    329 I artd:  /data/app/~~BLzfeNix6EWBNb8S9t5FBw==/com.google.android.gms-JAPluHI-vJ2Do9KMFPgF_Q==/oat/arm/split_DynamiteModulesA_installtime.odex is kOatUpToDate with filter speed
04-23 16:16:09.365    321    329 I artd:  Dex parent of /data/app/~~BLzfeNix6EWBNb8S9t5FBw==/com.google.android.gms-JAPluHI-vJ2Do9KMFPgF_Q==/split_DynamiteModulesC_installtime.apk is not writable: Permission denied
04-23 16:16:09.365    321    329 I artd:  GetBestInfo checking odex in dalvik-cache (/data/dalvik-cache/arm64/data@app@~~BLzfeNix6EWBNb8S9t5FBw==@com.google.android.gms-JAPluHI-vJ2Do9KMFPgF_Q==@split_DynamiteModulesC_installtime.apk@classes.dex)
04-23 16:16:09.365    321    329 I artd:  Loading /data/dalvik-cache/arm64/data@app@~~BLzfeNix6EWBNb8S9t5FBw==@com.google.android.gms-JAPluHI-vJ2Do9KMFPgF_Q==@split_DynamiteModulesC_installtime.apk@classes.dex with executable: 0
04-23 16:16:09.365    321    329 I artd:  OatFileAssistant test for existing oat file /data/dalvik-cache/arm64/data@app@~~BLzfeNix6EWBNb8S9t5FBw==@com.google.android.gms-JAPluHI-vJ2Do9KMFPgF_Q==@split_DynamiteModulesC_installtime.apk@classes.dex: File /data/dalvik-cache/arm64/data@app@~~BLzfeNix6EWBNb8S9t5FBw==@com.google.android.gms-JAPluHI-vJ2Do9KMFPgF_Q==@split_DynamiteModulesC_installtime.apk@classes.vdex does not exist.
04-23 16:16:09.365    321    329 I artd:  GetBestInfo checking odex next to the dex file (/data/app/~~BLzfeNix6EWBNb8S9t5FBw==/com.google.android.gms-JAPluHI-vJ2Do9KMFPgF_Q==/oat/arm64/split_DynamiteModulesC_installtime.odex)
04-23 16:16:09.365    321    329 I artd:  Loading /data/app/~~BLzfeNix6EWBNb8S9t5FBw==/com.google.android.gms-JAPluHI-vJ2Do9KMFPgF_Q==/oat/arm64/split_DynamiteModulesC_installtime.odex with executable: 0
04-23 16:16:09.365    321    329 I artd:  Successfully loaded /data/app/~~BLzfeNix6EWBNb8S9t5FBw==/com.google.android.gms-JAPluHI-vJ2Do9KMFPgF_Q==/oat/arm64/split_DynamiteModulesC_installtime.odex with executable: 0
04-23 16:16:09.366    321    329 I artd:  /data/app/~~BLzfeNix6EWBNb8S9t5FBw==/com.google.android.gms-JAPluHI-vJ2Do9KMFPgF_Q==/oat/arm64/split_DynamiteModulesC_installtime.odex is kOatUpToDate with filter speed
04-23 16:16:09.367    321    321 I artd:  Dex parent of /data/app/~~BLzfeNix6EWBNb8S9t5FBw==/com.google.android.gms-JAPluHI-vJ2Do9KMFPgF_Q==/split_DynamiteModulesC_installtime.apk is not writable: Permission denied
04-23 16:16:09.367    321    321 I artd:  GetBestInfo checking odex in dalvik-cache (/data/dalvik-cache/arm/data@app@~~BLzfeNix6EWBNb8S9t5FBw==@com.google.android.gms-JAPluHI-vJ2Do9KMFPgF_Q==@split_DynamiteModulesC_installtime.apk@classes.dex)
04-23 16:16:09.367    321    321 I artd:  Loading /data/dalvik-cache/arm/data@app@~~BLzfeNix6EWBNb8S9t5FBw==@com.google.android.gms-JAPluHI-vJ2Do9KMFPgF_Q==@split_DynamiteModulesC_installtime.apk@classes.dex with executable: 0
04-23 16:16:09.367    321    321 I artd:  OatFileAssistant test for existing oat file /data/dalvik-cache/arm/data@app@~~BLzfeNix6EWBNb8S9t5FBw==@com.google.android.gms-JAPluHI-vJ2Do9KMFPgF_Q==@split_DynamiteModulesC_installtime.apk@classes.dex: File /data/dalvik-cache/arm/data@app@~~BLzfeNix6EWBNb8S9t5FBw==@com.google.android.gms-JAPluHI-vJ2Do9KMFPgF_Q==@split_DynamiteModulesC_installtime.apk@classes.vdex does not exist.
04-23 16:16:09.367    321    321 I artd:  GetBestInfo checking odex next to the dex file (/data/app/~~BLzfeNix6EWBNb8S9t5FBw==/com.google.android.gms-JAPluHI-vJ2Do9KMFPgF_Q==/oat/arm/split_DynamiteModulesC_installtime.odex)
04-23 16:16:09.367    321    321 I artd:  Loading /data/app/~~BLzfeNix6EWBNb8S9t5FBw==/com.google.android.gms-JAPluHI-vJ2Do9KMFPgF_Q==/oat/arm/split_DynamiteModulesC_installtime.odex with executable: 0
04-23 16:16:09.368    321    321 I artd:  Successfully loaded /data/app/~~BLzfeNix6EWBNb8S9t5FBw==/com.google.android.gms-JAPluHI-vJ2Do9KMFPgF_Q==/oat/arm/split_DynamiteModulesC_installtime.odex with executable: 0
04-23 16:16:09.368    321    321 I artd:  /data/app/~~BLzfeNix6EWBNb8S9t5FBw==/com.google.android.gms-JAPluHI-vJ2Do9KMFPgF_Q==/oat/arm/split_DynamiteModulesC_installtime.odex is kOatUpToDate with filter speed
04-23 16:16:09.370    321    329 I artd:  Dex parent of /data/app/~~BLzfeNix6EWBNb8S9t5FBw==/com.google.android.gms-JAPluHI-vJ2Do9KMFPgF_Q==/split_GoogleCertificates_installtime.apk is not writable: Permission denied
04-23 16:16:09.370    321    329 I artd:  GetBestInfo checking odex in dalvik-cache (/data/dalvik-cache/arm64/data@app@~~BLzfeNix6EWBNb8S9t5FBw==@com.google.android.gms-JAPluHI-vJ2Do9KMFPgF_Q==@split_GoogleCertificates_installtime.apk@classes.dex)
04-23 16:16:09.370    321    329 I artd:  Loading /data/dalvik-cache/arm64/data@app@~~BLzfeNix6EWBNb8S9t5FBw==@com.google.android.gms-JAPluHI-vJ2Do9KMFPgF_Q==@split_GoogleCertificates_installtime.apk@classes.dex with executable: 0
04-23 16:16:09.370    321    329 I artd:  OatFileAssistant test for existing oat file /data/dalvik-cache/arm64/data@app@~~BLzfeNix6EWBNb8S9t5FBw==@com.google.android.gms-JAPluHI-vJ2Do9KMFPgF_Q==@split_GoogleCertificates_installtime.apk@classes.dex: File /data/dalvik-cache/arm64/data@app@~~BLzfeNix6EWBNb8S9t5FBw==@com.google.android.gms-JAPluHI-vJ2Do9KMFPgF_Q==@split_GoogleCertificates_installtime.apk@classes.vdex does not exist.
04-23 16:16:09.370    321    329 I artd:  GetBestInfo checking odex next to the dex file (/data/app/~~BLzfeNix6EWBNb8S9t5FBw==/com.google.android.gms-JAPluHI-vJ2Do9KMFPgF_Q==/oat/arm64/split_GoogleCertificates_installtime.odex)
04-23 16:16:09.370    321    329 I artd:  Loading /data/app/~~BLzfeNix6EWBNb8S9t5FBw==/com.google.android.gms-JAPluHI-vJ2Do9KMFPgF_Q==/oat/arm64/split_GoogleCertificates_installtime.odex with executable: 0
04-23 16:16:09.370    321    329 I artd:  Successfully loaded /data/app/~~BLzfeNix6EWBNb8S9t5FBw==/com.google.android.gms-JAPluHI-vJ2Do9KMFPgF_Q==/oat/arm64/split_GoogleCertificates_installtime.odex with executable: 0
04-23 16:16:09.370    321    329 I artd:  /data/app/~~BLzfeNix6EWBNb8S9t5FBw==/com.google.android.gms-JAPluHI-vJ2Do9KMFPgF_Q==/oat/arm64/split_GoogleCertificates_installtime.odex is kOatUpToDate with filter speed
04-23 16:16:09.372    321    328 I artd:  Dex parent of /data/app/~~BLzfeNix6EWBNb8S9t5FBw==/com.google.android.gms-JAPluHI-vJ2Do9KMFPgF_Q==/split_GoogleCertificates_installtime.apk is not writable: Permission denied
04-23 16:16:09.372    321    328 I artd:  GetBestInfo checking odex in dalvik-cache (/data/dalvik-cache/arm/data@app@~~BLzfeNix6EWBNb8S9t5FBw==@com.google.android.gms-JAPluHI-vJ2Do9KMFPgF_Q==@split_GoogleCertificates_installtime.apk@classes.dex)
04-23 16:16:09.372    321    328 I artd:  Loading /data/dalvik-cache/arm/data@app@~~BLzfeNix6EWBNb8S9t5FBw==@com.google.android.gms-JAPluHI-vJ2Do9KMFPgF_Q==@split_GoogleCertificates_installtime.apk@classes.dex with executable: 0
04-23 16:16:09.372    321    328 I artd:  OatFileAssistant test for existing oat file /data/dalvik-cache/arm/data@app@~~BLzfeNix6EWBNb8S9t5FBw==@com.google.android.gms-JAPluHI-vJ2Do9KMFPgF_Q==@split_GoogleCertificates_installtime.apk@classes.dex: File /data/dalvik-cache/arm/data@app@~~BLzfeNix6EWBNb8S9t5FBw==@com.google.android.gms-JAPluHI-vJ2Do9KMFPgF_Q==@split_GoogleCertificates_installtime.apk@classes.vdex does not exist.
04-23 16:16:09.372    321    328 I artd:  GetBestInfo checking odex next to the dex file (/data/app/~~BLzfeNix6EWBNb8S9t5FBw==/com.google.android.gms-JAPluHI-vJ2Do9KMFPgF_Q==/oat/arm/split_GoogleCertificates_installtime.odex)
04-23 16:16:09.372    321    328 I artd:  Loading /data/app/~~BLzfeNix6EWBNb8S9t5FBw==/com.google.android.gms-JAPluHI-vJ2Do9KMFPgF_Q==/oat/arm/split_GoogleCertificates_installtime.odex with executable: 0
04-23 16:16:09.373    321    328 I artd:  Successfully loaded /data/app/~~BLzfeNix6EWBNb8S9t5FBw==/com.google.android.gms-JAPluHI-vJ2Do9KMFPgF_Q==/oat/arm/split_GoogleCertificates_installtime.odex with executable: 0
04-23 16:16:09.373    321    328 I artd:  /data/app/~~BLzfeNix6EWBNb8S9t5FBw==/com.google.android.gms-JAPluHI-vJ2Do9KMFPgF_Q==/oat/arm/split_GoogleCertificates_installtime.odex is kOatUpToDate with filter speed
04-23 16:16:09.374    321    329 I artd:  Dex parent of /data/app/~~BLzfeNix6EWBNb8S9t5FBw==/com.google.android.gms-JAPluHI-vJ2Do9KMFPgF_Q==/split_MapsDynamite_installtime.apk is not writable: Permission denied
04-23 16:16:09.375    321    329 I artd:  GetBestInfo checking odex in dalvik-cache (/data/dalvik-cache/arm64/data@app@~~BLzfeNix6EWBNb8S9t5FBw==@com.google.android.gms-JAPluHI-vJ2Do9KMFPgF_Q==@split_MapsDynamite_installtime.apk@classes.dex)
04-23 16:16:09.375    321    329 I artd:  Loading /data/dalvik-cache/arm64/data@app@~~BLzfeNix6EWBNb8S9t5FBw==@com.google.android.gms-JAPluHI-vJ2Do9KMFPgF_Q==@split_MapsDynamite_installtime.apk@classes.dex with executable: 0
04-23 16:16:09.375    321    329 I artd:  OatFileAssistant test for existing oat file /data/dalvik-cache/arm64/data@app@~~BLzfeNix6EWBNb8S9t5FBw==@com.google.android.gms-JAPluHI-vJ2Do9KMFPgF_Q==@split_MapsDynamite_installtime.apk@classes.dex: File /data/dalvik-cache/arm64/data@app@~~BLzfeNix6EWBNb8S9t5FBw==@com.google.android.gms-JAPluHI-vJ2Do9KMFPgF_Q==@split_MapsDynamite_installtime.apk@classes.vdex does not exist.
04-23 16:16:09.375    321    329 I artd:  GetBestInfo checking odex next to the dex file (/data/app/~~BLzfeNix6EWBNb8S9t5FBw==/com.google.android.gms-JAPluHI-vJ2Do9KMFPgF_Q==/oat/arm64/split_MapsDynamite_installtime.odex)
04-23 16:16:09.375    321    329 I artd:  Loading /data/app/~~BLzfeNix6EWBNb8S9t5FBw==/com.google.android.gms-JAPluHI-vJ2Do9KMFPgF_Q==/oat/arm64/split_MapsDynamite_installtime.odex with executable: 0
04-23 16:16:09.375    321    329 I artd:  Successfully loaded /data/app/~~BLzfeNix6EWBNb8S9t5FBw==/com.google.android.gms-JAPluHI-vJ2Do9KMFPgF_Q==/oat/arm64/split_MapsDynamite_installtime.odex with executable: 0
04-23 16:16:09.375    321    329 I artd:  /data/app/~~BLzfeNix6EWBNb8S9t5FBw==/com.google.android.gms-JAPluHI-vJ2Do9KMFPgF_Q==/oat/arm64/split_MapsDynamite_installtime.odex is kOatUpToDate with filter speed
04-23 16:16:09.377    321    321 I artd:  Dex parent of /data/app/~~BLzfeNix6EWBNb8S9t5FBw==/com.google.android.gms-JAPluHI-vJ2Do9KMFPgF_Q==/split_MapsDynamite_installtime.apk is not writable: Permission denied
04-23 16:16:09.377    321    321 I artd:  GetBestInfo checking odex in dalvik-cache (/data/dalvik-cache/arm/data@app@~~BLzfeNix6EWBNb8S9t5FBw==@com.google.android.gms-JAPluHI-vJ2Do9KMFPgF_Q==@split_MapsDynamite_installtime.apk@classes.dex)
04-23 16:16:09.377    321    321 I artd:  Loading /data/dalvik-cache/arm/data@app@~~BLzfeNix6EWBNb8S9t5FBw==@com.google.android.gms-JAPluHI-vJ2Do9KMFPgF_Q==@split_MapsDynamite_installtime.apk@classes.dex with executable: 0
04-23 16:16:09.377    321    321 I artd:  OatFileAssistant test for existing oat file /data/dalvik-cache/arm/data@app@~~BLzfeNix6EWBNb8S9t5FBw==@com.google.android.gms-JAPluHI-vJ2Do9KMFPgF_Q==@split_MapsDynamite_installtime.apk@classes.dex: File /data/dalvik-cache/arm/data@app@~~BLzfeNix6EWBNb8S9t5FBw==@com.google.android.gms-JAPluHI-vJ2Do9KMFPgF_Q==@split_MapsDynamite_installtime.apk@classes.vdex does not exist.
04-23 16:16:09.377    321    321 I artd:  GetBestInfo checking odex next to the dex file (/data/app/~~BLzfeNix6EWBNb8S9t5FBw==/com.google.android.gms-JAPluHI-vJ2Do9KMFPgF_Q==/oat/arm/split_MapsDynamite_installtime.odex)
04-23 16:16:09.377    321    321 I artd:  Loading /data/app/~~BLzfeNix6EWBNb8S9t5FBw==/com.google.android.gms-JAPluHI-vJ2Do9KMFPgF_Q==/oat/arm/split_MapsDynamite_installtime.odex with executable: 0
04-23 16:16:09.378    321    321 I artd:  Successfully loaded /data/app/~~BLzfeNix6EWBNb8S9t5FBw==/com.google.android.gms-JAPluHI-vJ2Do9KMFPgF_Q==/oat/arm/split_MapsDynamite_installtime.odex with executable: 0
04-23 16:16:09.378    321    321 I artd:  /data/app/~~BLzfeNix6EWBNb8S9t5FBw==/com.google.android.gms-JAPluHI-vJ2Do9KMFPgF_Q==/oat/arm/split_MapsDynamite_installtime.odex is kOatUpToDate with filter speed
04-23 16:16:09.378   1633   9090 D BufferPoolAccessor2.0:  bufferpool2 0xb400007d978740f8 : 0(0 size) total buffers - 0(0 size) used buffers - 167/175 (recycle/alloc) - 8/346 (fetch/transfer)
04-23 16:16:09.378   1633   9090 D BufferPoolAccessor2.0:  evictor expired: 1, evicted: 1
04-23 16:16:09.378   1693   2289 D BufferPoolAccessor2.0:  bufferpool2 0xb400007559e45098 : 0(0 size) total buffers - 0(0 size) used buffers - 167/171 (recycle/alloc) - 4/170 (fetch/transfer)
04-23 16:16:09.378   1693   2289 D BufferPoolAccessor2.0:  evictor expired: 1, evicted: 1
04-23 16:16:09.379    321    328 I artd:  Dex parent of /data/app/~~BLzfeNix6EWBNb8S9t5FBw==/com.google.android.gms-JAPluHI-vJ2Do9KMFPgF_Q==/split_MeasurementDynamite_installtime.apk is not writable: Permission denied
04-23 16:16:09.379    321    328 I artd:  GetBestInfo checking odex in dalvik-cache (/data/dalvik-cache/arm64/data@app@~~BLzfeNix6EWBNb8S9t5FBw==@com.google.android.gms-JAPluHI-vJ2Do9KMFPgF_Q==@split_MeasurementDynamite_installtime.apk@classes.dex)
04-23 16:16:09.379    321    328 I artd:  Loading /data/dalvik-cache/arm64/data@app@~~BLzfeNix6EWBNb8S9t5FBw==@com.google.android.gms-JAPluHI-vJ2Do9KMFPgF_Q==@split_MeasurementDynamite_installtime.apk@classes.dex with executable: 0
04-23 16:16:09.379    321    328 I artd:  OatFileAssistant test for existing oat file /data/dalvik-cache/arm64/data@app@~~BLzfeNix6EWBNb8S9t5FBw==@com.google.android.gms-JAPluHI-vJ2Do9KMFPgF_Q==@split_MeasurementDynamite_installtime.apk@classes.dex: File /data/dalvik-cache/arm64/data@app@~~BLzfeNix6EWBNb8S9t5FBw==@com.google.android.gms-JAPluHI-vJ2Do9KMFPgF_Q==@split_MeasurementDynamite_installtime.apk@classes.vdex does not exist.
04-23 16:16:09.379    321    328 I artd:  GetBestInfo checking odex next to the dex file (/data/app/~~BLzfeNix6EWBNb8S9t5FBw==/com.google.android.gms-JAPluHI-vJ2Do9KMFPgF_Q==/oat/arm64/split_MeasurementDynamite_installtime.odex)
04-23 16:16:09.379    321    328 I artd:  Loading /data/app/~~BLzfeNix6EWBNb8S9t5FBw==/com.google.android.gms-JAPluHI-vJ2Do9KMFPgF_Q==/oat/arm64/split_MeasurementDynamite_installtime.odex with executable: 0
04-23 16:16:09.380    321    328 I artd:  Successfully loaded /data/app/~~BLzfeNix6EWBNb8S9t5FBw==/com.google.android.gms-JAPluHI-vJ2Do9KMFPgF_Q==/oat/arm64/split_MeasurementDynamite_installtime.odex with executable: 0
04-23 16:16:09.380    321    328 I artd:  /data/app/~~BLzfeNix6EWBNb8S9t5FBw==/com.google.android.gms-JAPluHI-vJ2Do9KMFPgF_Q==/oat/arm64/split_MeasurementDynamite_installtime.odex is kOatUpToDate with filter speed
04-23 16:16:09.382    321    334 I artd:  Dex parent of /data/app/~~BLzfeNix6EWBNb8S9t5FBw==/com.google.android.gms-JAPluHI-vJ2Do9KMFPgF_Q==/split_MeasurementDynamite_installtime.apk is not writable: Permission denied
04-23 16:16:09.382    321    334 I artd:  GetBestInfo checking odex in dalvik-cache (/data/dalvik-cache/arm/data@app@~~BLzfeNix6EWBNb8S9t5FBw==@com.google.android.gms-JAPluHI-vJ2Do9KMFPgF_Q==@split_MeasurementDynamite_installtime.apk@classes.dex)
04-23 16:16:09.382    321    334 I artd:  Loading /data/dalvik-cache/arm/data@app@~~BLzfeNix6EWBNb8S9t5FBw==@com.google.android.gms-JAPluHI-vJ2Do9KMFPgF_Q==@split_MeasurementDynamite_installtime.apk@classes.dex with executable: 0
04-23 16:16:09.382    321    334 I artd:  OatFileAssistant test for existing oat file /data/dalvik-cache/arm/data@app@~~BLzfeNix6EWBNb8S9t5FBw==@com.google.android.gms-JAPluHI-vJ2Do9KMFPgF_Q==@split_MeasurementDynamite_installtime.apk@classes.dex: File /data/dalvik-cache/arm/data@app@~~BLzfeNix6EWBNb8S9t5FBw==@com.google.android.gms-JAPluHI-vJ2Do9KMFPgF_Q==@split_MeasurementDynamite_installtime.apk@classes.vdex does not exist.
04-23 16:16:09.382    321    334 I artd:  GetBestInfo checking odex next to the dex file (/data/app/~~BLzfeNix6EWBNb8S9t5FBw==/com.google.android.gms-JAPluHI-vJ2Do9KMFPgF_Q==/oat/arm/split_MeasurementDynamite_installtime.odex)
04-23 16:16:09.382    321    334 I artd:  Loading /data/app/~~BLzfeNix6EWBNb8S9t5FBw==/com.google.android.gms-JAPluHI-vJ2Do9KMFPgF_Q==/oat/arm/split_MeasurementDynamite_installtime.odex with executable: 0
04-23 16:16:09.382    321    334 I artd:  Successfully loaded /data/app/~~BLzfeNix6EWBNb8S9t5FBw==/com.google.android.gms-JAPluHI-vJ2Do9KMFPgF_Q==/oat/arm/split_MeasurementDynamite_installtime.odex with executable: 0
04-23 16:16:09.383    321    334 I artd:  /data/app/~~BLzfeNix6EWBNb8S9t5FBw==/com.google.android.gms-JAPluHI-vJ2Do9KMFPgF_Q==/oat/arm/split_MeasurementDynamite_installtime.odex is kOatUpToDate with filter speed
04-23 16:16:09.383    321    334 I artd:  Dex parent of /data/user_de/0/com.google.android.gms/app_chimera/m/00000001/CronetDynamite.apk is not writable: No such file or directory
04-23 16:16:09.383    321    334 I artd:  GetBestInfo checking odex in dalvik-cache (/data/dalvik-cache/arm64/data@user_de@0@com.google.android.gms@app_chimera@m@00000001@CronetDynamite.apk@classes.dex)
04-23 16:16:09.383    321    334 I artd:  Loading /data/dalvik-cache/arm64/data@user_de@0@com.google.android.gms@app_chimera@m@00000001@CronetDynamite.apk@classes.dex with executable: 0
04-23 16:16:09.383    321    334 I artd:  OatFileAssistant test for existing oat file /data/dalvik-cache/arm64/data@user_de@0@com.google.android.gms@app_chimera@m@00000001@CronetDynamite.apk@classes.dex: File /data/dalvik-cache/arm64/data@user_de@0@com.google.android.gms@app_chimera@m@00000001@CronetDynamite.apk@classes.vdex does not exist.
04-23 16:16:09.383    321    334 I artd:  GetBestInfo checking odex next to the dex file (/data/user_de/0/com.google.android.gms/app_chimera/m/00000001/oat/arm64/CronetDynamite.odex)
04-23 16:16:09.383    321    334 I artd:  Loading /data/user_de/0/com.google.android.gms/app_chimera/m/00000001/oat/arm64/CronetDynamite.odex with executable: 0
04-23 16:16:09.383    321    334 I artd:  OatFileAssistant test for existing oat file /data/user_de/0/com.google.android.gms/app_chimera/m/00000001/oat/arm64/CronetDynamite.odex: File /data/user_de/0/com.google.android.gms/app_chimera/m/00000001/oat/arm64/CronetDynamite.vdex does not exist.
04-23 16:16:09.383    321    334 I artd:  GetBestInfo checking vdex in dalvik-cache (/data/dalvik-cache/arm64/data@user_de@0@com.google.android.gms@app_chimera@m@00000001@CronetDynamite.apk@classes.vdex)
04-23 16:16:09.383    321    334 I artd:  unable to open vdex file /data/dalvik-cache/arm64/data@user_de@0@com.google.android.gms@app_chimera@m@00000001@CronetDynamite.apk@classes.vdex: File /data/dalvik-cache/arm64/data@user_de@0@com.google.android.gms@app_chimera@m@00000001@CronetDynamite.apk@classes.vdex does not exist.
04-23 16:16:09.383    321    334 I artd:  OatFileAssistant test for existing oat file /data/dalvik-cache/arm64/data@user_de@0@com.google.android.gms@app_chimera@m@00000001@CronetDynamite.apk@classes.vdex: File /data/dalvik-cache/arm64/data@user_de@0@com.google.android.gms@app_chimera@m@00000001@CronetDynamite.apk@classes.vdex does not exist.
04-23 16:16:09.383    321    334 I artd:  GetBestInfo checking vdex next to the dex file (/data/user_de/0/com.google.android.gms/app_chimera/m/00000001/oat/arm64/CronetDynamite.vdex)
04-23 16:16:09.383    321    334 I artd:  unable to open vdex file /data/user_de/0/com.google.android.gms/app_chimera/m/00000001/oat/arm64/CronetDynamite.vdex: File /data/user_de/0/com.google.android.gms/app_chimera/m/00000001/oat/arm64/CronetDynamite.vdex does not exist.
04-23 16:16:09.383    321    334 I artd:  OatFileAssistant test for existing oat file /data/user_de/0/com.google.android.gms/app_chimera/m/00000001/oat/arm64/CronetDynamite.vdex: File /data/user_de/0/com.google.android.gms/app_chimera/m/00000001/oat/arm64/CronetDynamite.vdex does not exist.
04-23 16:16:09.383    321    334 I artd:  GetBestInfo checking dm (/data/user_de/0/com.google.android.gms/app_chimera/m/00000001/CronetDynamite.dm)
04-23 16:16:09.383    321    334 W ziparchive:  Unable to open '/data/user_de/0/com.google.android.gms/app_chimera/m/00000001/CronetDynamite.dm': No such file or directory
04-23 16:16:09.383    321    334 I artd:  OatFileAssistant test for existing oat file /data/user_de/0/com.google.android.gms/app_chimera/m/00000001/CronetDynamite.dm: I/O error
04-23 16:16:09.383    321    334 I artd:  GetBestInfo checking dm (/data/user_de/0/com.google.android.gms/app_chimera/m/00000001/CronetDynamite.dm)
04-23 16:16:09.383    321    334 W ziparchive:  Unable to open '/data/user_de/0/com.google.android.gms/app_chimera/m/00000001/CronetDynamite.dm': No such file or directory
04-23 16:16:09.383    321    334 I artd:  OatFileAssistant test for existing oat file /data/user_de/0/com.google.android.gms/app_chimera/m/00000001/CronetDynamite.dm: I/O error
04-23 16:16:09.383    321    334 I artd:  GetBestInfo no usable artifacts
04-23 16:16:09.383    321    334 I artd:  Dex parent of /data/user_de/0/com.google.android.gms/app_chimera/m/00000002/DynamiteLoader.apk is not writable: No such file or directory
04-23 16:16:09.383    321    334 I artd:  GetBestInfo checking odex in dalvik-cache (/data/dalvik-cache/arm64/data@user_de@0@com.google.android.gms@app_chimera@m@00000002@DynamiteLoader.apk@classes.dex)
04-23 16:16:09.383    321    334 I artd:  Loading /data/dalvik-cache/arm64/data@user_de@0@com.google.android.gms@app_chimera@m@00000002@DynamiteLoader.apk@classes.dex with executable: 0
04-23 16:16:09.383    321    334 I artd:  OatFileAssistant test for existing oat file /data/dalvik-cache/arm64/data@user_de@0@com.google.android.gms@app_chimera@m@00000002@DynamiteLoader.apk@classes.dex: File /data/dalvik-cache/arm64/data@user_de@0@com.google.android.gms@app_chimera@m@00000002@DynamiteLoader.apk@classes.vdex does not exist.
04-23 16:16:09.383    321    334 I artd:  GetBestInfo checking odex next to the dex file (/data/user_de/0/com.google.android.gms/app_chimera/m/00000002/oat/arm64/DynamiteLoader.odex)
04-23 16:16:09.383    321    334 I artd:  Loading /data/user_de/0/com.google.android.gms/app_chimera/m/00000002/oat/arm64/DynamiteLoader.odex with executable: 0
04-23 16:16:09.383    321    334 I artd:  OatFileAssistant test for existing oat file /data/user_de/0/com.google.android.gms/app_chimera/m/00000002/oat/arm64/DynamiteLoader.odex: File /data/user_de/0/com.google.android.gms/app_chimera/m/00000002/oat/arm64/DynamiteLoader.vdex does not exist.
04-23 16:16:09.383    321    334 I artd:  GetBestInfo checking vdex in dalvik-cache (/data/dalvik-cache/arm64/data@user_de@0@com.google.android.gms@app_chimera@m@00000002@DynamiteLoader.apk@classes.vdex)
04-23 16:16:09.383    321    334 I artd:  unable to open vdex file /data/dalvik-cache/arm64/data@user_de@0@com.google.android.gms@app_chimera@m@00000002@DynamiteLoader.apk@classes.vdex: File /data/dalvik-cache/arm64/data@user_de@0@com.google.android.gms@app_chimera@m@00000002@DynamiteLoader.apk@classes.vdex does not exist.
04-23 16:16:09.383    321    334 I artd:  OatFileAssistant test for existing oat file /data/dalvik-cache/arm64/data@user_de@0@com.google.android.gms@app_chimera@m@00000002@DynamiteLoader.apk@classes.vdex: File /data/dalvik-cache/arm64/data@user_de@0@com.google.android.gms@app_chimera@m@00000002@DynamiteLoader.apk@classes.vdex does not exist.
04-23 16:16:09.383    321    334 I artd:  GetBestInfo checking vdex next to the dex file (/data/user_de/0/com.google.android.gms/app_chimera/m/00000002/oat/arm64/DynamiteLoader.vdex)
04-23 16:16:09.383    321    334 I artd:  unable to open vdex file /data/user_de/0/com.google.android.gms/app_chimera/m/00000002/oat/arm64/DynamiteLoader.vdex: File /data/user_de/0/com.google.android.gms/app_chimera/m/00000002/oat/arm64/DynamiteLoader.vdex does not exist.
04-23 16:16:09.383    321    334 I artd:  OatFileAssistant test for existing oat file /data/user_de/0/com.google.android.gms/app_chimera/m/00000002/oat/arm64/DynamiteLoader.vdex: File /data/user_de/0/com.google.android.gms/app_chimera/m/00000002/oat/arm64/DynamiteLoader.vdex does not exist.
04-23 16:16:09.383    321    334 I artd:  GetBestInfo checking dm (/data/user_de/0/com.google.android.gms/app_chimera/m/00000002/DynamiteLoader.dm)
04-23 16:16:09.384    321    334 W ziparchive:  Unable to open '/data/user_de/0/com.google.android.gms/app_chimera/m/00000002/DynamiteLoader.dm': No such file or directory
04-23 16:16:09.384    321    334 I artd:  OatFileAssistant test for existing oat file /data/user_de/0/com.google.android.gms/app_chimera/m/00000002/DynamiteLoader.dm: I/O error
04-23 16:16:09.384    321    334 I artd:  GetBestInfo checking dm (/data/user_de/0/com.google.android.gms/app_chimera/m/00000002/DynamiteLoader.dm)
04-23 16:16:09.384    321    334 W ziparchive:  Unable to open '/data/user_de/0/com.google.android.gms/app_chimera/m/00000002/DynamiteLoader.dm': No such file or directory
04-23 16:16:09.384    321    334 I artd:  OatFileAssistant test for existing oat file /data/user_de/0/com.google.android.gms/app_chimera/m/00000002/DynamiteLoader.dm: I/O error
04-23 16:16:09.384    321    334 I artd:  GetBestInfo no usable artifacts
04-23 16:16:09.384    321    334 I artd:  Dex parent of /data/user_de/0/com.google.android.gms/app_chimera/m/00000002/DynamiteLoader.apk is not writable: No such file or directory
04-23 16:16:09.384    321    334 I artd:  GetBestInfo checking odex in dalvik-cache (/data/dalvik-cache/arm/data@user_de@0@com.google.android.gms@app_chimera@m@00000002@DynamiteLoader.apk@classes.dex)
04-23 16:16:09.384    321    334 I artd:  Loading /data/dalvik-cache/arm/data@user_de@0@com.google.android.gms@app_chimera@m@00000002@DynamiteLoader.apk@classes.dex with executable: 0
04-23 16:16:09.384    321    334 I artd:  OatFileAssistant test for existing oat file /data/dalvik-cache/arm/data@user_de@0@com.google.android.gms@app_chimera@m@00000002@DynamiteLoader.apk@classes.dex: File /data/dalvik-cache/arm/data@user_de@0@com.google.android.gms@app_chimera@m@00000002@DynamiteLoader.apk@classes.vdex does not exist.
04-23 16:16:09.384    321    334 I artd:  GetBestInfo checking odex next to the dex file (/data/user_de/0/com.google.android.gms/app_chimera/m/00000002/oat/arm/DynamiteLoader.odex)
04-23 16:16:09.384    321    334 I artd:  Loading /data/user_de/0/com.google.android.gms/app_chimera/m/00000002/oat/arm/DynamiteLoader.odex with executable: 0
04-23 16:16:09.384    321    334 I artd:  OatFileAssistant test for existing oat file /data/user_de/0/com.google.android.gms/app_chimera/m/00000002/oat/arm/DynamiteLoader.odex: File /data/user_de/0/com.google.android.gms/app_chimera/m/00000002/oat/arm/DynamiteLoader.vdex does not exist.
04-23 16:16:09.384    321    334 I artd:  GetBestInfo checking vdex in dalvik-cache (/data/dalvik-cache/arm/data@user_de@0@com.google.android.gms@app_chimera@m@00000002@DynamiteLoader.apk@classes.vdex)
04-23 16:16:09.384    321    334 I artd:  unable to open vdex file /data/dalvik-cache/arm/data@user_de@0@com.google.android.gms@app_chimera@m@00000002@DynamiteLoader.apk@classes.vdex: File /data/dalvik-cache/arm/data@user_de@0@com.google.android.gms@app_chimera@m@00000002@DynamiteLoader.apk@classes.vdex does not exist.
04-23 16:16:09.384    321    334 I artd:  OatFileAssistant test for existing oat file /data/dalvik-cache/arm/data@user_de@0@com.google.android.gms@app_chimera@m@00000002@DynamiteLoader.apk@classes.vdex: File /data/dalvik-cache/arm/data@user_de@0@com.google.android.gms@app_chimera@m@00000002@DynamiteLoader.apk@classes.vdex does not exist.
04-23 16:16:09.384    321    334 I artd:  GetBestInfo checking vdex next to the dex file (/data/user_de/0/com.google.android.gms/app_chimera/m/00000002/oat/arm/DynamiteLoader.vdex)
04-23 16:16:09.384    321    334 I artd:  unable to open vdex file /data/user_de/0/com.google.android.gms/app_chimera/m/00000002/oat/arm/DynamiteLoader.vdex: File /data/user_de/0/com.google.android.gms/app_chimera/m/00000002/oat/arm/DynamiteLoader.vdex does not exist.
04-23 16:16:09.384    321    334 I artd:  OatFileAssistant test for existing oat file /data/user_de/0/com.google.android.gms/app_chimera/m/00000002/oat/arm/DynamiteLoader.vdex: File /data/user_de/0/com.google.android.gms/app_chimera/m/00000002/oat/arm/DynamiteLoader.vdex does not exist.
04-23 16:16:09.384    321    334 I artd:  GetBestInfo checking dm (/data/user_de/0/com.google.android.gms/app_chimera/m/00000002/DynamiteLoader.dm)
04-23 16:16:09.384    321    334 W ziparchive:  Unable to open '/data/user_de/0/com.google.android.gms/app_chimera/m/00000002/DynamiteLoader.dm': No such file or directory
04-23 16:16:09.384    321    334 I artd:  OatFileAssistant test for existing oat file /data/user_de/0/com.google.android.gms/app_chimera/m/00000002/DynamiteLoader.dm: I/O error
04-23 16:16:09.384    321    334 I artd:  GetBestInfo checking dm (/data/user_de/0/com.google.android.gms/app_chimera/m/00000002/DynamiteLoader.dm)
04-23 16:16:09.384    321    334 W ziparchive:  Unable to open '/data/user_de/0/com.google.android.gms/app_chimera/m/00000002/DynamiteLoader.dm': No such file or directory
04-23 16:16:09.384    321    334 I artd:  OatFileAssistant test for existing oat file /data/user_de/0/com.google.android.gms/app_chimera/m/00000002/DynamiteLoader.dm: I/O error
04-23 16:16:09.384    321    334 I artd:  GetBestInfo no usable artifacts
04-23 16:16:09.384    321    334 I artd:  Dex parent of /data/user_de/0/com.google.android.gms/app_chimera/m/00000005/GoogleCertificates.apk is not writable: No such file or directory
04-23 16:16:09.384    321    334 I artd:  GetBestInfo checking odex in dalvik-cache (/data/dalvik-cache/arm64/data@user_de@0@com.google.android.gms@app_chimera@m@00000005@GoogleCertificates.apk@classes.dex)
04-23 16:16:09.384    321    334 I artd:  Loading /data/dalvik-cache/arm64/data@user_de@0@com.google.android.gms@app_chimera@m@00000005@GoogleCertificates.apk@classes.dex with executable: 0
04-23 16:16:09.384    321    334 I artd:  OatFileAssistant test for existing oat file /data/dalvik-cache/arm64/data@user_de@0@com.google.android.gms@app_chimera@m@00000005@GoogleCertificates.apk@classes.dex: File /data/dalvik-cache/arm64/data@user_de@0@com.google.android.gms@app_chimera@m@00000005@GoogleCertificates.apk@classes.vdex does not exist.
04-23 16:16:09.384    321    334 I artd:  GetBestInfo checking odex next to the dex file (/data/user_de/0/com.google.android.gms/app_chimera/m/00000005/oat/arm64/GoogleCertificates.odex)
04-23 16:16:09.384    321    334 I artd:  Loading /data/user_de/0/com.google.android.gms/app_chimera/m/00000005/oat/arm64/GoogleCertificates.odex with executable: 0
04-23 16:16:09.384    321    334 I artd:  OatFileAssistant test for existing oat file /data/user_de/0/com.google.android.gms/app_chimera/m/00000005/oat/arm64/GoogleCertificates.odex: File /data/user_de/0/com.google.android.gms/app_chimera/m/00000005/oat/arm64/GoogleCertificates.vdex does not exist.
04-23 16:16:09.384    321    334 I artd:  GetBestInfo checking vdex in dalvik-cache (/data/dalvik-cache/arm64/data@user_de@0@com.google.android.gms@app_chimera@m@00000005@GoogleCertificates.apk@classes.vdex)
04-23 16:16:09.384    321    334 I artd:  unable to open vdex file /data/dalvik-cache/arm64/data@user_de@0@com.google.android.gms@app_chimera@m@00000005@GoogleCertificates.apk@classes.vdex: File /data/dalvik-cache/arm64/data@user_de@0@com.google.android.gms@app_chimera@m@00000005@GoogleCertificates.apk@classes.vdex does not exist.
04-23 16:16:09.384    321    334 I artd:  OatFileAssistant test for existing oat file /data/dalvik-cache/arm64/data@user_de@0@com.google.android.gms@app_chimera@m@00000005@GoogleCertificates.apk@classes.vdex: File /data/dalvik-cache/arm64/data@user_de@0@com.google.android.gms@app_chimera@m@00000005@GoogleCertificates.apk@classes.vdex does not exist.
04-23 16:16:09.384    321    334 I artd:  GetBestInfo checking vdex next to the dex file (/data/user_de/0/com.google.android.gms/app_chimera/m/00000005/oat/arm64/GoogleCertificates.vdex)
04-23 16:16:09.384    321    334 I artd:  unable to open vdex file /data/user_de/0/com.google.android.gms/app_chimera/m/00000005/oat/arm64/GoogleCertificates.vdex: File /data/user_de/0/com.google.android.gms/app_chimera/m/00000005/oat/arm64/GoogleCertificates.vdex does not exist.
04-23 16:16:09.384    321    334 I artd:  OatFileAssistant test for existing oat file /data/user_de/0/com.google.android.gms/app_chimera/m/00000005/oat/arm64/GoogleCertificates.vdex: File /data/user_de/0/com.google.android.gms/app_chimera/m/00000005/oat/arm64/GoogleCertificates.vdex does not exist.
04-23 16:16:09.384    321    334 I artd:  GetBestInfo checking dm (/data/user_de/0/com.google.android.gms/app_chimera/m/00000005/GoogleCertificates.dm)
04-23 16:16:09.384    321    334 W ziparchive:  Unable to open '/data/user_de/0/com.google.android.gms/app_chimera/m/00000005/GoogleCertificates.dm': No such file or directory
04-23 16:16:09.384    321    334 I artd:  OatFileAssistant test for existing oat file /data/user_de/0/com.google.android.gms/app_chimera/m/00000005/GoogleCertificates.dm: I/O error
04-23 16:16:09.384    321    334 I artd:  GetBestInfo checking dm (/data/user_de/0/com.google.android.gms/app_chimera/m/00000005/GoogleCertificates.dm)
04-23 16:16:09.384    321    334 W ziparchive:  Unable to open '/data/user_de/0/com.google.android.gms/app_chimera/m/00000005/GoogleCertificates.dm': No such file or directory
04-23 16:16:09.384    321    334 I artd:  OatFileAssistant test for existing oat file /data/user_de/0/com.google.android.gms/app_chimera/m/00000005/GoogleCertificates.dm: I/O error
04-23 16:16:09.384    321    334 I artd:  GetBestInfo no usable artifacts
04-23 16:16:09.385    321    334 I artd:  Dex parent of /data/user_de/0/com.google.android.gms/app_chimera/m/00000005/GoogleCertificates.apk is not writable: No such file or directory
04-23 16:16:09.385    321    334 I artd:  GetBestInfo checking odex in dalvik-cache (/data/dalvik-cache/arm/data@user_de@0@com.google.android.gms@app_chimera@m@00000005@GoogleCertificates.apk@classes.dex)
04-23 16:16:09.385    321    334 I artd:  Loading /data/dalvik-cache/arm/data@user_de@0@com.google.android.gms@app_chimera@m@00000005@GoogleCertificates.apk@classes.dex with executable: 0
04-23 16:16:09.385    321    334 I artd:  OatFileAssistant test for existing oat file /data/dalvik-cache/arm/data@user_de@0@com.google.android.gms@app_chimera@m@00000005@GoogleCertificates.apk@classes.dex: File /data/dalvik-cache/arm/data@user_de@0@com.google.android.gms@app_chimera@m@00000005@GoogleCertificates.apk@classes.vdex does not exist.
04-23 16:16:09.385    321    334 I artd:  GetBestInfo checking odex next to the dex file (/data/user_de/0/com.google.android.gms/app_chimera/m/00000005/oat/arm/GoogleCertificates.odex)
04-23 16:16:09.385    321    334 I artd:  Loading /data/user_de/0/com.google.android.gms/app_chimera/m/00000005/oat/arm/GoogleCertificates.odex with executable: 0
04-23 16:16:09.385    321    334 I artd:  OatFileAssistant test for existing oat file /data/user_de/0/com.google.android.gms/app_chimera/m/00000005/oat/arm/GoogleCertificates.odex: File /data/user_de/0/com.google.android.gms/app_chimera/m/00000005/oat/arm/GoogleCertificates.vdex does not exist.
04-23 16:16:09.385    321    334 I artd:  GetBestInfo checking vdex in dalvik-cache (/data/dalvik-cache/arm/data@user_de@0@com.google.android.gms@app_chimera@m@00000005@GoogleCertificates.apk@classes.vdex)
04-23 16:16:09.385    321    334 I artd:  unable to open vdex file /data/dalvik-cache/arm/data@user_de@0@com.google.android.gms@app_chimera@m@00000005@GoogleCertificates.apk@classes.vdex: File /data/dalvik-cache/arm/data@user_de@0@com.google.android.gms@app_chimera@m@00000005@GoogleCertificates.apk@classes.vdex does not exist.
04-23 16:16:09.385    321    334 I artd:  OatFileAssistant test for existing oat file /data/dalvik-cache/arm/data@user_de@0@com.google.android.gms@app_chimera@m@00000005@GoogleCertificates.apk@classes.vdex: File /data/dalvik-cache/arm/data@user_de@0@com.google.android.gms@app_chimera@m@00000005@GoogleCertificates.apk@classes.vdex does not exist.
04-23 16:16:09.385    321    334 I artd:  GetBestInfo checking vdex next to the dex file (/data/user_de/0/com.google.android.gms/app_chimera/m/00000005/oat/arm/GoogleCertificates.vdex)
04-23 16:16:09.385    321    334 I artd:  unable to open vdex file /data/user_de/0/com.google.android.gms/app_chimera/m/00000005/oat/arm/GoogleCertificates.vdex: File /data/user_de/0/com.google.android.gms/app_chimera/m/00000005/oat/arm/GoogleCertificates.vdex does not exist.
04-23 16:16:09.385    321    334 I artd:  OatFileAssistant test for existing oat file /data/user_de/0/com.google.android.gms/app_chimera/m/00000005/oat/arm/GoogleCertificates.vdex: File /data/user_de/0/com.google.android.gms/app_chimera/m/00000005/oat/arm/GoogleCertificates.vdex does not exist.
04-23 16:16:09.385    321    334 I artd:  GetBestInfo checking dm (/data/user_de/0/com.google.android.gms/app_chimera/m/00000005/GoogleCertificates.dm)
04-23 16:16:09.385    321    334 W ziparchive:  Unable to open '/data/user_de/0/com.google.android.gms/app_chimera/m/00000005/GoogleCertificates.dm': No such file or directory
04-23 16:16:09.385    321    334 I artd:  OatFileAssistant test for existing oat file /data/user_de/0/com.google.android.gms/app_chimera/m/00000005/GoogleCertificates.dm: I/O error
04-23 16:16:09.385    321    334 I artd:  GetBestInfo checking dm (/data/user_de/0/com.google.android.gms/app_chimera/m/00000005/GoogleCertificates.dm)
04-23 16:16:09.385    321    334 W ziparchive:  Unable to open '/data/user_de/0/com.google.android.gms/app_chimera/m/00000005/GoogleCertificates.dm': No such file or directory
04-23 16:16:09.385    321    334 I artd:  OatFileAssistant test for existing oat file /data/user_de/0/com.google.android.gms/app_chimera/m/00000005/GoogleCertificates.dm: I/O error
04-23 16:16:09.385    321    334 I artd:  GetBestInfo no usable artifacts
04-23 16:16:09.386    321    334 I artd:  Dex parent of /data/user_de/0/com.google.android.gms/app_chimera/m/0000000f/dl-Appsearch.optional_251731100400.apk is not writable: Permission denied
04-23 16:16:09.386    321    334 I artd:  GetBestInfo checking odex in dalvik-cache (/data/dalvik-cache/arm64/data@user_de@0@com.google.android.gms@app_chimera@m@0000000f@dl-Appsearch.optional_251731100400.apk@classes.dex)
04-23 16:16:09.386    321    334 I artd:  Loading /data/dalvik-cache/arm64/data@user_de@0@com.google.android.gms@app_chimera@m@0000000f@dl-Appsearch.optional_251731100400.apk@classes.dex with executable: 0
04-23 16:16:09.386    321    334 I artd:  OatFileAssistant test for existing oat file /data/dalvik-cache/arm64/data@user_de@0@com.google.android.gms@app_chimera@m@0000000f@dl-Appsearch.optional_251731100400.apk@classes.dex: File /data/dalvik-cache/arm64/data@user_de@0@com.google.android.gms@app_chimera@m@0000000f@dl-Appsearch.optional_251731100400.apk@classes.vdex does not exist.
04-23 16:16:09.386    321    334 I artd:  GetBestInfo checking odex next to the dex file (/data/user_de/0/com.google.android.gms/app_chimera/m/0000000f/oat/arm64/dl-Appsearch.optional_251731100400.odex)
04-23 16:16:09.386    321    334 I artd:  Loading /data/user_de/0/com.google.android.gms/app_chimera/m/0000000f/oat/arm64/dl-Appsearch.optional_251731100400.odex with executable: 0
04-23 16:16:09.386    321    334 I artd:  OatFileAssistant test for existing oat file /data/user_de/0/com.google.android.gms/app_chimera/m/0000000f/oat/arm64/dl-Appsearch.optional_251731100400.odex: File /data/user_de/0/com.google.android.gms/app_chimera/m/0000000f/oat/arm64/dl-Appsearch.optional_251731100400.vdex does not exist.
04-23 16:16:09.386    321    334 I artd:  GetBestInfo checking vdex in dalvik-cache (/data/dalvik-cache/arm64/data@user_de@0@com.google.android.gms@app_chimera@m@0000000f@dl-Appsearch.optional_251731100400.apk@classes.vdex)
04-23 16:16:09.386    321    334 I artd:  unable to open vdex file /data/dalvik-cache/arm64/data@user_de@0@com.google.android.gms@app_chimera@m@0000000f@dl-Appsearch.optional_251731100400.apk@classes.vdex: File /data/dalvik-cache/arm64/data@user_de@0@com.google.android.gms@app_chimera@m@0000000f@dl-Appsearch.optional_251731100400.apk@classes.vdex does not exist.
04-23 16:16:09.386    321    334 I artd:  OatFileAssistant test for existing oat file /data/dalvik-cache/arm64/data@user_de@0@com.google.android.gms@app_chimera@m@0000000f@dl-Appsearch.optional_251731100400.apk@classes.vdex: File /data/dalvik-cache/arm64/data@user_de@0@com.google.android.gms@app_chimera@m@0000000f@dl-Appsearch.optional_251731100400.apk@classes.vdex does not exist.
04-23 16:16:09.386    321    334 I artd:  GetBestInfo checking vdex next to the dex file (/data/user_de/0/com.google.android.gms/app_chimera/m/0000000f/oat/arm64/dl-Appsearch.optional_251731100400.vdex)
04-23 16:16:09.386    321    334 I artd:  unable to open vdex file /data/user_de/0/com.google.android.gms/app_chimera/m/0000000f/oat/arm64/dl-Appsearch.optional_251731100400.vdex: File /data/user_de/0/com.google.android.gms/app_chimera/m/0000000f/oat/arm64/dl-Appsearch.optional_251731100400.vdex does not exist.
04-23 16:16:09.386    321    334 I artd:  OatFileAssistant test for existing oat file /data/user_de/0/com.google.android.gms/app_chimera/m/0000000f/oat/arm64/dl-Appsearch.optional_251731100400.vdex: File /data/user_de/0/com.google.android.gms/app_chimera/m/0000000f/oat/arm64/dl-Appsearch.optional_251731100400.vdex does not exist.
04-23 16:16:09.386    321    334 I artd:  GetBestInfo checking dm (/data/user_de/0/com.google.android.gms/app_chimera/m/0000000f/dl-Appsearch.optional_251731100400.dm)
04-23 16:16:09.386    321    334 W ziparchive:  Unable to open '/data/user_de/0/com.google.android.gms/app_chimera/m/0000000f/dl-Appsearch.optional_251731100400.dm': No such file or directory
04-23 16:16:09.386    321    334 I artd:  OatFileAssistant test for existing oat file /data/user_de/0/com.google.android.gms/app_chimera/m/0000000f/dl-Appsearch.optional_251731100400.dm: I/O error
04-23 16:16:09.386    321    334 I artd:  GetBestInfo checking dm (/data/user_de/0/com.google.android.gms/app_chimera/m/0000000f/dl-Appsearch.optional_251731100400.dm)
04-23 16:16:09.386    321    334 W ziparchive:  Unable to open '/data/user_de/0/com.google.android.gms/app_chimera/m/0000000f/dl-Appsearch.optional_251731100400.dm': No such file or directory
04-23 16:16:09.386    321    334 I artd:  OatFileAssistant test for existing oat file /data/user_de/0/com.google.android.gms/app_chimera/m/0000000f/dl-Appsearch.optional_251731100400.dm: I/O error
04-23 16:16:09.386    321    334 I artd:  GetBestInfo no usable artifacts
04-23 16:16:09.387    321    334 I artd:  Dex parent of /data/user_de/0/com.google.android.gms/app_chimera/m/0000000b/dl-MlkitOcrCommon.optional_251731100400.apk is not writable: Permission denied
04-23 16:16:09.388    321    334 I artd:  GetBestInfo checking odex in dalvik-cache (/data/dalvik-cache/arm64/data@user_de@0@com.google.android.gms@app_chimera@m@0000000b@dl-MlkitOcrCommon.optional_251731100400.apk@classes.dex)
04-23 16:16:09.388    321    334 I artd:  Loading /data/dalvik-cache/arm64/data@user_de@0@com.google.android.gms@app_chimera@m@0000000b@dl-MlkitOcrCommon.optional_251731100400.apk@classes.dex with executable: 0
04-23 16:16:09.388    321    334 I artd:  OatFileAssistant test for existing oat file /data/dalvik-cache/arm64/data@user_de@0@com.google.android.gms@app_chimera@m@0000000b@dl-MlkitOcrCommon.optional_251731100400.apk@classes.dex: File /data/dalvik-cache/arm64/data@user_de@0@com.google.android.gms@app_chimera@m@0000000b@dl-MlkitOcrCommon.optional_251731100400.apk@classes.vdex does not exist.
04-23 16:16:09.388    321    334 I artd:  GetBestInfo checking odex next to the dex file (/data/user_de/0/com.google.android.gms/app_chimera/m/0000000b/oat/arm64/dl-MlkitOcrCommon.optional_251731100400.odex)
04-23 16:16:09.388    321    334 I artd:  Loading /data/user_de/0/com.google.android.gms/app_chimera/m/0000000b/oat/arm64/dl-MlkitOcrCommon.optional_251731100400.odex with executable: 0
04-23 16:16:09.388    321    334 I artd:  OatFileAssistant test for existing oat file /data/user_de/0/com.google.android.gms/app_chimera/m/0000000b/oat/arm64/dl-MlkitOcrCommon.optional_251731100400.odex: File /data/user_de/0/com.google.android.gms/app_chimera/m/0000000b/oat/arm64/dl-MlkitOcrCommon.optional_251731100400.vdex does not exist.
04-23 16:16:09.388    321    334 I artd:  GetBestInfo checking vdex in dalvik-cache (/data/dalvik-cache/arm64/data@user_de@0@com.google.android.gms@app_chimera@m@0000000b@dl-MlkitOcrCommon.optional_251731100400.apk@classes.vdex)
04-23 16:16:09.388    321    334 I artd:  unable to open vdex file /data/dalvik-cache/arm64/data@user_de@0@com.google.android.gms@app_chimera@m@0000000b@dl-MlkitOcrCommon.optional_251731100400.apk@classes.vdex: File /data/dalvik-cache/arm64/data@user_de@0@com.google.android.gms@app_chimera@m@0000000b@dl-MlkitOcrCommon.optional_251731100400.apk@classes.vdex does not exist.
04-23 16:16:09.388    321    334 I artd:  OatFileAssistant test for existing oat file /data/dalvik-cache/arm64/data@user_de@0@com.google.android.gms@app_chimera@m@0000000b@dl-MlkitOcrCommon.optional_251731100400.apk@classes.vdex: File /data/dalvik-cache/arm64/data@user_de@0@com.google.android.gms@app_chimera@m@0000000b@dl-MlkitOcrCommon.optional_251731100400.apk@classes.vdex does not exist.
04-23 16:16:09.388    321    334 I artd:  GetBestInfo checking vdex next to the dex file (/data/user_de/0/com.google.android.gms/app_chimera/m/0000000b/oat/arm64/dl-MlkitOcrCommon.optional_251731100400.vdex)
04-23 16:16:09.388    321    334 I artd:  unable to open vdex file /data/user_de/0/com.google.android.gms/app_chimera/m/0000000b/oat/arm64/dl-MlkitOcrCommon.optional_251731100400.vdex: File /data/user_de/0/com.google.android.gms/app_chimera/m/0000000b/oat/arm64/dl-MlkitOcrCommon.optional_251731100400.vdex does not exist.
04-23 16:16:09.388    321    334 I artd:  OatFileAssistant test for existing oat file /data/user_de/0/com.google.android.gms/app_chimera/m/0000000b/oat/arm64/dl-MlkitOcrCommon.optional_251731100400.vdex: File /data/user_de/0/com.google.android.gms/app_chimera/m/0000000b/oat/arm64/dl-MlkitOcrCommon.optional_251731100400.vdex does not exist.
04-23 16:16:09.388    321    334 I artd:  GetBestInfo checking dm (/data/user_de/0/com.google.android.gms/app_chimera/m/0000000b/dl-MlkitOcrCommon.optional_251731100400.dm)
04-23 16:16:09.388    321    334 W ziparchive:  Unable to open '/data/user_de/0/com.google.android.gms/app_chimera/m/0000000b/dl-MlkitOcrCommon.optional_251731100400.dm': No such file or directory
04-23 16:16:09.388    321    334 I artd:  OatFileAssistant test for existing oat file /data/user_de/0/com.google.android.gms/app_chimera/m/0000000b/dl-MlkitOcrCommon.optional_251731100400.dm: I/O error
04-23 16:16:09.388    321    334 I artd:  GetBestInfo checking dm (/data/user_de/0/com.google.android.gms/app_chimera/m/0000000b/dl-MlkitOcrCommon.optional_251731100400.dm)
04-23 16:16:09.388    321    334 W ziparchive:  Unable to open '/data/user_de/0/com.google.android.gms/app_chimera/m/0000000b/dl-MlkitOcrCommon.optional_251731100400.dm': No such file or directory
04-23 16:16:09.388    321    334 I artd:  OatFileAssistant test for existing oat file /data/user_de/0/com.google.android.gms/app_chimera/m/0000000b/dl-MlkitOcrCommon.optional_251731100400.dm: I/O error
04-23 16:16:09.388    321    334 I artd:  GetBestInfo no usable artifacts
04-23 16:16:09.389    321    329 I artd:  Dex parent of /data/user_de/0/com.google.android.gms/app_chimera/m/00000012/dl-MlkitOcrCommon.optional_261533100400.apk is not writable: Permission denied
04-23 16:16:09.389    321    329 I artd:  GetBestInfo checking odex in dalvik-cache (/data/dalvik-cache/arm64/data@user_de@0@com.google.android.gms@app_chimera@m@00000012@dl-MlkitOcrCommon.optional_261533100400.apk@classes.dex)
04-23 16:16:09.389    321    329 I artd:  Loading /data/dalvik-cache/arm64/data@user_de@0@com.google.android.gms@app_chimera@m@00000012@dl-MlkitOcrCommon.optional_261533100400.apk@classes.dex with executable: 0
04-23 16:16:09.389    321    329 I artd:  OatFileAssistant test for existing oat file /data/dalvik-cache/arm64/data@user_de@0@com.google.android.gms@app_chimera@m@00000012@dl-MlkitOcrCommon.optional_261533100400.apk@classes.dex: File /data/dalvik-cache/arm64/data@user_de@0@com.google.android.gms@app_chimera@m@00000012@dl-MlkitOcrCommon.optional_261533100400.apk@classes.vdex does not exist.
04-23 16:16:09.389    321    329 I artd:  GetBestInfo checking odex next to the dex file (/data/user_de/0/com.google.android.gms/app_chimera/m/00000012/oat/arm64/dl-MlkitOcrCommon.optional_261533100400.odex)
04-23 16:16:09.389    321    329 I artd:  Loading /data/user_de/0/com.google.android.gms/app_chimera/m/00000012/oat/arm64/dl-MlkitOcrCommon.optional_261533100400.odex with executable: 0
04-23 16:16:09.389    321    329 I artd:  OatFileAssistant test for existing oat file /data/user_de/0/com.google.android.gms/app_chimera/m/00000012/oat/arm64/dl-MlkitOcrCommon.optional_261533100400.odex: File /data/user_de/0/com.google.android.gms/app_chimera/m/00000012/oat/arm64/dl-MlkitOcrCommon.optional_261533100400.vdex does not exist.
04-23 16:16:09.389    321    329 I artd:  GetBestInfo checking vdex in dalvik-cache (/data/dalvik-cache/arm64/data@user_de@0@com.google.android.gms@app_chimera@m@00000012@dl-MlkitOcrCommon.optional_261533100400.apk@classes.vdex)
04-23 16:16:09.389    321    329 I artd:  unable to open vdex file /data/dalvik-cache/arm64/data@user_de@0@com.google.android.gms@app_chimera@m@00000012@dl-MlkitOcrCommon.optional_261533100400.apk@classes.vdex: File /data/dalvik-cache/arm64/data@user_de@0@com.google.android.gms@app_chimera@m@00000012@dl-MlkitOcrCommon.optional_261533100400.apk@classes.vdex does not exist.
04-23 16:16:09.389    321    329 I artd:  OatFileAssistant test for existing oat file /data/dalvik-cache/arm64/data@user_de@0@com.google.android.gms@app_chimera@m@00000012@dl-MlkitOcrCommon.optional_261533100400.apk@classes.vdex: File /data/dalvik-cache/arm64/data@user_de@0@com.google.android.gms@app_chimera@m@00000012@dl-MlkitOcrCommon.optional_261533100400.apk@classes.vdex does not exist.
04-23 16:16:09.389    321    329 I artd:  GetBestInfo checking vdex next to the dex file (/data/user_de/0/com.google.android.gms/app_chimera/m/00000012/oat/arm64/dl-MlkitOcrCommon.optional_261533100400.vdex)
04-23 16:16:09.389    321    329 I artd:  unable to open vdex file /data/user_de/0/com.google.android.gms/app_chimera/m/00000012/oat/arm64/dl-MlkitOcrCommon.optional_261533100400.vdex: File /data/user_de/0/com.google.android.gms/app_chimera/m/00000012/oat/arm64/dl-MlkitOcrCommon.optional_261533100400.vdex does not exist.
04-23 16:16:09.389    321    329 I artd:  OatFileAssistant test for existing oat file /data/user_de/0/com.google.android.gms/app_chimera/m/00000012/oat/arm64/dl-MlkitOcrCommon.optional_261533100400.vdex: File /data/user_de/0/com.google.android.gms/app_chimera/m/00000012/oat/arm64/dl-MlkitOcrCommon.optional_261533100400.vdex does not exist.
04-23 16:16:09.389    321    329 I artd:  GetBestInfo checking dm (/data/user_de/0/com.google.android.gms/app_chimera/m/00000012/dl-MlkitOcrCommon.optional_261533100400.dm)
04-23 16:16:09.389    321    329 W ziparchive:  Unable to open '/data/user_de/0/com.google.android.gms/app_chimera/m/00000012/dl-MlkitOcrCommon.optional_261533100400.dm': No such file or directory
04-23 16:16:09.389    321    329 I artd:  OatFileAssistant test for existing oat file /data/user_de/0/com.google.android.gms/app_chimera/m/00000012/dl-MlkitOcrCommon.optional_261533100400.dm: I/O error
04-23 16:16:09.389    321    329 I artd:  GetBestInfo checking dm (/data/user_de/0/com.google.android.gms/app_chimera/m/00000012/dl-MlkitOcrCommon.optional_261533100400.dm)
04-23 16:16:09.389    321    329 W ziparchive:  Unable to open '/data/user_de/0/com.google.android.gms/app_chimera/m/00000012/dl-MlkitOcrCommon.optional_261533100400.dm': No such file or directory
04-23 16:16:09.389    321    329 I artd:  OatFileAssistant test for existing oat file /data/user_de/0/com.google.android.gms/app_chimera/m/00000012/dl-MlkitOcrCommon.optional_261533100400.dm: I/O error
04-23 16:16:09.389    321    329 I artd:  GetBestInfo no usable artifacts
04-23 16:16:09.391    321    321 I artd:  Dex parent of /data/user_de/0/com.google.android.gms/app_chimera/m/00000009/dl-VisionOcr.optional_251731100000.apk is not writable: Permission denied
04-23 16:16:09.391    321    321 I artd:  GetBestInfo checking odex in dalvik-cache (/data/dalvik-cache/arm64/data@user_de@0@com.google.android.gms@app_chimera@m@00000009@dl-VisionOcr.optional_251731100000.apk@classes.dex)
04-23 16:16:09.391    321    321 I artd:  Loading /data/dalvik-cache/arm64/data@user_de@0@com.google.android.gms@app_chimera@m@00000009@dl-VisionOcr.optional_251731100000.apk@classes.dex with executable: 0
04-23 16:16:09.391    321    321 I artd:  OatFileAssistant test for existing oat file /data/dalvik-cache/arm64/data@user_de@0@com.google.android.gms@app_chimera@m@00000009@dl-VisionOcr.optional_251731100000.apk@classes.dex: File /data/dalvik-cache/arm64/data@user_de@0@com.google.android.gms@app_chimera@m@00000009@dl-VisionOcr.optional_251731100000.apk@classes.vdex does not exist.
04-23 16:16:09.391    321    321 I artd:  GetBestInfo checking odex next to the dex file (/data/user_de/0/com.google.android.gms/app_chimera/m/00000009/oat/arm64/dl-VisionOcr.optional_251731100000.odex)
04-23 16:16:09.391    321    321 I artd:  Loading /data/user_de/0/com.google.android.gms/app_chimera/m/00000009/oat/arm64/dl-VisionOcr.optional_251731100000.odex with executable: 0
04-23 16:16:09.391    321    321 I artd:  OatFileAssistant test for existing oat file /data/user_de/0/com.google.android.gms/app_chimera/m/00000009/oat/arm64/dl-VisionOcr.optional_251731100000.odex: File /data/user_de/0/com.google.android.gms/app_chimera/m/00000009/oat/arm64/dl-VisionOcr.optional_251731100000.vdex does not exist.
04-23 16:16:09.391    321    321 I artd:  GetBestInfo checking vdex in dalvik-cache (/data/dalvik-cache/arm64/data@user_de@0@com.google.android.gms@app_chimera@m@00000009@dl-VisionOcr.optional_251731100000.apk@classes.vdex)
04-23 16:16:09.391    321    321 I artd:  unable to open vdex file /data/dalvik-cache/arm64/data@user_de@0@com.google.android.gms@app_chimera@m@00000009@dl-VisionOcr.optional_251731100000.apk@classes.vdex: File /data/dalvik-cache/arm64/data@user_de@0@com.google.android.gms@app_chimera@m@00000009@dl-VisionOcr.optional_251731100000.apk@classes.vdex does not exist.
04-23 16:16:09.391    321    321 I artd:  OatFileAssistant test for existing oat file /data/dalvik-cache/arm64/data@user_de@0@com.google.android.gms@app_chimera@m@00000009@dl-VisionOcr.optional_251731100000.apk@classes.vdex: File /data/dalvik-cache/arm64/data@user_de@0@com.google.android.gms@app_chimera@m@00000009@dl-VisionOcr.optional_251731100000.apk@classes.vdex does not exist.
04-23 16:16:09.391    321    321 I artd:  GetBestInfo checking vdex next to the dex file (/data/user_de/0/com.google.android.gms/app_chimera/m/00000009/oat/arm64/dl-VisionOcr.optional_251731100000.vdex)
04-23 16:16:09.391    321    321 I artd:  unable to open vdex file /data/user_de/0/com.google.android.gms/app_chimera/m/00000009/oat/arm64/dl-VisionOcr.optional_251731100000.vdex: File /data/user_de/0/com.google.android.gms/app_chimera/m/00000009/oat/arm64/dl-VisionOcr.optional_251731100000.vdex does not exist.
04-23 16:16:09.391    321    321 I artd:  OatFileAssistant test for existing oat file /data/user_de/0/com.google.android.gms/app_chimera/m/00000009/oat/arm64/dl-VisionOcr.optional_251731100000.vdex: File /data/user_de/0/com.google.android.gms/app_chimera/m/00000009/oat/arm64/dl-VisionOcr.optional_251731100000.vdex does not exist.
04-23 16:16:09.391    321    321 I artd:  GetBestInfo checking dm (/data/user_de/0/com.google.android.gms/app_chimera/m/00000009/dl-VisionOcr.optional_251731100000.dm)
04-23 16:16:09.391    321    321 W ziparchive:  Unable to open '/data/user_de/0/com.google.android.gms/app_chimera/m/00000009/dl-VisionOcr.optional_251731100000.dm': No such file or directory
04-23 16:16:09.391    321    321 I artd:  OatFileAssistant test for existing oat file /data/user_de/0/com.google.android.gms/app_chimera/m/00000009/dl-VisionOcr.optional_251731100000.dm: I/O error
04-23 16:16:09.391    321    321 I artd:  GetBestInfo checking dm (/data/user_de/0/com.google.android.gms/app_chimera/m/00000009/dl-VisionOcr.optional_251731100000.dm)
04-23 16:16:09.391    321    321 W ziparchive:  Unable to open '/data/user_de/0/com.google.android.gms/app_chimera/m/00000009/dl-VisionOcr.optional_251731100000.dm': No such file or directory
04-23 16:16:09.391    321    321 I artd:  OatFileAssistant test for existing oat file /data/user_de/0/com.google.android.gms/app_chimera/m/00000009/dl-VisionOcr.optional_251731100000.dm: I/O error
04-23 16:16:09.391    321    321 I artd:  GetBestInfo no usable artifacts
04-23 16:16:09.392    321    328 I artd:  Dex parent of /data/user/0/com.google.android.gms/app_dg_cache/A8F89F306FD1BA172E06F6F2B9F79826D0309BB6/the.apk is not writable: Permission denied
04-23 16:16:09.392    321    328 I artd:  GetBestInfo checking odex in dalvik-cache (/data/dalvik-cache/arm64/data@user@0@com.google.android.gms@app_dg_cache@A8F89F306FD1BA172E06F6F2B9F79826D0309BB6@the.apk@classes.dex)
04-23 16:16:09.392    321    328 I artd:  Loading /data/dalvik-cache/arm64/data@user@0@com.google.android.gms@app_dg_cache@A8F89F306FD1BA172E06F6F2B9F79826D0309BB6@the.apk@classes.dex with executable: 0
04-23 16:16:09.392    321    328 I artd:  OatFileAssistant test for existing oat file /data/dalvik-cache/arm64/data@user@0@com.google.android.gms@app_dg_cache@A8F89F306FD1BA172E06F6F2B9F79826D0309BB6@the.apk@classes.dex: File /data/dalvik-cache/arm64/data@user@0@com.google.android.gms@app_dg_cache@A8F89F306FD1BA172E06F6F2B9F79826D0309BB6@the.apk@classes.vdex does not exist.
04-23 16:16:09.392    321    328 I artd:  GetBestInfo checking odex next to the dex file (/data/user/0/com.google.android.gms/app_dg_cache/A8F89F306FD1BA172E06F6F2B9F79826D0309BB6/oat/arm64/the.odex)
04-23 16:16:09.392    321    328 I artd:  Loading /data/user/0/com.google.android.gms/app_dg_cache/A8F89F306FD1BA172E06F6F2B9F79826D0309BB6/oat/arm64/the.odex with executable: 0
04-23 16:16:09.392    321    328 I artd:  OatFileAssistant test for existing oat file /data/user/0/com.google.android.gms/app_dg_cache/A8F89F306FD1BA172E06F6F2B9F79826D0309BB6/oat/arm64/the.odex: Failed to open oat filename for reading: No such file or directory
04-23 16:16:09.392    321    328 I artd:  GetBestInfo checking vdex in dalvik-cache (/data/dalvik-cache/arm64/data@user@0@com.google.android.gms@app_dg_cache@A8F89F306FD1BA172E06F6F2B9F79826D0309BB6@the.apk@classes.vdex)
04-23 16:16:09.392    321    328 I artd:  unable to open vdex file /data/dalvik-cache/arm64/data@user@0@com.google.android.gms@app_dg_cache@A8F89F306FD1BA172E06F6F2B9F79826D0309BB6@the.apk@classes.vdex: File /data/dalvik-cache/arm64/data@user@0@com.google.android.gms@app_dg_cache@A8F89F306FD1BA172E06F6F2B9F79826D0309BB6@the.apk@classes.vdex does not exist.
04-23 16:16:09.392    321    328 I artd:  OatFileAssistant test for existing oat file /data/dalvik-cache/arm64/data@user@0@com.google.android.gms@app_dg_cache@A8F89F306FD1BA172E06F6F2B9F79826D0309BB6@the.apk@classes.vdex: File /data/dalvik-cache/arm64/data@user@0@com.google.android.gms@app_dg_cache@A8F89F306FD1BA172E06F6F2B9F79826D0309BB6@the.apk@classes.vdex does not exist.
04-23 16:16:09.392    321    328 I artd:  GetBestInfo checking vdex next to the dex file (/data/user/0/com.google.android.gms/app_dg_cache/A8F89F306FD1BA172E06F6F2B9F79826D0309BB6/oat/arm64/the.vdex)
04-23 16:16:09.393    321    328 I artd:  Successfully loaded /data/user/0/com.google.android.gms/app_dg_cache/A8F89F306FD1BA172E06F6F2B9F79826D0309BB6/oat/arm64/the.vdex with executable: 0
04-23 16:16:09.393    321    328 I artd:  Image checksum test skipped for vdex file /data/user/0/com.google.android.gms/app_dg_cache/A8F89F306FD1BA172E06F6F2B9F79826D0309BB6/oat/arm64/the.vdex
04-23 16:16:09.393    321    328 I artd:  /data/user/0/com.google.android.gms/app_dg_cache/A8F89F306FD1BA172E06F6F2B9F79826D0309BB6/oat/arm64/the.vdex is kOatUpToDate with filter verify
04-23 16:16:09.394    321    321 I artd:  Dex parent of /data/user_de/0/com.google.android.gms/app_chimera/m/0000000e/dl-MlkitBarcodeUi.optional_251731100400.apk is not writable: Permission denied
04-23 16:16:09.394    321    321 I artd:  GetBestInfo checking odex in dalvik-cache (/data/dalvik-cache/arm64/data@user_de@0@com.google.android.gms@app_chimera@m@0000000e@dl-MlkitBarcodeUi.optional_251731100400.apk@classes.dex)
04-23 16:16:09.394    321    321 I artd:  Loading /data/dalvik-cache/arm64/data@user_de@0@com.google.android.gms@app_chimera@m@0000000e@dl-MlkitBarcodeUi.optional_251731100400.apk@classes.dex with executable: 0
04-23 16:16:09.394    321    321 I artd:  OatFileAssistant test for existing oat file /data/dalvik-cache/arm64/data@user_de@0@com.google.android.gms@app_chimera@m@0000000e@dl-MlkitBarcodeUi.optional_251731100400.apk@classes.dex: File /data/dalvik-cache/arm64/data@user_de@0@com.google.android.gms@app_chimera@m@0000000e@dl-MlkitBarcodeUi.optional_251731100400.apk@classes.vdex does not exist.
04-23 16:16:09.394    321    321 I artd:  GetBestInfo checking odex next to the dex file (/data/user_de/0/com.google.android.gms/app_chimera/m/0000000e/oat/arm64/dl-MlkitBarcodeUi.optional_251731100400.odex)
04-23 16:16:09.394    321    321 I artd:  Loading /data/user_de/0/com.google.android.gms/app_chimera/m/0000000e/oat/arm64/dl-MlkitBarcodeUi.optional_251731100400.odex with executable: 0
04-23 16:16:09.394    321    321 I artd:  OatFileAssistant test for existing oat file /data/user_de/0/com.google.android.gms/app_chimera/m/0000000e/oat/arm64/dl-MlkitBarcodeUi.optional_251731100400.odex: File /data/user_de/0/com.google.android.gms/app_chimera/m/0000000e/oat/arm64/dl-MlkitBarcodeUi.optional_251731100400.vdex does not exist.
04-23 16:16:09.394    321    321 I artd:  GetBestInfo checking vdex in dalvik-cache (/data/dalvik-cache/arm64/data@user_de@0@com.google.android.gms@app_chimera@m@0000000e@dl-MlkitBarcodeUi.optional_251731100400.apk@classes.vdex)
04-23 16:16:09.394    321    321 I artd:  unable to open vdex file /data/dalvik-cache/arm64/data@user_de@0@com.google.android.gms@app_chimera@m@0000000e@dl-MlkitBarcodeUi.optional_251731100400.apk@classes.vdex: File /data/dalvik-cache/arm64/data@user_de@0@com.google.android.gms@app_chimera@m@0000000e@dl-MlkitBarcodeUi.optional_251731100400.apk@classes.vdex does not exist.
04-23 16:16:09.394    321    321 I artd:  OatFileAssistant test for existing oat file /data/dalvik-cache/arm64/data@user_de@0@com.google.android.gms@app_chimera@m@0000000e@dl-MlkitBarcodeUi.optional_251731100400.apk@classes.vdex: File /data/dalvik-cache/arm64/data@user_de@0@com.google.android.gms@app_chimera@m@0000000e@dl-MlkitBarcodeUi.optional_251731100400.apk@classes.vdex does not exist.
04-23 16:16:09.394    321    321 I artd:  GetBestInfo checking vdex next to the dex file (/data/user_de/0/com.google.android.gms/app_chimera/m/0000000e/oat/arm64/dl-MlkitBarcodeUi.optional_251731100400.vdex)
04-23 16:16:09.394    321    321 I artd:  unable to open vdex file /data/user_de/0/com.google.android.gms/app_chimera/m/0000000e/oat/arm64/dl-MlkitBarcodeUi.optional_251731100400.vdex: File /data/user_de/0/com.google.android.gms/app_chimera/m/0000000e/oat/arm64/dl-MlkitBarcodeUi.optional_251731100400.vdex does not exist.
04-23 16:16:09.394    321    321 I artd:  OatFileAssistant test for existing oat file /data/user_de/0/com.google.android.gms/app_chimera/m/0000000e/oat/arm64/dl-MlkitBarcodeUi.optional_251731100400.vdex: File /data/user_de/0/com.google.android.gms/app_chimera/m/0000000e/oat/arm64/dl-MlkitBarcodeUi.optional_251731100400.vdex does not exist.
04-23 16:16:09.394    321    321 I artd:  GetBestInfo checking dm (/data/user_de/0/com.google.android.gms/app_chimera/m/0000000e/dl-MlkitBarcodeUi.optional_251731100400.dm)
04-23 16:16:09.394    321    321 W ziparchive:  Unable to open '/data/user_de/0/com.google.android.gms/app_chimera/m/0000000e/dl-MlkitBarcodeUi.optional_251731100400.dm': No such file or directory
04-23 16:16:09.394    321    321 I artd:  OatFileAssistant test for existing oat file /data/user_de/0/com.google.android.gms/app_chimera/m/0000000e/dl-MlkitBarcodeUi.optional_251731100400.dm: I/O error
04-23 16:16:09.394    321    321 I artd:  GetBestInfo checking dm (/data/user_de/0/com.google.android.gms/app_chimera/m/0000000e/dl-MlkitBarcodeUi.optional_251731100400.dm)
04-23 16:16:09.394    321    321 W ziparchive:  Unable to open '/data/user_de/0/com.google.android.gms/app_chimera/m/0000000e/dl-MlkitBarcodeUi.optional_251731100400.dm': No such file or directory
04-23 16:16:09.394    321    321 I artd:  OatFileAssistant test for existing oat file /data/user_de/0/com.google.android.gms/app_chimera/m/0000000e/dl-MlkitBarcodeUi.optional_251731100400.dm: I/O error
04-23 16:16:09.394    321    321 I artd:  GetBestInfo no usable artifacts
04-23 16:16:09.396    321    334 I artd:  Dex parent of /data/user_de/0/com.google.android.gms/app_chimera/m/00000016/dl-Appsearch.optional_261533100400.apk is not writable: Permission denied
04-23 16:16:09.396    321    334 I artd:  GetBestInfo checking odex in dalvik-cache (/data/dalvik-cache/arm64/data@user_de@0@com.google.android.gms@app_chimera@m@00000016@dl-Appsearch.optional_261533100400.apk@classes.dex)
04-23 16:16:09.396    321    334 I artd:  Loading /data/dalvik-cache/arm64/data@user_de@0@com.google.android.gms@app_chimera@m@00000016@dl-Appsearch.optional_261533100400.apk@classes.dex with executable: 0
04-23 16:16:09.396    321    334 I artd:  OatFileAssistant test for existing oat file /data/dalvik-cache/arm64/data@user_de@0@com.google.android.gms@app_chimera@m@00000016@dl-Appsearch.optional_261533100400.apk@classes.dex: File /data/dalvik-cache/arm64/data@user_de@0@com.google.android.gms@app_chimera@m@00000016@dl-Appsearch.optional_261533100400.apk@classes.vdex does not exist.
04-23 16:16:09.396    321    334 I artd:  GetBestInfo checking odex next to the dex file (/data/user_de/0/com.google.android.gms/app_chimera/m/00000016/oat/arm64/dl-Appsearch.optional_261533100400.odex)
04-23 16:16:09.396    321    334 I artd:  Loading /data/user_de/0/com.google.android.gms/app_chimera/m/00000016/oat/arm64/dl-Appsearch.optional_261533100400.odex with executable: 0
04-23 16:16:09.396    321    334 I artd:  OatFileAssistant test for existing oat file /data/user_de/0/com.google.android.gms/app_chimera/m/00000016/oat/arm64/dl-Appsearch.optional_261533100400.odex: File /data/user_de/0/com.google.android.gms/app_chimera/m/00000016/oat/arm64/dl-Appsearch.optional_261533100400.vdex does not exist.
04-23 16:16:09.396    321    334 I artd:  GetBestInfo checking vdex in dalvik-cache (/data/dalvik-cache/arm64/data@user_de@0@com.google.android.gms@app_chimera@m@00000016@dl-Appsearch.optional_261533100400.apk@classes.vdex)
04-23 16:16:09.396    321    334 I artd:  unable to open vdex file /data/dalvik-cache/arm64/data@user_de@0@com.google.android.gms@app_chimera@m@00000016@dl-Appsearch.optional_261533100400.apk@classes.vdex: File /data/dalvik-cache/arm64/data@user_de@0@com.google.android.gms@app_chimera@m@00000016@dl-Appsearch.optional_261533100400.apk@classes.vdex does not exist.
04-23 16:16:09.396    321    334 I artd:  OatFileAssistant test for existing oat file /data/dalvik-cache/arm64/data@user_de@0@com.google.android.gms@app_chimera@m@00000016@dl-Appsearch.optional_261533100400.apk@classes.vdex: File /data/dalvik-cache/arm64/data@user_de@0@com.google.android.gms@app_chimera@m@00000016@dl-Appsearch.optional_261533100400.apk@classes.vdex does not exist.
04-23 16:16:09.396    321    334 I artd:  GetBestInfo checking vdex next to the dex file (/data/user_de/0/com.google.android.gms/app_chimera/m/00000016/oat/arm64/dl-Appsearch.optional_261533100400.vdex)
04-23 16:16:09.396    321    334 I artd:  unable to open vdex file /data/user_de/0/com.google.android.gms/app_chimera/m/00000016/oat/arm64/dl-Appsearch.optional_261533100400.vdex: File /data/user_de/0/com.google.android.gms/app_chimera/m/00000016/oat/arm64/dl-Appsearch.optional_261533100400.vdex does not exist.
04-23 16:16:09.396    321    334 I artd:  OatFileAssistant test for existing oat file /data/user_de/0/com.google.android.gms/app_chimera/m/00000016/oat/arm64/dl-Appsearch.optional_261533100400.vdex: File /data/user_de/0/com.google.android.gms/app_chimera/m/00000016/oat/arm64/dl-Appsearch.optional_261533100400.vdex does not exist.
04-23 16:16:09.396    321    334 I artd:  GetBestInfo checking dm (/data/user_de/0/com.google.android.gms/app_chimera/m/00000016/dl-Appsearch.optional_261533100400.dm)
04-23 16:16:09.396    321    334 W ziparchive:  Unable to open '/data/user_de/0/com.google.android.gms/app_chimera/m/00000016/dl-Appsearch.optional_261533100400.dm': No such file or directory
04-23 16:16:09.396    321    334 I artd:  OatFileAssistant test for existing oat file /data/user_de/0/com.google.android.gms/app_chimera/m/00000016/dl-Appsearch.optional_261533100400.dm: I/O error
04-23 16:16:09.396    321    334 I artd:  GetBestInfo checking dm (/data/user_de/0/com.google.android.gms/app_chimera/m/00000016/dl-Appsearch.optional_261533100400.dm)
04-23 16:16:09.396    321    334 W ziparchive:  Unable to open '/data/user_de/0/com.google.android.gms/app_chimera/m/00000016/dl-Appsearch.optional_261533100400.dm': No such file or directory
04-23 16:16:09.396    321    334 I artd:  OatFileAssistant test for existing oat file /data/user_de/0/com.google.android.gms/app_chimera/m/00000016/dl-Appsearch.optional_261533100400.dm: I/O error
04-23 16:16:09.396    321    334 I artd:  GetBestInfo no usable artifacts
04-23 16:16:09.398    321    321 I artd:  Dex parent of /data/user_de/0/com.google.android.gms/app_chimera/m/00000013/dl-MlkitBarcodeUi.optional_261533100400.apk is not writable: Permission denied
04-23 16:16:09.398    321    321 I artd:  GetBestInfo checking odex in dalvik-cache (/data/dalvik-cache/arm64/data@user_de@0@com.google.android.gms@app_chimera@m@00000013@dl-MlkitBarcodeUi.optional_261533100400.apk@classes.dex)
04-23 16:16:09.398    321    321 I artd:  Loading /data/dalvik-cache/arm64/data@user_de@0@com.google.android.gms@app_chimera@m@00000013@dl-MlkitBarcodeUi.optional_261533100400.apk@classes.dex with executable: 0
04-23 16:16:09.398    321    321 I artd:  OatFileAssistant test for existing oat file /data/dalvik-cache/arm64/data@user_de@0@com.google.android.gms@app_chimera@m@00000013@dl-MlkitBarcodeUi.optional_261533100400.apk@classes.dex: File /data/dalvik-cache/arm64/data@user_de@0@com.google.android.gms@app_chimera@m@00000013@dl-MlkitBarcodeUi.optional_261533100400.apk@classes.vdex does not exist.
04-23 16:16:09.398    321    321 I artd:  GetBestInfo checking odex next to the dex file (/data/user_de/0/com.google.android.gms/app_chimera/m/00000013/oat/arm64/dl-MlkitBarcodeUi.optional_261533100400.odex)
04-23 16:16:09.398    321    321 I artd:  Loading /data/user_de/0/com.google.android.gms/app_chimera/m/00000013/oat/arm64/dl-MlkitBarcodeUi.optional_261533100400.odex with executable: 0
04-23 16:16:09.398    321    321 I artd:  OatFileAssistant test for existing oat file /data/user_de/0/com.google.android.gms/app_chimera/m/00000013/oat/arm64/dl-MlkitBarcodeUi.optional_261533100400.odex: File /data/user_de/0/com.google.android.gms/app_chimera/m/00000013/oat/arm64/dl-MlkitBarcodeUi.optional_261533100400.vdex does not exist.
04-23 16:16:09.398    321    321 I artd:  GetBestInfo checking vdex in dalvik-cache (/data/dalvik-cache/arm64/data@user_de@0@com.google.android.gms@app_chimera@m@00000013@dl-MlkitBarcodeUi.optional_261533100400.apk@classes.vdex)
04-23 16:16:09.398    321    321 I artd:  unable to open vdex file /data/dalvik-cache/arm64/data@user_de@0@com.google.android.gms@app_chimera@m@00000013@dl-MlkitBarcodeUi.optional_261533100400.apk@classes.vdex: File /data/dalvik-cache/arm64/data@user_de@0@com.google.android.gms@app_chimera@m@00000013@dl-MlkitBarcodeUi.optional_261533100400.apk@classes.vdex does not exist.
04-23 16:16:09.398    321    321 I artd:  OatFileAssistant test for existing oat file /data/dalvik-cache/arm64/data@user_de@0@com.google.android.gms@app_chimera@m@00000013@dl-MlkitBarcodeUi.optional_261533100400.apk@classes.vdex: File /data/dalvik-cache/arm64/data@user_de@0@com.google.android.gms@app_chimera@m@00000013@dl-MlkitBarcodeUi.optional_261533100400.apk@classes.vdex does not exist.
04-23 16:16:09.398    321    321 I artd:  GetBestInfo checking vdex next to the dex file (/data/user_de/0/com.google.android.gms/app_chimera/m/00000013/oat/arm64/dl-MlkitBarcodeUi.optional_261533100400.vdex)
04-23 16:16:09.398    321    321 I artd:  unable to open vdex file /data/user_de/0/com.google.android.gms/app_chimera/m/00000013/oat/arm64/dl-MlkitBarcodeUi.optional_261533100400.vdex: File /data/user_de/0/com.google.android.gms/app_chimera/m/00000013/oat/arm64/dl-MlkitBarcodeUi.optional_261533100400.vdex does not exist.
04-23 16:16:09.398    321    321 I artd:  OatFileAssistant test for existing oat file /data/user_de/0/com.google.android.gms/app_chimera/m/00000013/oat/arm64/dl-MlkitBarcodeUi.optional_261533100400.vdex: File /data/user_de/0/com.google.android.gms/app_chimera/m/00000013/oat/arm64/dl-MlkitBarcodeUi.optional_261533100400.vdex does not exist.
04-23 16:16:09.398    321    321 I artd:  GetBestInfo checking dm (/data/user_de/0/com.google.android.gms/app_chimera/m/00000013/dl-MlkitBarcodeUi.optional_261533100400.dm)
04-23 16:16:09.398    321    321 W ziparchive:  Unable to open '/data/user_de/0/com.google.android.gms/app_chimera/m/00000013/dl-MlkitBarcodeUi.optional_261533100400.dm': No such file or directory
04-23 16:16:09.398    321    321 I artd:  OatFileAssistant test for existing oat file /data/user_de/0/com.google.android.gms/app_chimera/m/00000013/dl-MlkitBarcodeUi.optional_261533100400.dm: I/O error
04-23 16:16:09.398    321    321 I artd:  GetBestInfo checking dm (/data/user_de/0/com.google.android.gms/app_chimera/m/00000013/dl-MlkitBarcodeUi.optional_261533100400.dm)
04-23 16:16:09.398    321    321 W ziparchive:  Unable to open '/data/user_de/0/com.google.android.gms/app_chimera/m/00000013/dl-MlkitBarcodeUi.optional_261533100400.dm': No such file or directory
04-23 16:16:09.398    321    321 I artd:  OatFileAssistant test for existing oat file /data/user_de/0/com.google.android.gms/app_chimera/m/00000013/dl-MlkitBarcodeUi.optional_261533100400.dm: I/O error
04-23 16:16:09.398    321    321 I artd:  GetBestInfo no usable artifacts
04-23 16:16:09.399    321    334 I artd:  Dex parent of /data/user_de/0/com.google.android.gms/app_chimera/m/00000014/dl-VisionOcr.optional_261533100000.apk is not writable: Permission denied
04-23 16:16:09.399    321    334 I artd:  GetBestInfo checking odex in dalvik-cache (/data/dalvik-cache/arm64/data@user_de@0@com.google.android.gms@app_chimera@m@00000014@dl-VisionOcr.optional_261533100000.apk@classes.dex)
04-23 16:16:09.399    321    334 I artd:  Loading /data/dalvik-cache/arm64/data@user_de@0@com.google.android.gms@app_chimera@m@00000014@dl-VisionOcr.optional_261533100000.apk@classes.dex with executable: 0
04-23 16:16:09.399    321    334 I artd:  OatFileAssistant test for existing oat file /data/dalvik-cache/arm64/data@user_de@0@com.google.android.gms@app_chimera@m@00000014@dl-VisionOcr.optional_261533100000.apk@classes.dex: File /data/dalvik-cache/arm64/data@user_de@0@com.google.android.gms@app_chimera@m@00000014@dl-VisionOcr.optional_261533100000.apk@classes.vdex does not exist.
04-23 16:16:09.399    321    334 I artd:  GetBestInfo checking odex next to the dex file (/data/user_de/0/com.google.android.gms/app_chimera/m/00000014/oat/arm64/dl-VisionOcr.optional_261533100000.odex)
04-23 16:16:09.399    321    334 I artd:  Loading /data/user_de/0/com.google.android.gms/app_chimera/m/00000014/oat/arm64/dl-VisionOcr.optional_261533100000.odex with executable: 0
04-23 16:16:09.399    321    334 I artd:  OatFileAssistant test for existing oat file /data/user_de/0/com.google.android.gms/app_chimera/m/00000014/oat/arm64/dl-VisionOcr.optional_261533100000.odex: File /data/user_de/0/com.google.android.gms/app_chimera/m/00000014/oat/arm64/dl-VisionOcr.optional_261533100000.vdex does not exist.
04-23 16:16:09.399    321    334 I artd:  GetBestInfo checking vdex in dalvik-cache (/data/dalvik-cache/arm64/data@user_de@0@com.google.android.gms@app_chimera@m@00000014@dl-VisionOcr.optional_261533100000.apk@classes.vdex)
04-23 16:16:09.399    321    334 I artd:  unable to open vdex file /data/dalvik-cache/arm64/data@user_de@0@com.google.android.gms@app_chimera@m@00000014@dl-VisionOcr.optional_261533100000.apk@classes.vdex: File /data/dalvik-cache/arm64/data@user_de@0@com.google.android.gms@app_chimera@m@00000014@dl-VisionOcr.optional_261533100000.apk@classes.vdex does not exist.
04-23 16:16:09.399    321    334 I artd:  OatFileAssistant test for existing oat file /data/dalvik-cache/arm64/data@user_de@0@com.google.android.gms@app_chimera@m@00000014@dl-VisionOcr.optional_261533100000.apk@classes.vdex: File /data/dalvik-cache/arm64/data@user_de@0@com.google.android.gms@app_chimera@m@00000014@dl-VisionOcr.optional_261533100000.apk@classes.vdex does not exist.
04-23 16:16:09.399    321    334 I artd:  GetBestInfo checking vdex next to the dex file (/data/user_de/0/com.google.android.gms/app_chimera/m/00000014/oat/arm64/dl-VisionOcr.optional_261533100000.vdex)
04-23 16:16:09.399    321    334 I artd:  unable to open vdex file /data/user_de/0/com.google.android.gms/app_chimera/m/00000014/oat/arm64/dl-VisionOcr.optional_261533100000.vdex: File /data/user_de/0/com.google.android.gms/app_chimera/m/00000014/oat/arm64/dl-VisionOcr.optional_261533100000.vdex does not exist.
04-23 16:16:09.399    321    334 I artd:  OatFileAssistant test for existing oat file /data/user_de/0/com.google.android.gms/app_chimera/m/00000014/oat/arm64/dl-VisionOcr.optional_261533100000.vdex: File /data/user_de/0/com.google.android.gms/app_chimera/m/00000014/oat/arm64/dl-VisionOcr.optional_261533100000.vdex does not exist.
04-23 16:16:09.399    321    334 I artd:  GetBestInfo checking dm (/data/user_de/0/com.google.android.gms/app_chimera/m/00000014/dl-VisionOcr.optional_261533100000.dm)
04-23 16:16:09.400    321    334 W ziparchive:  Unable to open '/data/user_de/0/com.google.android.gms/app_chimera/m/00000014/dl-VisionOcr.optional_261533100000.dm': No such file or directory
04-23 16:16:09.400    321    334 I artd:  OatFileAssistant test for existing oat file /data/user_de/0/com.google.android.gms/app_chimera/m/00000014/dl-VisionOcr.optional_261533100000.dm: I/O error
04-23 16:16:09.400    321    334 I artd:  GetBestInfo checking dm (/data/user_de/0/com.google.android.gms/app_chimera/m/00000014/dl-VisionOcr.optional_261533100000.dm)
04-23 16:16:09.400    321    334 W ziparchive:  Unable to open '/data/user_de/0/com.google.android.gms/app_chimera/m/00000014/dl-VisionOcr.optional_261533100000.dm': No such file or directory
04-23 16:16:09.400    321    334 I artd:  OatFileAssistant test for existing oat file /data/user_de/0/com.google.android.gms/app_chimera/m/00000014/dl-VisionOcr.optional_261533100000.dm: I/O error
04-23 16:16:09.400    321    334 I artd:  GetBestInfo no usable artifacts
04-23 16:16:09.401    321    329 I artd:  Dex parent of /data/user_de/0/com.google.android.gms/app_chimera/m/00000015/dl-PlayCloudSearch.optional_261533100000.apk is not writable: Permission denied
04-23 16:16:09.401    321    329 I artd:  GetBestInfo checking odex in dalvik-cache (/data/dalvik-cache/arm64/data@user_de@0@com.google.android.gms@app_chimera@m@00000015@dl-PlayCloudSearch.optional_261533100000.apk@classes.dex)
04-23 16:16:09.401    321    329 I artd:  Loading /data/dalvik-cache/arm64/data@user_de@0@com.google.android.gms@app_chimera@m@00000015@dl-PlayCloudSearch.optional_261533100000.apk@classes.dex with executable: 0
04-23 16:16:09.401    321    329 I artd:  OatFileAssistant test for existing oat file /data/dalvik-cache/arm64/data@user_de@0@com.google.android.gms@app_chimera@m@00000015@dl-PlayCloudSearch.optional_261533100000.apk@classes.dex: File /data/dalvik-cache/arm64/data@user_de@0@com.google.android.gms@app_chimera@m@00000015@dl-PlayCloudSearch.optional_261533100000.apk@classes.vdex does not exist.
04-23 16:16:09.401    321    329 I artd:  GetBestInfo checking odex next to the dex file (/data/user_de/0/com.google.android.gms/app_chimera/m/00000015/oat/arm64/dl-PlayCloudSearch.optional_261533100000.odex)
04-23 16:16:09.401    321    329 I artd:  Loading /data/user_de/0/com.google.android.gms/app_chimera/m/00000015/oat/arm64/dl-PlayCloudSearch.optional_261533100000.odex with executable: 0
04-23 16:16:09.401    321    329 I artd:  OatFileAssistant test for existing oat file /data/user_de/0/com.google.android.gms/app_chimera/m/00000015/oat/arm64/dl-PlayCloudSearch.optional_261533100000.odex: File /data/user_de/0/com.google.android.gms/app_chimera/m/00000015/oat/arm64/dl-PlayCloudSearch.optional_261533100000.vdex does not exist.
04-23 16:16:09.401    321    329 I artd:  GetBestInfo checking vdex in dalvik-cache (/data/dalvik-cache/arm64/data@user_de@0@com.google.android.gms@app_chimera@m@00000015@dl-PlayCloudSearch.optional_261533100000.apk@classes.vdex)
04-23 16:16:09.401    321    329 I artd:  unable to open vdex file /data/dalvik-cache/arm64/data@user_de@0@com.google.android.gms@app_chimera@m@00000015@dl-PlayCloudSearch.optional_261533100000.apk@classes.vdex: File /data/dalvik-cache/arm64/data@user_de@0@com.google.android.gms@app_chimera@m@00000015@dl-PlayCloudSearch.optional_261533100000.apk@classes.vdex does not exist.
04-23 16:16:09.401    321    329 I artd:  OatFileAssistant test for existing oat file /data/dalvik-cache/arm64/data@user_de@0@com.google.android.gms@app_chimera@m@00000015@dl-PlayCloudSearch.optional_261533100000.apk@classes.vdex: File /data/dalvik-cache/arm64/data@user_de@0@com.google.android.gms@app_chimera@m@00000015@dl-PlayCloudSearch.optional_261533100000.apk@classes.vdex does not exist.
04-23 16:16:09.401    321    329 I artd:  GetBestInfo checking vdex next to the dex file (/data/user_de/0/com.google.android.gms/app_chimera/m/00000015/oat/arm64/dl-PlayCloudSearch.optional_261533100000.vdex)
04-23 16:16:09.401    321    329 I artd:  unable to open vdex file /data/user_de/0/com.google.android.gms/app_chimera/m/00000015/oat/arm64/dl-PlayCloudSearch.optional_261533100000.vdex: File /data/user_de/0/com.google.android.gms/app_chimera/m/00000015/oat/arm64/dl-PlayCloudSearch.optional_261533100000.vdex does not exist.
04-23 16:16:09.401    321    329 I artd:  OatFileAssistant test for existing oat file /data/user_de/0/com.google.android.gms/app_chimera/m/00000015/oat/arm64/dl-PlayCloudSearch.optional_261533100000.vdex: File /data/user_de/0/com.google.android.gms/app_chimera/m/00000015/oat/arm64/dl-PlayCloudSearch.optional_261533100000.vdex does not exist.
04-23 16:16:09.401    321    329 I artd:  GetBestInfo checking dm (/data/user_de/0/com.google.android.gms/app_chimera/m/00000015/dl-PlayCloudSearch.optional_261533100000.dm)
04-23 16:16:09.401    321    329 W ziparchive:  Unable to open '/data/user_de/0/com.google.android.gms/app_chimera/m/00000015/dl-PlayCloudSearch.optional_261533100000.dm': No such file or directory
04-23 16:16:09.401    321    329 I artd:  OatFileAssistant test for existing oat file /data/user_de/0/com.google.android.gms/app_chimera/m/00000015/dl-PlayCloudSearch.optional_261533100000.dm: I/O error
04-23 16:16:09.401    321    329 I artd:  GetBestInfo checking dm (/data/user_de/0/com.google.android.gms/app_chimera/m/00000015/dl-PlayCloudSearch.optional_261533100000.dm)
04-23 16:16:09.401    321    329 W ziparchive:  Unable to open '/data/user_de/0/com.google.android.gms/app_chimera/m/00000015/dl-PlayCloudSearch.optional_261533100000.dm': No such file or directory
04-23 16:16:09.401    321    329 I artd:  OatFileAssistant test for existing oat file /data/user_de/0/com.google.android.gms/app_chimera/m/00000015/dl-PlayCloudSearch.optional_261533100000.dm: I/O error
04-23 16:16:09.401    321    329 I artd:  GetBestInfo no usable artifacts
04-23 16:16:09.401    321    329 I artd:  Dex parent of /data/user_de/0/com.google.android.gms/app_chimera/m/00000007/MeasurementDynamite.apk is not writable: No such file or directory
04-23 16:16:09.401    321    329 I artd:  GetBestInfo checking odex in dalvik-cache (/data/dalvik-cache/arm64/data@user_de@0@com.google.android.gms@app_chimera@m@00000007@MeasurementDynamite.apk@classes.dex)
04-23 16:16:09.401    321    329 I artd:  Loading /data/dalvik-cache/arm64/data@user_de@0@com.google.android.gms@app_chimera@m@00000007@MeasurementDynamite.apk@classes.dex with executable: 0
04-23 16:16:09.401    321    329 I artd:  OatFileAssistant test for existing oat file /data/dalvik-cache/arm64/data@user_de@0@com.google.android.gms@app_chimera@m@00000007@MeasurementDynamite.apk@classes.dex: File /data/dalvik-cache/arm64/data@user_de@0@com.google.android.gms@app_chimera@m@00000007@MeasurementDynamite.apk@classes.vdex does not exist.
04-23 16:16:09.401    321    329 I artd:  GetBestInfo checking odex next to the dex file (/data/user_de/0/com.google.android.gms/app_chimera/m/00000007/oat/arm64/MeasurementDynamite.odex)
04-23 16:16:09.401    321    329 I artd:  Loading /data/user_de/0/com.google.android.gms/app_chimera/m/00000007/oat/arm64/MeasurementDynamite.odex with executable: 0
04-23 16:16:09.401    321    329 I artd:  OatFileAssistant test for existing oat file /data/user_de/0/com.google.android.gms/app_chimera/m/00000007/oat/arm64/MeasurementDynamite.odex: File /data/user_de/0/com.google.android.gms/app_chimera/m/00000007/oat/arm64/MeasurementDynamite.vdex does not exist.
04-23 16:16:09.401    321    329 I artd:  GetBestInfo checking vdex in dalvik-cache (/data/dalvik-cache/arm64/data@user_de@0@com.google.android.gms@app_chimera@m@00000007@MeasurementDynamite.apk@classes.vdex)
04-23 16:16:09.401    321    329 I artd:  unable to open vdex file /data/dalvik-cache/arm64/data@user_de@0@com.google.android.gms@app_chimera@m@00000007@MeasurementDynamite.apk@classes.vdex: File /data/dalvik-cache/arm64/data@user_de@0@com.google.android.gms@app_chimera@m@00000007@MeasurementDynamite.apk@classes.vdex does not exist.
04-23 16:16:09.401    321    329 I artd:  OatFileAssistant test for existing oat file /data/dalvik-cache/arm64/data@user_de@0@com.google.android.gms@app_chimera@m@00000007@MeasurementDynamite.apk@classes.vdex: File /data/dalvik-cache/arm64/data@user_de@0@com.google.android.gms@app_chimera@m@00000007@MeasurementDynamite.apk@classes.vdex does not exist.
04-23 16:16:09.401    321    329 I artd:  GetBestInfo checking vdex next to the dex file (/data/user_de/0/com.google.android.gms/app_chimera/m/00000007/oat/arm64/MeasurementDynamite.vdex)
04-23 16:16:09.401    321    329 I artd:  unable to open vdex file /data/user_de/0/com.google.android.gms/app_chimera/m/00000007/oat/arm64/MeasurementDynamite.vdex: File /data/user_de/0/com.google.android.gms/app_chimera/m/00000007/oat/arm64/MeasurementDynamite.vdex does not exist.
04-23 16:16:09.401    321    329 I artd:  OatFileAssistant test for existing oat file /data/user_de/0/com.google.android.gms/app_chimera/m/00000007/oat/arm64/MeasurementDynamite.vdex: File /data/user_de/0/com.google.android.gms/app_chimera/m/00000007/oat/arm64/MeasurementDynamite.vdex does not exist.
04-23 16:16:09.401    321    329 I artd:  GetBestInfo checking dm (/data/user_de/0/com.google.android.gms/app_chimera/m/00000007/MeasurementDynamite.dm)
04-23 16:16:09.401    321    329 W ziparchive:  Unable to open '/data/user_de/0/com.google.android.gms/app_chimera/m/00000007/MeasurementDynamite.dm': No such file or directory
04-23 16:16:09.401    321    329 I artd:  OatFileAssistant test for existing oat file /data/user_de/0/com.google.android.gms/app_chimera/m/00000007/MeasurementDynamite.dm: I/O error
04-23 16:16:09.401    321    329 I artd:  GetBestInfo checking dm (/data/user_de/0/com.google.android.gms/app_chimera/m/00000007/MeasurementDynamite.dm)
04-23 16:16:09.401    321    329 W ziparchive:  Unable to open '/data/user_de/0/com.google.android.gms/app_chimera/m/00000007/MeasurementDynamite.dm': No such file or directory
04-23 16:16:09.401    321    329 I artd:  OatFileAssistant test for existing oat file /data/user_de/0/com.google.android.gms/app_chimera/m/00000007/MeasurementDynamite.dm: I/O error
04-23 16:16:09.401    321    329 I artd:  GetBestInfo no usable artifacts
04-23 16:16:09.402    321    329 I artd:  Dex parent of /data/user_de/0/com.google.android.gms/app_chimera/m/0000000a/dl-TfliteDynamiteDynamite.integ_252130102100400.apk is not writable: Permission denied
04-23 16:16:09.402    321    329 I artd:  GetBestInfo checking odex in dalvik-cache (/data/dalvik-cache/arm64/data@user_de@0@com.google.android.gms@app_chimera@m@0000000a@dl-TfliteDynamiteDynamite.integ_252130102100400.apk@classes.dex)
04-23 16:16:09.402    321    329 I artd:  Loading /data/dalvik-cache/arm64/data@user_de@0@com.google.android.gms@app_chimera@m@0000000a@dl-TfliteDynamiteDynamite.integ_252130102100400.apk@classes.dex with executable: 0
04-23 16:16:09.402    321    329 I artd:  OatFileAssistant test for existing oat file /data/dalvik-cache/arm64/data@user_de@0@com.google.android.gms@app_chimera@m@0000000a@dl-TfliteDynamiteDynamite.integ_252130102100400.apk@classes.dex: File /data/dalvik-cache/arm64/data@user_de@0@com.google.android.gms@app_chimera@m@0000000a@dl-TfliteDynamiteDynamite.integ_252130102100400.apk@classes.vdex does not exist.
04-23 16:16:09.402    321    329 I artd:  GetBestInfo checking odex next to the dex file (/data/user_de/0/com.google.android.gms/app_chimera/m/0000000a/oat/arm64/dl-TfliteDynamiteDynamite.integ_252130102100400.odex)
04-23 16:16:09.402    321    329 I artd:  Loading /data/user_de/0/com.google.android.gms/app_chimera/m/0000000a/oat/arm64/dl-TfliteDynamiteDynamite.integ_252130102100400.odex with executable: 0
04-23 16:16:09.402    321    329 I artd:  OatFileAssistant test for existing oat file /data/user_de/0/com.google.android.gms/app_chimera/m/0000000a/oat/arm64/dl-TfliteDynamiteDynamite.integ_252130102100400.odex: File /data/user_de/0/com.google.android.gms/app_chimera/m/0000000a/oat/arm64/dl-TfliteDynamiteDynamite.integ_252130102100400.vdex does not exist.
04-23 16:16:09.402    321    329 I artd:  GetBestInfo checking vdex in dalvik-cache (/data/dalvik-cache/arm64/data@user_de@0@com.google.android.gms@app_chimera@m@0000000a@dl-TfliteDynamiteDynamite.integ_252130102100400.apk@classes.vdex)
04-23 16:16:09.402    321    329 I artd:  unable to open vdex file /data/dalvik-cache/arm64/data@user_de@0@com.google.android.gms@app_chimera@m@0000000a@dl-TfliteDynamiteDynamite.integ_252130102100400.apk@classes.vdex: File /data/dalvik-cache/arm64/data@user_de@0@com.google.android.gms@app_chimera@m@0000000a@dl-TfliteDynamiteDynamite.integ_252130102100400.apk@classes.vdex does not exist.
04-23 16:16:09.402    321    329 I artd:  OatFileAssistant test for existing oat file /data/dalvik-cache/arm64/data@user_de@0@com.google.android.gms@app_chimera@m@0000000a@dl-TfliteDynamiteDynamite.integ_252130102100400.apk@classes.vdex: File /data/dalvik-cache/arm64/data@user_de@0@com.google.android.gms@app_chimera@m@0000000a@dl-TfliteDynamiteDynamite.integ_252130102100400.apk@classes.vdex does not exist.
04-23 16:16:09.402    321    329 I artd:  GetBestInfo checking vdex next to the dex file (/data/user_de/0/com.google.android.gms/app_chimera/m/0000000a/oat/arm64/dl-TfliteDynamiteDynamite.integ_252130102100400.vdex)
04-23 16:16:09.402    321    329 I artd:  unable to open vdex file /data/user_de/0/com.google.android.gms/app_chimera/m/0000000a/oat/arm64/dl-TfliteDynamiteDynamite.integ_252130102100400.vdex: File /data/user_de/0/com.google.android.gms/app_chimera/m/0000000a/oat/arm64/dl-TfliteDynamiteDynamite.integ_252130102100400.vdex does not exist.
04-23 16:16:09.403    321    329 I artd:  OatFileAssistant test for existing oat file /data/user_de/0/com.google.android.gms/app_chimera/m/0000000a/oat/arm64/dl-TfliteDynamiteDynamite.integ_252130102100400.vdex: File /data/user_de/0/com.google.android.gms/app_chimera/m/0000000a/oat/arm64/dl-TfliteDynamiteDynamite.integ_252130102100400.vdex does not exist.
04-23 16:16:09.403    321    329 I artd:  GetBestInfo checking dm (/data/user_de/0/com.google.android.gms/app_chimera/m/0000000a/dl-TfliteDynamiteDynamite.integ_252130102100400.dm)
04-23 16:16:09.403    321    329 W ziparchive:  Unable to open '/data/user_de/0/com.google.android.gms/app_chimera/m/0000000a/dl-TfliteDynamiteDynamite.integ_252130102100400.dm': No such file or directory
04-23 16:16:09.403    321    329 I artd:  OatFileAssistant test for existing oat file /data/user_de/0/com.google.android.gms/app_chimera/m/0000000a/dl-TfliteDynamiteDynamite.integ_252130102100400.dm: I/O error
04-23 16:16:09.403    321    329 I artd:  GetBestInfo checking dm (/data/user_de/0/com.google.android.gms/app_chimera/m/0000000a/dl-TfliteDynamiteDynamite.integ_252130102100400.dm)
04-23 16:16:09.403    321    329 W ziparchive:  Unable to open '/data/user_de/0/com.google.android.gms/app_chimera/m/0000000a/dl-TfliteDynamiteDynamite.integ_252130102100400.dm': No such file or directory
04-23 16:16:09.403    321    329 I artd:  OatFileAssistant test for existing oat file /data/user_de/0/com.google.android.gms/app_chimera/m/0000000a/dl-TfliteDynamiteDynamite.integ_252130102100400.dm: I/O error
04-23 16:16:09.403    321    329 I artd:  GetBestInfo no usable artifacts
04-23 16:16:09.570    950   1535 I sscrpcd:  vendor/qcom/proprietary/adsprpc/src/apps_std_imp.c:860: Successfully opened file /sys/class/power_supply/battery/current_now
04-23 16:16:09.669      1      1 I init:  starting service 'fs_sync'...
04-23 16:16:09.682      1      1 I init:  ... started service 'fs_sync' has pid 384
04-23 16:16:09.684    384    384 D fs_sync:  open dir error!
04-23 16:16:09.700      1      1 I init:  Service 'fs_sync' (pid 384) exited with status 1
04-23 16:16:09.700      1      1 I init:  Sending signal 9 to service 'fs_sync' (pid 384) process group...
04-23 16:16:09.702      1      1 I libprocessgroup:  Removed cgroup /sys/fs/cgroup/uid_0/pid_384
04-23 16:16:10.248   1300   1300 W healthd:  battery l=80 v=4029 t=27.1 h=2 st=4 c=0 fc=3125000 chg=a
04-23 16:16:10.379   1693   2289 D BufferPoolAccessor2.0:  evictor expired: 1, evicted: 0
04-23 16:16:10.570    950   1535 I sscrpcd:  vendor/qcom/proprietary/adsprpc/src/apps_std_imp.c:860: Successfully opened file /sys/class/power_supply/battery/current_now
04-23 16:16:10.682    497    497 W libc:  Access denied finding property "qemu.sf.lcd_density"
04-23 16:16:10.677    497    497 W getprop:  type=1400 audit(0.0:3081): avc:  denied  { read } for  name="u:object_r:qemu_sf_lcd_density_prop:s0" dev="tmpfs" ino=318 scontext=u:r:shell:s0 tcontext=u:object_r:qemu_sf_lcd_density_prop:s0 tclass=file permissive=0
04-23 16:16:11.060    527    527 W libc:  Access denied finding property "qemu.sf.lcd_density"
04-23 16:16:11.053    527    527 W getprop:  type=1400 audit(0.0:3082): avc:  denied  { read } for  name="u:object_r:qemu_sf_lcd_density_prop:s0" dev="tmpfs" ino=318 scontext=u:r:shell:s0 tcontext=u:object_r:qemu_sf_lcd_density_prop:s0 tclass=file permissive=0
04-23 16:16:11.199  32292  32292 I  :  [chg_fuzzy] (2/30) batt_curr_ext=0 - batt_temp_pmic=271 - batt_temp_ext=271
04-23 16:16:11.242   5148   5332 D DL-DevicePropertyManager:  getIMSI(slot=0): No active subscriptions found
04-23 16:16:11.244   5148   5332 D DL-DevicePropertyManager:  getIMSI(slot=1): No active subscriptions found
04-23 16:16:11.251   5148   5332 D DL-DevicePropertyManager.BaseConfigurationObserver:  updateConfigurationValues - {4456460=N/A, 4456461=N/A, 4456462=02:00:00:00:00:00, 4456458=N/A, 4456459=N/A}
04-23 16:16:11.251   5148   5332 D DL-ConfigurationManagerService:  onNotifyChanged - properties={DEVICE_LINE1_NUMBER=N/A, DEVICE_LINE2_NUMBER=N/A, DEVICE_ETHERNET_MAC_ADDRESS=02:00:00:00:00:00, DEVICE_SLOT1_IMSI=N/A, DEVICE_SLOT2_IMSI=N/A}
04-23 16:16:11.256   5148    548 D DL-ConfigurationManagerService:  onNotify - boot=false BEGIN
04-23 16:16:11.258   5148    548 D DL-ConfigurationManagerService:  onNotify - boot=false, property DEVICE_LINE1_NUMBER not found
04-23 16:16:11.259   5148    548 D DL-ConfigurationManagerService:  onNotify - boot=false, property DEVICE_LINE2_NUMBER not found
04-23 16:16:11.259   5148    548 D DL-ConfigurationManagerService:  onNotify - boot=false, property DEVICE_ETHERNET_MAC_ADDRESS=02:00:00:00:00:00, value not changed
04-23 16:16:11.259   5148    548 D DL-ConfigurationManagerService:  onNotify - boot=false, property DEVICE_SLOT1_IMSI not found
04-23 16:16:11.260   5148    548 D DL-ConfigurationManagerService:  onNotify - boot=false, property DEVICE_SLOT2_IMSI not found
04-23 16:16:11.260   5148    548 D DL-ConfigurationManagerService:  onNotify - boot=false END
04-23 16:16:11.282   1300   1300 W healthd:  battery l=80 v=4029 t=27.1 h=2 st=4 c=0 fc=3125000 chg=a
04-23 16:16:11.570    950   1535 I sscrpcd:  vendor/qcom/proprietary/adsprpc/src/apps_std_imp.c:860: Successfully opened file /sys/class/power_supply/battery/current_now
04-23 16:16:11.573   1348   1348 E WifiHAL:  handleResponse: OTHER_RX_MULTICAST_CNT not found
04-23 16:16:11.577   1619   1619 I CNSS:  EVENT_WLAN_LOG_COMPLETE event received Reason code 0	 indicator = 1	 ring_id = 0
04-23 16:16:11.577   1619   1619 I CNSS:  dumpinprogress is false already
04-23 16:16:11.577   1619   1619 I CNSS:  EVENT_WLAN_LOG_COMPLETE event received Reason code 0	 indicator = 1	 ring_id = 1
04-23 16:16:11.577   1619   1619 I CNSS:  dumpinprogress is false already
04-23 16:16:11.580   1619   1619 I CNSS:  EVENT_WLAN_LOG_COMPLETE event received Reason code 0	 indicator = 1	 ring_id = 3
04-23 16:16:11.580   1619   1619 I CNSS:  dumpinprogress is false already
04-23 16:16:11.580   1619   1619 I CNSS:  Failed to open /proc/ath_pktlog/cld file with error code = No such file or directory
04-23 16:16:11.580   1619   1619 I CNSS:  Failed to capture pktlog
04-23 16:16:11.581   1619   1619 I CNSS:  EVENT_WLAN_LOG_COMPLETE event received Reason code 0	 indicator = 1	 ring_id = 4
04-23 16:16:11.581   1619   1619 I CNSS:  dumpinprogress is false already
04-23 16:16:11.618    610    610 I logd:  logdr: UID=1000 GID=1000 PID=586 n tail=127 logMask=19 pid=0 start=0ns deadline=0ns
04-23 16:16:11.732    610    610 I logd:  logdr: UID=1000 GID=1000 PID=597 n tail=127 logMask=80 pid=0 start=0ns deadline=0ns
04-23 16:16:11.812   2096   2354 D ActivityManager:  freezing 22807 com.google.android.googlequicksearchbox:search
04-23 16:16:11.842   2096   3634 W LastMileLogger:  Failed to read event trace: /sys/kernel/debug/tracing/instances/wifi/trace
04-23 16:16:11.861    394    394 I servicemanager:  Caller(pid=2096,uid=1000,sid=u:r:system_server:s0) Could not find android.hardware.wifi.hostapd.IHostapd/default in the VINTF manifest. No alternative instances declared in VINTF.
04-23 16:16:11.849   2096   3634 I android_os_HwBinder:  HwBinder: Starting thread pool for getting: android.hidl.manager@1.0::IServiceManager/default
04-23 16:16:11.860   2096   3634 D WifiStaIfaceHidlImpl:  getCachedScanData is not implemented by HIDL
04-23 16:16:11.860   2096   3645 D InetDiagMessage:  Destroyed 0 sockets, proto=IPPROTO_TCP, family=AF_INET, states=14
04-23 16:16:11.862   2096   3645 D InetDiagMessage:  Destroyed 0 sockets, proto=IPPROTO_TCP, family=AF_INET6, states=14
04-23 16:16:11.862   2096   3645 D InetDiagMessage:  Destroyed live tcp sockets for uids={10146} in 3ms
04-23 16:16:11.863   2096   3645 D InetDiagMessage:  Destroyed 0 sockets, proto=IPPROTO_TCP, family=AF_INET, states=14
04-23 16:16:11.865   2096   3645 D InetDiagMessage:  Destroyed 0 sockets, proto=IPPROTO_TCP, family=AF_INET6, states=14
04-23 16:16:11.865   2096   3645 D InetDiagMessage:  Destroyed live tcp sockets for uids={20146} in 2ms
04-23 16:16:11.866   2096   3645 D InetDiagMessage:  Destroyed 0 sockets, proto=IPPROTO_TCP, family=AF_INET, states=14
04-23 16:16:11.868   2096   3645 D InetDiagMessage:  Destroyed 0 sockets, proto=IPPROTO_TCP, family=AF_INET6, states=14
04-23 16:16:11.868   2096   3645 D InetDiagMessage:  Destroyed live tcp sockets for uids={10116} in 3ms
04-23 16:16:11.870   2096   3645 D InetDiagMessage:  Destroyed 0 sockets, proto=IPPROTO_TCP, family=AF_INET, states=14
04-23 16:16:11.871   2096   3645 D InetDiagMessage:  Destroyed 0 sockets, proto=IPPROTO_TCP, family=AF_INET6, states=14
04-23 16:16:11.871   2096   3645 D InetDiagMessage:  Destroyed live tcp sockets for uids={20116} in 3ms
04-23 16:16:11.881   2096   2096 W CachedAppOptimi:  type=1400 audit(0.0:3083): avc:  denied  { write } for  dev="tmpfs" ino=3179 scontext=u:r:system_server:s0 tcontext=u:object_r:zygote_tmpfs:s0 tclass=file permissive=0
04-23 16:16:11.902   1348   1348 E WifiHAL:  handleResponse: OTHER_RX_MULTICAST_CNT not found
04-23 16:16:11.906   1619   1619 I CNSS:  EVENT_WLAN_LOG_COMPLETE event received Reason code 0	 indicator = 1	 ring_id = 0
04-23 16:16:11.906   1619   1619 I CNSS:  dumpinprogress is false already
04-23 16:16:11.907   1619   1619 I CNSS:  EVENT_WLAN_LOG_COMPLETE event received Reason code 0	 indicator = 1	 ring_id = 1
04-23 16:16:11.907   1619   1619 I CNSS:  dumpinprogress is false already
04-23 16:16:11.910   1619   1619 I CNSS:  EVENT_WLAN_LOG_COMPLETE event received Reason code 0	 indicator = 1	 ring_id = 3
04-23 16:16:11.910   1619   1619 I CNSS:  dumpinprogress is false already
04-23 16:16:11.910   1619   1619 I CNSS:  Failed to open /proc/ath_pktlog/cld file with error code = No such file or directory
04-23 16:16:11.910   1619   1619 I CNSS:  Failed to capture pktlog
04-23 16:16:11.911   1619   1619 I CNSS:  EVENT_WLAN_LOG_COMPLETE event received Reason code 0	 indicator = 1	 ring_id = 4
04-23 16:16:11.911   1619   1619 I CNSS:  dumpinprogress is false already
04-23 16:16:12.064   2096   2166 I system_server:  Background concurrent mark compact GC freed 23MB AllocSpace bytes, 35(1100KB) LOS objects, 43% free, 31MB/55MB, paused 749us,1.908ms total 127.081ms
